-- Note:
-- In this version, I have set "ON DELETE CASCADE" to all the referential integrity constraints
-- DROP SCHEMA IF EXISTS BTL_24_03_31;
-- CREATE SCHEMA BTL_24_03_31;

-- SET SQL_SAFE_UPDATES = 0; -- note this for allow to not use the safe mode on update
SET SQL_MODE = "NO_AUTO_VALUE_ON_ZERO";
START TRANSACTION; 
SET time_zone = "+00:00";
-- --------------------------------------------------------------------
CREATE TABLE `system_settings` (
  `id` int(30) NOT NULL,
  `name` text NOT NULL,
  `email` varchar(200) NOT NULL,
  `contact` varchar(20) NOT NULL,
  `address` text NOT NULL,
  `cover_img` text NOT NULL
);

--
-- Dumping data for table `system_settings`
--
INSERT INTO `system_settings` (`id`, `name`, `email`, `contact`, `address`, `cover_img`) VALUES
(1, 'Airport Management System', 'info@sample.comm', '+6123 4567 899', '123  ABC DEF, GHI, MNP, 123123', '');

--
-- Indexes for table `system_settings`
--
ALTER TABLE `system_settings`
  ADD PRIMARY KEY (`id`);
-- --------------------------------------------------------------------
CREATE TABLE `users` (
  `id` int(30) AUTO_INCREMENT,
  `firstname` varchar(200) NOT NULL,
  `lastname` varchar(200) NOT NULL,
  `email` varchar(200) NOT NULL,
  `password` text NOT NULL,
  `type` tinyint(1) NOT NULL DEFAULT 2 COMMENT '1 = admin, 2 = manager, 3 = employee',
  `avatar` text NOT NULL DEFAULT 'no-image-available.png',
  `date_created` datetime NOT NULL DEFAULT current_timestamp(),
  PRIMARY KEY (`id`)
) ENGINE=InnoDB DEFAULT CHARSET=utf8mb4;

--
-- Dumping data for table `users`
--

INSERT INTO `users` (`id`, `firstname`, `lastname`, `email`, `password`, `type`, `avatar`, `date_created`) VALUES
(1, 'Administrator', '', 'admin@admin.com', '0192023a7bbd73250516f069df18b500', 1, 'no-image-available.png', '2020-11-26 10:57:04'),
(2, 'John', 'Smith', 'jsmith@sample.com', '1254737c076cf867dc53d60a0364f38e', 2, '1606978560_avatar.jpg', '2020-12-03 09:26:03');

--
-- Indexes for table `users`
--
-- ALTER TABLE `users`
--   ADD PRIMARY KEY (`id`);
-- --------------------------------------------------------------------

-- --------------------------------------------------------------------
-- Note:
-- In this version, I have set "ON DELETE CASCADE" to all the referential integrity constraints

-- NOTE 31/03/2024:
-- 1. thêm att. City vào Airport
-- 2. thêm att. Country vào Airline
-- 4. thay att. weight của Model thành MaxSpeed (tao ko có data của weight), đơn vị km/h, dạng float
-- 5. đã sửa capacity của Model là INT (Số hành khách)
-- 6. đã sửa ownerid của owner thành int auto_increment
-- 7. sửa route char(6) thành char(7)
-- --------------------------------------------------------------------
CREATE TABLE Employee
(
    SSN    CHAR(10),
    Fname  VARCHAR(50),
    Minit  CHAR(2),
    Lname  VARCHAR(50),
    Salary FLOAT,
    Phone  CHAR(10),
    DOB    DATE,
    Sex    ENUM ('F', 'M'),
    PRIMARY KEY (SSN)
);

CREATE TABLE Supervision
(
    SSN      CHAR(10),
    SuperSSN CHAR(10),
    PRIMARY KEY (SSN),
    FOREIGN KEY (SSN) REFERENCES Employee (SSN) ON DELETE CASCADE ON UPDATE CASCADE,
    FOREIGN KEY (SuperSSN) REFERENCES Employee (SSN) ON DELETE CASCADE ON UPDATE CASCADE
);

CREATE TABLE Employee_Address
(
    SSN      CHAR(10),
    Street   VARCHAR(50),
    City     VARCHAR(50),
    District VARCHAR(50),
    PRIMARY KEY (SSN, Street, City, District),
    FOREIGN KEY (SSN) REFERENCES Employee (SSN) ON DELETE CASCADE ON UPDATE CASCADE
);

CREATE TABLE Administrative_Support
(
    SSN    CHAR(10),
    ASType ENUM ('Secretary', 'Data Entry', 'Receptionist', 'Comunications', 'PR', 'Security', 'Ground Service', 'HR', 'Emergency Service'),
    PRIMARY KEY (SSN),
    FOREIGN KEY (SSN) REFERENCES Employee (SSN) ON DELETE CASCADE ON UPDATE CASCADE
);

CREATE TABLE Engineer
(
    SSN   CHAR(10),
    EType ENUM ('Avionic Engineer', 'Mechanical Engineer', 'Electrical Engineer'),
    PRIMARY KEY (SSN),
    FOREIGN KEY (SSN) REFERENCES Employee (SSN) ON DELETE CASCADE ON UPDATE CASCADE
);

CREATE TABLE Traffic_Controller
(
    SSN CHAR(10),
    PRIMARY KEY (SSN),
    FOREIGN KEY (SSN) REFERENCES Employee (SSN) ON DELETE CASCADE ON UPDATE CASCADE
);

CREATE TABLE TCShift
(
    TCSSN CHAR(10),
    Shift ENUM ('Morning', 'Afternoon', 'Evening', 'Night'),
    PRIMARY KEY (TCSSN, Shift),
    FOREIGN KEY (TCSSN) REFERENCES Traffic_Controller (SSN) ON DELETE CASCADE ON UPDATE CASCADE
);

CREATE TABLE Flight_Employee
(
    FESSN CHAR(10),
    PRIMARY KEY (FESSN),
    FOREIGN KEY (FESSN) REFERENCES Employee (SSN) ON DELETE CASCADE ON UPDATE CASCADE
);

CREATE TABLE Pilot
(
    SSN     CHAR(10),
    License CHAR(12),
    PRIMARY KEY (SSN),
    FOREIGN KEY (SSN) REFERENCES Flight_Employee (FESSN) ON DELETE CASCADE ON UPDATE CASCADE
);

CREATE TABLE Flight_Attendant
(
    SSN             CHAR(10),
    Year_experience FLOAT,
    PRIMARY KEY (SSN),
    FOREIGN KEY (SSN) REFERENCES Flight_Employee (FESSN) ON DELETE CASCADE ON UPDATE CASCADE
);
-- --------------------------------------------------------------------
CREATE TABLE Route
(
    ID INT AUTO_INCREMENT,
    RName CHAR(7),
    PRIMARY KEY (ID)
);
-- --------------------------------------------------------------------
CREATE TABLE Passenger
(
    PID         INT AUTO_INCREMENT,
    PassportNo  CHAR(12) NOT NULL UNIQUE,
    Sex         ENUM ('M', 'F'),
    DOB         DATE,
    Nationality VARCHAR(50),
    Fname       VARCHAR(50),
    Minit       CHAR(2),
    Lname       VARCHAR(50),
    PRIMARY KEY (PID)
);

CREATE TABLE Passenger_Phone
(
    PID   CHAR(10),
    Phone CHAR(10),
    PRIMARY KEY (PID, Phone)
);
-- --------------------------------------------------------------------
CREATE TABLE Owner
(
    OwnerID INT AUTO_INCREMENT,
    PRIMARY KEY (OwnerID)
);

CREATE TABLE Cooperation
(
    Name    VARCHAR(50),
    Address VARCHAR(50),
    Phone   CHAR(10),
    OwnerID INT,
    PRIMARY KEY (Name),
    FOREIGN KEY (OwnerID) REFERENCES Owner (OwnerID) ON DELETE CASCADE ON UPDATE CASCADE
);

CREATE TABLE Person
(
    SSN     CHAR(10),
    Name    VARCHAR(50),
    Phone   CHAR(10),
    Address VARCHAR(50),
    OwnerID INT,
    PRIMARY KEY (SSN),
    FOREIGN KEY (OwnerID) REFERENCES Owner (OwnerID) ON DELETE CASCADE ON UPDATE CASCADE
);
-- --------------------------------------------------------------------
CREATE TABLE Airport
(
    APCode  CHAR(3),
    APName  VARCHAR(50),
    City VARCHAR(50),
    PRIMARY KEY (APCode)
);

INSERT INTO Airport(APCode,APName,City) VALUES ('SHJ','Sharjah International Airport','Ash Shariqah');
INSERT INTO Airport(APCode,APName,City) VALUES ('KBL','Hamid Karzai International Airport','Kabul');
INSERT INTO Airport(APCode,APName,City) VALUES ('HEA','Herat International Airport','Herat');
INSERT INTO Airport(APCode,APName,City) VALUES ('KDH','Kandahar International Airport','Kandahar');
INSERT INTO Airport(APCode,APName,City) VALUES ('ANU','V. C. Bird International Airport','Saint George');
INSERT INTO Airport(APCode,APName,City) VALUES ('AXA','Clayton J. Lloyd International Airport','Anguilla');
INSERT INTO Airport(APCode,APName,City) VALUES ('EVN','Zvartnots International Airport','Erevan');
INSERT INTO Airport(APCode,APName,City) VALUES ('PPG','Pago Pago International Airport','Eastern District');
INSERT INTO Airport(APCode,APName,City) VALUES ('VIE','Vienna International Airport','Niederosterreich');
INSERT INTO Airport(APCode,APName,City) VALUES ('AUA','Queen Beatrix International Airport','Aruba');
INSERT INTO Airport(APCode,APName,City) VALUES ('LLK','Lankaran International Airport','Lankaran');
INSERT INTO Airport(APCode,APName,City) VALUES ('GYD','Heydar Aliyev International Airport','Baki');
INSERT INTO Airport(APCode,APName,City) VALUES ('KVD','Ganja International Airport','Ganca');
INSERT INTO Airport(APCode,APName,City) VALUES ('NAJ','Nakhchivan International Airport','Naxcivan');
INSERT INTO Airport(APCode,APName,City) VALUES ('BGI','Grantley Adams International Airport','Christ Church');
INSERT INTO Airport(APCode,APName,City) VALUES ('ZYL','Osmani International Airport','Sylhet');
INSERT INTO Airport(APCode,APName,City) VALUES ('CGP','Shah Amanat International Airport','Chittagong');
INSERT INTO Airport(APCode,APName,City) VALUES ('DAC','Shahjalal International Airport','Dhaka');
INSERT INTO Airport(APCode,APName,City) VALUES ('ANR','Antwerp International Airport','Antwerpen');
INSERT INTO Airport(APCode,APName,City) VALUES ('BJM','Bujumbura International Airport','Bujumbura Mairie');
INSERT INTO Airport(APCode,APName,City) VALUES ('BDA','L.F. Wade International Airport','Hamilton');
INSERT INTO Airport(APCode,APName,City) VALUES ('BWN','Brunei International Airport','Brunei-Muara');
INSERT INTO Airport(APCode,APName,City) VALUES ('CBB','Jorge Wilstermann International Airport','Cochabamba');
INSERT INTO Airport(APCode,APName,City) VALUES ('BON','Flamingo International Airport','Bonaire');
INSERT INTO Airport(APCode,APName,City) VALUES ('CWB','Afonso Pena International Airport','Parana');
INSERT INTO Airport(APCode,APName,City) VALUES ('BVB','Boa Vista International Airport','Roraima');
INSERT INTO Airport(APCode,APName,City) VALUES ('NAS','Lynden Pindling International Airport','New Providence');
INSERT INTO Airport(APCode,APName,City) VALUES ('FPO','Grand Bahama International Airport','East Grand Bahama');
INSERT INTO Airport(APCode,APName,City) VALUES ('GBE','Sir Seretse Khama International Airport','South East');
INSERT INTO Airport(APCode,APName,City) VALUES ('GOM','Goma International Airport','Nord-Kivu');
INSERT INTO Airport(APCode,APName,City) VALUES ('TFU','Chengdu Tianfu International Airport','Sichuan');
INSERT INTO Airport(APCode,APName,City) VALUES ('PKX','Beijing Daxing International Airport','Beijing');
INSERT INTO Airport(APCode,APName,City) VALUES ('KMG','Kunming Changshui International Airport','Yunnan');
INSERT INTO Airport(APCode,APName,City) VALUES ('KWL','Guilin Liangjiang International Airport','Guangxi');
INSERT INTO Airport(APCode,APName,City) VALUES ('NGB','Ningbo Lishe International Airport','Zhejiang');
INSERT INTO Airport(APCode,APName,City) VALUES ('YNT','Yantai Penglai International Airport','Shandong');
INSERT INTO Airport(APCode,APName,City) VALUES ('TSN','Tianjin Binhai International Airport','Tianjin');
INSERT INTO Airport(APCode,APName,City) VALUES ('SHA','Shanghai Hongqiao International Airport','Shanghai');
INSERT INTO Airport(APCode,APName,City) VALUES ('BGA','Palonegro International Airport','Santander');
INSERT INTO Airport(APCode,APName,City) VALUES ('BAQ','Ernesto Cortissoz International Airport','Atlantico');
INSERT INTO Airport(APCode,APName,City) VALUES ('AXM','El Eden International Airport','Quindio');
INSERT INTO Airport(APCode,APName,City) VALUES ('SYQ','Tobias Bolanos International Airport','San Jose');
INSERT INTO Airport(APCode,APName,City) VALUES ('CMW','Ignacio Agramonte International Airport','Camaguey');
INSERT INTO Airport(APCode,APName,City) VALUES ('HAV','Jose Marti International Airport','La Habana');
INSERT INTO Airport(APCode,APName,City) VALUES ('SCU','Antonio Maceo International Airport','Santiago de Cuba');
INSERT INTO Airport(APCode,APName,City) VALUES ('RAI','Nelson Mandela International Airport','Ribeira Grande de Santiago');
INSERT INTO Airport(APCode,APName,City) VALUES ('PFO','Paphos International Airport','Pafos');
INSERT INTO Airport(APCode,APName,City) VALUES ('LCA','Larnaca International Airport','Larnaka');
INSERT INTO Airport(APCode,APName,City) VALUES ('NIC','Nicosia International Airport1','Lefkosia');
INSERT INTO Airport(APCode,APName,City) VALUES ('JIB','Djibouti-Ambouli International Airport','Djibouti');
INSERT INTO Airport(APCode,APName,City) VALUES ('SDQ','Las Americas International Airport','Monte Plata');
INSERT INTO Airport(APCode,APName,City) VALUES ('BRX','Maria Montez International Airport','Barahona');
INSERT INTO Airport(APCode,APName,City) VALUES ('STI','Cibao International Airport','Santiago');
INSERT INTO Airport(APCode,APName,City) VALUES ('POP','Gregorio Luperon International Airport','Puerto Plata');
INSERT INTO Airport(APCode,APName,City) VALUES ('CFK','Chlef International Airport','Chlef');
INSERT INTO Airport(APCode,APName,City) VALUES ('CZL','Mohamed Boudiaf International Airport','Constantine');
INSERT INTO Airport(APCode,APName,City) VALUES ('LTX','Cotopaxi International Airport','Cotopaxi');
INSERT INTO Airport(APCode,APName,City) VALUES ('CUE','Mariscal Lamar International Airport','Azuay');
INSERT INTO Airport(APCode,APName,City) VALUES ('UIO','Mariscal Sucre International Airport','Pichincha');
INSERT INTO Airport(APCode,APName,City) VALUES ('DBB','Al Alamain International Airport','Matruh');
INSERT INTO Airport(APCode,APName,City) VALUES ('HMB','Sohag International Airport','Suhaj');
INSERT INTO Airport(APCode,APName,City) VALUES ('ASW','Aswan International Airport','Aswan');
INSERT INTO Airport(APCode,APName,City) VALUES ('ADD','Bole International Airport','Adis Abeba');
INSERT INTO Airport(APCode,APName,City) VALUES ('TKK','Chuuk International Airport','Chuuk');
INSERT INTO Airport(APCode,APName,City) VALUES ('KSA','Kosrae International Airport','Kosrae');
INSERT INTO Airport(APCode,APName,City) VALUES ('PNI','Pohnpei International Airport','Pohnpei');
INSERT INTO Airport(APCode,APName,City) VALUES ('LBV','Libreville International Airport','Estuaire');
INSERT INTO Airport(APCode,APName,City) VALUES ('TBS','Tbilisi International Airport','Tbilisi');
INSERT INTO Airport(APCode,APName,City) VALUES ('ACC','Kotoka International Airport','Greater Accra');
INSERT INTO Airport(APCode,APName,City) VALUES ('BJL','Banjul International Airport','Banjul');
INSERT INTO Airport(APCode,APName,City) VALUES ('OXB','Osvaldo Vieira International Airport','Bissau');
INSERT INTO Airport(APCode,APName,City) VALUES ('MFM','Macau International Airport','Hong Kong');
INSERT INTO Airport(APCode,APName,City) VALUES ('TGU','Toncontin International Airport','Francisco Morazan');
INSERT INTO Airport(APCode,APName,City) VALUES ('PEV','Pecs-Pogany International Airport','Baranya');
INSERT INTO Airport(APCode,APName,City) VALUES ('DEB','Debrecen International Airport','Hajdu-Bihar');
INSERT INTO Airport(APCode,APName,City) VALUES ('YIA','Yogyakarta International Airport','Jawa Tengah');
INSERT INTO Airport(APCode,APName,City) VALUES ('KNO','Kualanamu International Airport','Sulawesi Utara');
INSERT INTO Airport(APCode,APName,City) VALUES ('CGK','Soekarno-Hatta International Airport','Banten');
INSERT INTO Airport(APCode,APName,City) VALUES ('JOG','Adisucipto International Airport','Yogyakarta');
INSERT INTO Airport(APCode,APName,City) VALUES ('DEL','Indira Gandhi International Airport','Delhi');
INSERT INTO Airport(APCode,APName,City) VALUES ('NJF','Al Najaf International Airport','An Najaf');
INSERT INTO Airport(APCode,APName,City) VALUES ('BGW','Baghdad International Airport','Baghdad');
INSERT INTO Airport(APCode,APName,City) VALUES ('OSM','Mosul International Airport','Ninawa');
INSERT INTO Airport(APCode,APName,City) VALUES ('EBL','Erbil International Airport','Arbil');
INSERT INTO Airport(APCode,APName,City) VALUES ('KIH','Kish International Airport','Hormozgan');
INSERT INTO Airport(APCode,APName,City) VALUES ('TBZ','Tabriz International Airport','Azarbayjan-e Sharqi');
INSERT INTO Airport(APCode,APName,City) VALUES ('ABD','Abadan International Airport','Khuzestan');
INSERT INTO Airport(APCode,APName,City) VALUES ('MBJ','Sangster International Airport','Saint James');
INSERT INTO Airport(APCode,APName,City) VALUES ('OCJ','Ian Fleming International Airport','Saint Mary');
INSERT INTO Airport(APCode,APName,City) VALUES ('AMM','Queen Alia International Airport','Madaba');
INSERT INTO Airport(APCode,APName,City) VALUES ('NRT','Narita International Airport','Chiba');
INSERT INTO Airport(APCode,APName,City) VALUES ('MBA','Moi International Airport','Mombasa');
INSERT INTO Airport(APCode,APName,City) VALUES ('NBO','Jomo Kenyatta International Airport','Elgeyo/Marakwet');
INSERT INTO Airport(APCode,APName,City) VALUES ('EDL','Eldoret International Airport','Uasin Gishu');
INSERT INTO Airport(APCode,APName,City) VALUES ('KIS','Kisumu International Airport','Kisumu');
INSERT INTO Airport(APCode,APName,City) VALUES ('FRU','Manas International Airport','Chuy');
INSERT INTO Airport(APCode,APName,City) VALUES ('CXI','Cassidy International Airport','Line Islands');
INSERT INTO Airport(APCode,APName,City) VALUES ('NEV','Vance W. Amory International Airport','Saint Paul Charlestown');
INSERT INTO Airport(APCode,APName,City) VALUES ('SKB','Robert L. Bradshaw International Airport','Saint John Figtree');
INSERT INTO Airport(APCode,APName,City) VALUES ('FNJ','Pyongyang Sunan International Airport','P''yongyang');
INSERT INTO Airport(APCode,APName,City) VALUES ('TSE','Astana International Airport','Astana');
INSERT INTO Airport(APCode,APName,City) VALUES ('VTE','Wattay International Airport','Viangchan');
INSERT INTO Airport(APCode,APName,City) VALUES ('PKZ','Pakse International Airport','Champasak');
INSERT INTO Airport(APCode,APName,City) VALUES ('LPQ','Luang Prabang International Airport','Louangphabang');
INSERT INTO Airport(APCode,APName,City) VALUES ('UVF','Hewanorra International Airport','Laborie');
INSERT INTO Airport(APCode,APName,City) VALUES ('ROB','Roberts International Airport','Margibi');
INSERT INTO Airport(APCode,APName,City) VALUES ('MSU','Moshoeshoe I International Airport','Maseru');
INSERT INTO Airport(APCode,APName,City) VALUES ('RIX','Riga International Airport','Riga');
INSERT INTO Airport(APCode,APName,City) VALUES ('BEN','Benina International Airport','Banghazi');
INSERT INTO Airport(APCode,APName,City) VALUES ('KIV','Chisinau International Airport','Chisinau');
INSERT INTO Airport(APCode,APName,City) VALUES ('BKO','Bamako-Senou International Airport','Bamako');
INSERT INTO Airport(APCode,APName,City) VALUES ('RGN','Yangon International Airport','Yangon');
INSERT INTO Airport(APCode,APName,City) VALUES ('ULN','Chinggis Khaan International Airport','Ulaanbaatar');
INSERT INTO Airport(APCode,APName,City) VALUES ('ROP','Rota International Airport','Northern Mariana Islands');
INSERT INTO Airport(APCode,APName,City) VALUES ('NMF','Maafaru International Airport','Baa');
INSERT INTO Airport(APCode,APName,City) VALUES ('MLE','Ibrahim Nasir International Airport','Kaafu');
INSERT INTO Airport(APCode,APName,City) VALUES ('GAN','Gan International Airport','Seenu');
INSERT INTO Airport(APCode,APName,City) VALUES ('BLZ','Chileka International Airport','Blantyre');
INSERT INTO Airport(APCode,APName,City) VALUES ('CJS','Abraham Gonzalez International Airport','Chihuahua');
INSERT INTO Airport(APCode,APName,City) VALUES ('SLP','Ponciano Arriaga International Airport','San Luis Potosi');
INSERT INTO Airport(APCode,APName,City) VALUES ('ACN','Ciudad Acuna International Airport','Coahuila de Zaragoza');
INSERT INTO Airport(APCode,APName,City) VALUES ('TPQ','Amado Nervo International Airport','Nayarit');
INSERT INTO Airport(APCode,APName,City) VALUES ('PEN','Penang International Airport','Pulau Pinang');
INSERT INTO Airport(APCode,APName,City) VALUES ('MKZ','Malacca International Airport','Melaka');
INSERT INTO Airport(APCode,APName,City) VALUES ('NIM','Diori Hamani International Airport','Niamey');
INSERT INTO Airport(APCode,APName,City) VALUES ('AJY','Mano Dayak International Airport','Agadez');
INSERT INTO Airport(APCode,APName,City) VALUES ('LOS','Murtala Muhammed International Airport','Lagos');
INSERT INTO Airport(APCode,APName,City) VALUES ('QUO','Akwa Ibom International Airport','Akwa Ibom');
INSERT INTO Airport(APCode,APName,City) VALUES ('SKO','Sadiq Abubakar III International Airport','Sokoto');
INSERT INTO Airport(APCode,APName,City) VALUES ('GMO','Gombe Lawanti International Airport','Gombe');
INSERT INTO Airport(APCode,APName,City) VALUES ('ENU','Akanu Ibiam International Airport','Enugu');
INSERT INTO Airport(APCode,APName,City) VALUES ('PHC','Port Harcourt International Airport','Rivers');
INSERT INTO Airport(APCode,APName,City) VALUES ('MIU','Maiduguri International Airport','Borno');
INSERT INTO Airport(APCode,APName,City) VALUES ('ILR','Ilorin International Airport','Kwara');
INSERT INTO Airport(APCode,APName,City) VALUES ('KAN','Mallam Aminu Kano International Airport','Kano');
INSERT INTO Airport(APCode,APName,City) VALUES ('MGA','Augusto C. Sandino International Airport','Managua');
INSERT INTO Airport(APCode,APName,City) VALUES ('KTM','Tribhuvan International Airport','Bagmati');
INSERT INTO Airport(APCode,APName,City) VALUES ('INU','Nauru International Airport','Yaren');
INSERT INTO Airport(APCode,APName,City) VALUES ('CHC','Christchurch International Airport','Canterbury');
INSERT INTO Airport(APCode,APName,City) VALUES ('CRK','Clark International Airport','Pampanga');
INSERT INTO Airport(APCode,APName,City) VALUES ('KLO','Kalibo International Airport','Aklan');
INSERT INTO Airport(APCode,APName,City) VALUES ('ILO','Iloilo International Airport','Iloilo');
INSERT INTO Airport(APCode,APName,City) VALUES ('LAO','Laoag International Airport','Ilocos Norte');
INSERT INTO Airport(APCode,APName,City) VALUES ('DVO','Francisco Bangoy International Airport','Davao del Sur');
INSERT INTO Airport(APCode,APName,City) VALUES ('CEB','Mactan-Cebu International Airport','Cebu');
INSERT INTO Airport(APCode,APName,City) VALUES ('SFS','Subic Bay International Airport','Bataan');
INSERT INTO Airport(APCode,APName,City) VALUES ('ISB','Islamabad International Airport','Islamabad');
INSERT INTO Airport(APCode,APName,City) VALUES ('SJU','Luis Munoz Marin International Airport','Carolina');
INSERT INTO Airport(APCode,APName,City) VALUES ('ROR','Roman Tmetuchl International Airport','Airai');
INSERT INTO Airport(APCode,APName,City) VALUES ('DOH','Hamad International Airport','Ad Dawhah');
INSERT INTO Airport(APCode,APName,City) VALUES ('CRA','Craiova International Airport','Dolj');
INSERT INTO Airport(APCode,APName,City) VALUES ('OMR','Oradea International Airport','Bihor');
INSERT INTO Airport(APCode,APName,City) VALUES ('BCM','Bacau International Airport','Bacau');
INSERT INTO Airport(APCode,APName,City) VALUES ('SUJ','Satu Mare International Airport','Satu Mare');
INSERT INTO Airport(APCode,APName,City) VALUES ('IAS','Iasi International Airport','Iasi');
INSERT INTO Airport(APCode,APName,City) VALUES ('TGM','Targu Mures International Airport','Mures');
INSERT INTO Airport(APCode,APName,City) VALUES ('SBZ','Sibiu International Airport','Sibiu');
INSERT INTO Airport(APCode,APName,City) VALUES ('ARW','Arad International Airport','Arad');
INSERT INTO Airport(APCode,APName,City) VALUES ('CLJ','Cluj-Napoca International Airport','Cluj');
INSERT INTO Airport(APCode,APName,City) VALUES ('VKO','Vnukovo International Airport','Moskva');
INSERT INTO Airport(APCode,APName,City) VALUES ('KRT','Khartoum International Airport','Khartoum');
INSERT INTO Airport(APCode,APName,City) VALUES ('PZU','Port Sudan New International Airport','Red Sea');
INSERT INTO Airport(APCode,APName,City) VALUES ('DSS','Blaise Diagne International Airport','Thies');
INSERT INTO Airport(APCode,APName,City) VALUES ('GLK','Abdullahi Yusuf International Airport','Mudug');
INSERT INTO Airport(APCode,APName,City) VALUES ('MGQ','Aden Adde International Airport','Banaadir');
INSERT INTO Airport(APCode,APName,City) VALUES ('TMS','Sao Tome International Airport','Sao Tome');
INSERT INTO Airport(APCode,APName,City) VALUES ('UTH','Udon Thani International Airport','Udon Thani');
INSERT INTO Airport(APCode,APName,City) VALUES ('HKT','Phuket International Airport','Phuket');
INSERT INTO Airport(APCode,APName,City) VALUES ('CNX','Chiang Mai International Airport','Chiang Mai');
INSERT INTO Airport(APCode,APName,City) VALUES ('UTP','U-Tapao International Airport','Rayong');
INSERT INTO Airport(APCode,APName,City) VALUES ('DYU','Dushanbe International Airport','Dushanbe');
INSERT INTO Airport(APCode,APName,City) VALUES ('MYP','Mary International Airport','Mary');
INSERT INTO Airport(APCode,APName,City) VALUES ('ASB','Ashgabat International Airport','Dasoguz');
INSERT INTO Airport(APCode,APName,City) VALUES ('GAF','Gafsa - Ksar International Airport','Gafsa');
INSERT INTO Airport(APCode,APName,City) VALUES ('TPE','Taiwan Taoyuan International Airport','Taoyuan');
INSERT INTO Airport(APCode,APName,City) VALUES ('JRO','Kilimanjaro International Airport','Kilimanjaro');
INSERT INTO Airport(APCode,APName,City) VALUES ('ZNZ','Abeid Amani Karume International Airport','Mjini Magharibi');
INSERT INTO Airport(APCode,APName,City) VALUES ('IEV','Kyiv International Airport (Zhuliany)','Kyiv');
INSERT INTO Airport(APCode,APName,City) VALUES ('UKS','Sevastopol International Airport','Sevastopol');
INSERT INTO Airport(APCode,APName,City) VALUES ('SLC','Salt Lake City International Airport','Utah');
INSERT INTO Airport(APCode,APName,City) VALUES ('GTF','Great Falls International Airport','Montana');
INSERT INTO Airport(APCode,APName,City) VALUES ('GFK','Grand Forks International Airport','North Dakota');
INSERT INTO Airport(APCode,APName,City) VALUES ('ACY','Atlantic City International Airport','New Jersey');
INSERT INTO Airport(APCode,APName,City) VALUES ('AEX','Alexandria International Airport','Louisiana');
INSERT INTO Airport(APCode,APName,City) VALUES ('UGC','Urgench International Airport','Xorazm');
INSERT INTO Airport(APCode,APName,City) VALUES ('SKD','Samarkand International Airport','Samarqand');
INSERT INTO Airport(APCode,APName,City) VALUES ('CCS','Simon Bolivar International Airport','Vargas');
INSERT INTO Airport(APCode,APName,City) VALUES ('SVZ','Juan Vicente Gomez International Airport','Tachira');
INSERT INTO Airport(APCode,APName,City) VALUES ('MUN','Jose Tadeo Monagas International Airport','Monagas');
INSERT INTO Airport(APCode,APName,City) VALUES ('HAN','Noi Bai International Airport','Ha Noi');
INSERT INTO Airport(APCode,APName,City) VALUES ('SGN','Tan Son Nhat International Airport','Ho Chi Minh');
INSERT INTO Airport(APCode,APName,City) VALUES ('HUI','Phu Bai International Airport','Thua Thien-Hue');
INSERT INTO Airport(APCode,APName,City) VALUES ('DAD','Da Nang International Airport','Da Nang');
INSERT INTO Airport(APCode,APName,City) VALUES ('VCA','Can Tho International Airport','Can Tho');
INSERT INTO Airport(APCode,APName,City) VALUES ('LUN','Kenneth Kaunda International Airport','Lusaka');
INSERT INTO Airport(APCode,APName,City) VALUES ('HRE','Harare International Airport','Harare');

CREATE TABLE Airline
(
    AirlineID      CHAR(3),
    IATADesignator CHAR(2) UNIQUE NOT NULL,
    Name           VARCHAR(50),
    Country        VARCHAR(50),
    PRIMARY KEY (AirlineID)
);

INSERT INTO Airline(AirlineID,IATADesignator,Name,Country) VALUES ('1','AA','American Airlines','United States');
INSERT INTO Airline(AirlineID,IATADesignator,Name,Country) VALUES ('4','BV','Blue Panorama','Italy');
INSERT INTO Airline(AirlineID,IATADesignator,Name,Country) VALUES ('6','DL','Delta Air Lines','United States');
INSERT INTO Airline(AirlineID,IATADesignator,Name,Country) VALUES ('14','AC','Air Canada','Canada');
INSERT INTO Airline(AirlineID,IATADesignator,Name,Country) VALUES ('16','UA','United Airlines','United States');
INSERT INTO Airline(AirlineID,IATADesignator,Name,Country) VALUES ('18','HO','Juneyao Airlines','China');
INSERT INTO Airline(AirlineID,IATADesignator,Name,Country) VALUES ('23','FX','FedEx Express','United States');
INSERT INTO Airline(AirlineID,IATADesignator,Name,Country) VALUES ('27','AS','Alaska Airlines','United States');
INSERT INTO Airline(AirlineID,IATADesignator,Name,Country) VALUES ('30','VY','Vueling','Spain');
INSERT INTO Airline(AirlineID,IATADesignator,Name,Country) VALUES ('31','PW','Precision Air','Tanzania');
INSERT INTO Airline(AirlineID,IATADesignator,Name,Country) VALUES ('40','QC','Camair-Co','Cameroon');
INSERT INTO Airline(AirlineID,IATADesignator,Name,Country) VALUES ('43','KA','Cathay Dragon','Hong Kong SAR, China');
INSERT INTO Airline(AirlineID,IATADesignator,Name,Country) VALUES ('44','AR','Aerolineas Argentinas','Argentina');
INSERT INTO Airline(AirlineID,IATADesignator,Name,Country) VALUES ('45','LA','LATAM Airlines Group','Chile');
INSERT INTO Airline(AirlineID,IATADesignator,Name,Country) VALUES ('47','TP','TAP Portugal','Portugal');
INSERT INTO Airline(AirlineID,IATADesignator,Name,Country) VALUES ('50','OA','Olympic Air','Greece');
INSERT INTO Airline(AirlineID,IATADesignator,Name,Country) VALUES ('53','EI','Aer Lingus','Ireland');
INSERT INTO Airline(AirlineID,IATADesignator,Name,Country) VALUES ('55','AZ','Alitalia','Italy');
INSERT INTO Airline(AirlineID,IATADesignator,Name,Country) VALUES ('57','AF','Air France','France');
INSERT INTO Airline(AirlineID,IATADesignator,Name,Country) VALUES ('61','HM','Air Seychelles','Seychelles');
INSERT INTO Airline(AirlineID,IATADesignator,Name,Country) VALUES ('63','SB','Aircalin','New Caledonia');
INSERT INTO Airline(AirlineID,IATADesignator,Name,Country) VALUES ('64','OK','Czech Airlines','Czech Republic');
INSERT INTO Airline(AirlineID,IATADesignator,Name,Country) VALUES ('65','SV','Saudi Arabian Airlines','Saudi Arabia');
INSERT INTO Airline(AirlineID,IATADesignator,Name,Country) VALUES ('68','TM','LAM','Mozambique');
INSERT INTO Airline(AirlineID,IATADesignator,Name,Country) VALUES ('70','RB','Syrianair','Syrian Arab Republic');
INSERT INTO Airline(AirlineID,IATADesignator,Name,Country) VALUES ('71','ET','Ethiopian Airlines','Ethiopia');
INSERT INTO Airline(AirlineID,IATADesignator,Name,Country) VALUES ('72','GF','Gulf Air','Bahrain');
INSERT INTO Airline(AirlineID,IATADesignator,Name,Country) VALUES ('74','KL','KLM','Netherlands');
INSERT INTO Airline(AirlineID,IATADesignator,Name,Country) VALUES ('75','IB','IBERIA','Spain');
INSERT INTO Airline(AirlineID,IATADesignator,Name,Country) VALUES ('76','ME','MEA','Lebanon');
INSERT INTO Airline(AirlineID,IATADesignator,Name,Country) VALUES ('77','MS','Egyptair','Egypt');
INSERT INTO Airline(AirlineID,IATADesignator,Name,Country) VALUES ('78','CY','Cyprus Airways','Cyprus');
INSERT INTO Airline(AirlineID,IATADesignator,Name,Country) VALUES ('79','PR','Philippine Airlines','Philippines');
INSERT INTO Airline(AirlineID,IATADesignator,Name,Country) VALUES ('80','LO','LOT Polish Airlines','Poland');
INSERT INTO Airline(AirlineID,IATADesignator,Name,Country) VALUES ('81','QF','Qantas','Australia');
INSERT INTO Airline(AirlineID,IATADesignator,Name,Country) VALUES ('82','SN','Brussels Airlines','Belgium');
INSERT INTO Airline(AirlineID,IATADesignator,Name,Country) VALUES ('83','SA','South African Airways','South Africa');
INSERT INTO Airline(AirlineID,IATADesignator,Name,Country) VALUES ('86','NZ','Air New Zealand','New Zealand');
INSERT INTO Airline(AirlineID,IATADesignator,Name,Country) VALUES ('96','IR','Iran Air','Iran');
INSERT INTO Airline(AirlineID,IATADesignator,Name,Country) VALUES ('98','AI','Air India','India');
INSERT INTO Airline(AirlineID,IATADesignator,Name,Country) VALUES ('101','EN','Air Dolomiti','Italy');
INSERT INTO Airline(AirlineID,IATADesignator,Name,Country) VALUES ('104','EW','Eurowings','Germany');
INSERT INTO Airline(AirlineID,IATADesignator,Name,Country) VALUES ('105','AY','Finnair','Finland');
INSERT INTO Airline(AirlineID,IATADesignator,Name,Country) VALUES ('106','BW','Caribbean Airlines','Trinidad and Tobago');
INSERT INTO Airline(AirlineID,IATADesignator,Name,Country) VALUES ('108','FI','Icelandair','Iceland');
INSERT INTO Airline(AirlineID,IATADesignator,Name,Country) VALUES ('110','UJ','AlMasria Universal Airlines','Egypt');
INSERT INTO Airline(AirlineID,IATADesignator,Name,Country) VALUES ('111','UP','Bahamasair','Bahamas');
INSERT INTO Airline(AirlineID,IATADesignator,Name,Country) VALUES ('112','CK','China Cargo Airlines','China');
INSERT INTO Airline(AirlineID,IATADesignator,Name,Country) VALUES ('114','LY','EL AL','Israel');
INSERT INTO Airline(AirlineID,IATADesignator,Name,Country) VALUES ('115','JU','Air Serbia','Serbia');
INSERT INTO Airline(AirlineID,IATADesignator,Name,Country) VALUES ('117','SK','SAS','Sweden');
INSERT INTO Airline(AirlineID,IATADesignator,Name,Country) VALUES ('118','DT','TAAG Angola Airlines','Angola');
INSERT INTO Airline(AirlineID,IATADesignator,Name,Country) VALUES ('120','JS','Air Koryo','Democratic People''s Republic of Korea');
INSERT INTO Airline(AirlineID,IATADesignator,Name,Country) VALUES ('125','BA','British Airways','United Kingdom');
INSERT INTO Airline(AirlineID,IATADesignator,Name,Country) VALUES ('126','GA','Garuda Indonesia','Indonesia');
INSERT INTO Airline(AirlineID,IATADesignator,Name,Country) VALUES ('128','UO','Hong Kong Express Airways','Hong Kong SAR, China');
INSERT INTO Airline(AirlineID,IATADesignator,Name,Country) VALUES ('129','MP','Martinair Cargo','Netherlands');
INSERT INTO Airline(AirlineID,IATADesignator,Name,Country) VALUES ('131','JL','Japan Airlines','Japan');
INSERT INTO Airline(AirlineID,IATADesignator,Name,Country) VALUES ('133','LR','Avianca Costa Rica','Costa Rica');
INSERT INTO Airline(AirlineID,IATADesignator,Name,Country) VALUES ('134','AV','Avianca','Colombia');
INSERT INTO Airline(AirlineID,IATADesignator,Name,Country) VALUES ('135','VT','Air Tahiti','French Polynesia');
INSERT INTO Airline(AirlineID,IATADesignator,Name,Country) VALUES ('136','CU','Cubana','Cuba');
INSERT INTO Airline(AirlineID,IATADesignator,Name,Country) VALUES ('139','AM','Aeromexico','Mexico');
INSERT INTO Airline(AirlineID,IATADesignator,Name,Country) VALUES ('140','LI','LIAT Airlines','Antigua and Barbuda');
INSERT INTO Airline(AirlineID,IATADesignator,Name,Country) VALUES ('141','FZ','flydubai','United Arab Emirates');
INSERT INTO Airline(AirlineID,IATADesignator,Name,Country) VALUES ('143','AU','Austral','Argentina');
INSERT INTO Airline(AirlineID,IATADesignator,Name,Country) VALUES ('145','UC','LATAM Cargo Chile','Chile');
INSERT INTO Airline(AirlineID,IATADesignator,Name,Country) VALUES ('146','XK','Air Corsica','France');
INSERT INTO Airline(AirlineID,IATADesignator,Name,Country) VALUES ('147','AT','Royal Air Maroc','Morocco');
INSERT INTO Airline(AirlineID,IATADesignator,Name,Country) VALUES ('149','LG','Luxair','Luxembourg');
INSERT INTO Airline(AirlineID,IATADesignator,Name,Country) VALUES ('157','QR','Qatar Airways','Qatar');
INSERT INTO Airline(AirlineID,IATADesignator,Name,Country) VALUES ('160','CX','Cathay Pacific','Hong Kong SAR, China');
INSERT INTO Airline(AirlineID,IATADesignator,Name,Country) VALUES ('161','MN','Comair','South Africa');
INSERT INTO Airline(AirlineID,IATADesignator,Name,Country) VALUES ('171','FT','FlyEgypt','Egypt');
INSERT INTO Airline(AirlineID,IATADesignator,Name,Country) VALUES ('172','CV','Cargolux','Luxembourg');
INSERT INTO Airline(AirlineID,IATADesignator,Name,Country) VALUES ('173','HA','Hawaiian Airlines','United States');
INSERT INTO Airline(AirlineID,IATADesignator,Name,Country) VALUES ('176','EK','Emirates','United Arab Emirates');
INSERT INTO Airline(AirlineID,IATADesignator,Name,Country) VALUES ('180','KE','Korean Air','Korea');
INSERT INTO Airline(AirlineID,IATADesignator,Name,Country) VALUES ('186','SW','Air Namibia','Namibia');
INSERT INTO Airline(AirlineID,IATADesignator,Name,Country) VALUES ('190','TY','Air Caledonie','New Caledonia');
INSERT INTO Airline(AirlineID,IATADesignator,Name,Country) VALUES ('191','IG','Air Italy','Italy');
INSERT INTO Airline(AirlineID,IATADesignator,Name,Country) VALUES ('192','PY','Surinam Airways','Suriname');
INSERT INTO Airline(AirlineID,IATADesignator,Name,Country) VALUES ('193','IE','Solomon Airlines','Solomon Islands');
INSERT INTO Airline(AirlineID,IATADesignator,Name,Country) VALUES ('195','FV','Rossiya Airlines','Russian Federation');
INSERT INTO Airline(AirlineID,IATADesignator,Name,Country) VALUES ('197','TC','Air Tanzania','Tanzania');
INSERT INTO Airline(AirlineID,IATADesignator,Name,Country) VALUES ('199','TU','Tunisair','Tunisia');
INSERT INTO Airline(AirlineID,IATADesignator,Name,Country) VALUES ('202','TA','TACA','El Salvador');
INSERT INTO Airline(AirlineID,IATADesignator,Name,Country) VALUES ('205','NH','ANA','Japan');
INSERT INTO Airline(AirlineID,IATADesignator,Name,Country) VALUES ('214','PK','PIA Pakistan International Airlines','Pakistan');
INSERT INTO Airline(AirlineID,IATADesignator,Name,Country) VALUES ('217','TG','Thai Airways International','Thailand');
INSERT INTO Airline(AirlineID,IATADesignator,Name,Country) VALUES ('218','NF','Air Vanuatu','Vanuatu');
INSERT INTO Airline(AirlineID,IATADesignator,Name,Country) VALUES ('220','LH','Lufthansa','Germany');
INSERT INTO Airline(AirlineID,IATADesignator,Name,Country) VALUES ('228','UK','Vistara','India');
INSERT INTO Airline(AirlineID,IATADesignator,Name,Country) VALUES ('229','KU','Kuwait Airways','Kuwait');
INSERT INTO Airline(AirlineID,IATADesignator,Name,Country) VALUES ('230','CM','COPA Airlines','Panama');
INSERT INTO Airline(AirlineID,IATADesignator,Name,Country) VALUES ('232','MH','Malaysia Airlines','Malaysia');
INSERT INTO Airline(AirlineID,IATADesignator,Name,Country) VALUES ('235','TK','Turkish Airlines','Turkey');
INSERT INTO Airline(AirlineID,IATADesignator,Name,Country) VALUES ('238','IZ','Arkia Israeli Airlines','Israel');
INSERT INTO Airline(AirlineID,IATADesignator,Name,Country) VALUES ('239','MK','Air Mauritius','Mauritius');
INSERT INTO Airline(AirlineID,IATADesignator,Name,Country) VALUES ('244','TN','Air Tahiti Nui','French Polynesia');
INSERT INTO Airline(AirlineID,IATADesignator,Name,Country) VALUES ('250','HY','Uzbekistan Airways','Uzbekistan');
INSERT INTO Airline(AirlineID,IATADesignator,Name,Country) VALUES ('257','OS','Austrian','Austria');
INSERT INTO Airline(AirlineID,IATADesignator,Name,Country) VALUES ('258','MD','Air Madagascar','Madagascar');
INSERT INTO Airline(AirlineID,IATADesignator,Name,Country) VALUES ('260','FJ','Fiji Airways','Fiji');
INSERT INTO Airline(AirlineID,IATADesignator,Name,Country) VALUES ('267','BE','flybe','United Kingdom');
INSERT INTO Airline(AirlineID,IATADesignator,Name,Country) VALUES ('269','EQ','TAME','Ecuador');
INSERT INTO Airline(AirlineID,IATADesignator,Name,Country) VALUES ('276','TF','Braathens Regional Aviation','Sweden');
INSERT INTO Airline(AirlineID,IATADesignator,Name,Country) VALUES ('281','RO','TAROM','Romania');
INSERT INTO Airline(AirlineID,IATADesignator,Name,Country) VALUES ('289','OM','MIAT Mongolian Airlines','Mongolia');
INSERT INTO Airline(AirlineID,IATADesignator,Name,Country) VALUES ('297','CI','China Airlines','Chinese Taipei');
INSERT INTO Airline(AirlineID,IATADesignator,Name,Country) VALUES ('298','UT','UTair','Russian Federation');
INSERT INTO Airline(AirlineID,IATADesignator,Name,Country) VALUES ('299','DR','Ruili Airlines','China');
INSERT INTO Airline(AirlineID,IATADesignator,Name,Country) VALUES ('310','SL','Thai Lion Air','Thailand');
INSERT INTO Airline(AirlineID,IATADesignator,Name,Country) VALUES ('324','SC','Shandong Airlines','China');
INSERT INTO Airline(AirlineID,IATADesignator,Name,Country) VALUES ('325','NP','Nile Air','Egypt');
INSERT INTO Airline(AirlineID,IATADesignator,Name,Country) VALUES ('374','AP','Albastar','Spain');
INSERT INTO Airline(AirlineID,IATADesignator,Name,Country) VALUES ('378','KX','Cayman Airways','Cayman Islands');
INSERT INTO Airline(AirlineID,IATADesignator,Name,Country) VALUES ('381','SM','Air Cairo','Egypt');
INSERT INTO Airline(AirlineID,IATADesignator,Name,Country) VALUES ('394','AW','Africa World Airlines','Ghana');
INSERT INTO Airline(AirlineID,IATADesignator,Name,Country) VALUES ('395','XC','Corendon Airlines','Turkey');
INSERT INTO Airline(AirlineID,IATADesignator,Name,Country) VALUES ('403','PO','Polar Air Cargo','United States');
INSERT INTO Airline(AirlineID,IATADesignator,Name,Country) VALUES ('406','5X','UPS Airlines','United States');
INSERT INTO Airline(AirlineID,IATADesignator,Name,Country) VALUES ('409','YM','Montenegro Airlines','Montenegro');
INSERT INTO Airline(AirlineID,IATADesignator,Name,Country) VALUES ('413','SZ','Somon Air','Tajikistan');
INSERT INTO Airline(AirlineID,IATADesignator,Name,Country) VALUES ('427','TX','Air Caraibes','Guadeloupe');
INSERT INTO Airline(AirlineID,IATADesignator,Name,Country) VALUES ('459','WB','RwandAir','Rwanda');
INSERT INTO Airline(AirlineID,IATADesignator,Name,Country) VALUES ('460','EB','Wamos Air','Spain');
INSERT INTO Airline(AirlineID,IATADesignator,Name,Country) VALUES ('462','XL','LATAM Airlines Ecuador','Ecuador');
INSERT INTO Airline(AirlineID,IATADesignator,Name,Country) VALUES ('465','KC','Air Astana','Kazakhstan');
INSERT INTO Airline(AirlineID,IATADesignator,Name,Country) VALUES ('474','NT','Binter Canarias','Spain');
INSERT INTO Airline(AirlineID,IATADesignator,Name,Country) VALUES ('477','NE','Nesma Airlines','Egypt');
INSERT INTO Airline(AirlineID,IATADesignator,Name,Country) VALUES ('479','ZH','Shenzhen Airlines','China');
INSERT INTO Airline(AirlineID,IATADesignator,Name,Country) VALUES ('512','RJ','Royal Jordanian','Jordan');
INSERT INTO Airline(AirlineID,IATADesignator,Name,Country) VALUES ('515','SF','Tassili Airlines','Algeria');
INSERT INTO Airline(AirlineID,IATADesignator,Name,Country) VALUES ('544','LP','LATAM Airlines Peru','Peru');
INSERT INTO Airline(AirlineID,IATADesignator,Name,Country) VALUES ('551','YU','EuroAtlantic Airways','Portugal');
INSERT INTO Airline(AirlineID,IATADesignator,Name,Country) VALUES ('555','SU','Aeroflot','Russian Federation');
INSERT INTO Airline(AirlineID,IATADesignator,Name,Country) VALUES ('566','PS','Ukraine International Airlines','Ukraine');
INSERT INTO Airline(AirlineID,IATADesignator,Name,Country) VALUES ('577','AD','Azul Brazilian Airlines','Brazil');
INSERT INTO Airline(AirlineID,IATADesignator,Name,Country) VALUES ('580','RU','AirBridgeCargo Airlines','Russian Federation');
INSERT INTO Airline(AirlineID,IATADesignator,Name,Country) VALUES ('603','UL','SriLankan Airlines','Sri Lanka');
INSERT INTO Airline(AirlineID,IATADesignator,Name,Country) VALUES ('607','EY','Etihad Airways','United Arab Emirates');
INSERT INTO Airline(AirlineID,IATADesignator,Name,Country) VALUES ('610','KK','AtlasGlobal','Turkey');
INSERT INTO Airline(AirlineID,IATADesignator,Name,Country) VALUES ('615','QY','European Air Transport','Germany');
INSERT INTO Airline(AirlineID,IATADesignator,Name,Country) VALUES ('618','SQ','Singapore Airlines','Singapore');
INSERT INTO Airline(AirlineID,IATADesignator,Name,Country) VALUES ('623','FB','Bulgaria Air','Bulgaria');
INSERT INTO Airline(AirlineID,IATADesignator,Name,Country) VALUES ('624','PC','Pegasus Airlines','Turkey');
INSERT INTO Airline(AirlineID,IATADesignator,Name,Country) VALUES ('627','QV','Lao Airlines','Laos');
INSERT INTO Airline(AirlineID,IATADesignator,Name,Country) VALUES ('629','MI','SilkAir','Singapore');
INSERT INTO Airline(AirlineID,IATADesignator,Name,Country) VALUES ('636','BP','Air Botswana','Botswana');
INSERT INTO Airline(AirlineID,IATADesignator,Name,Country) VALUES ('643','KM','Air Malta','Malta');
INSERT INTO Airline(AirlineID,IATADesignator,Name,Country) VALUES ('649','TS','Air Transat','Canada');
INSERT INTO Airline(AirlineID,IATADesignator,Name,Country) VALUES ('655','DV','SCAT Airlines','Kazakhstan');
INSERT INTO Airline(AirlineID,IATADesignator,Name,Country) VALUES ('656','PX','Air Niugini','Independent State of Papua New Guinea');
INSERT INTO Airline(AirlineID,IATADesignator,Name,Country) VALUES ('657','BT','Air Baltic','Latvia');
INSERT INTO Airline(AirlineID,IATADesignator,Name,Country) VALUES ('666','FU','Fuzhou Airlines','China');
INSERT INTO Airline(AirlineID,IATADesignator,Name,Country) VALUES ('672','BI','Royal Brunei','Brunei Darussalam');
INSERT INTO Airline(AirlineID,IATADesignator,Name,Country) VALUES ('675','NX','Air Macau','Macao SAR, China');
INSERT INTO Airline(AirlineID,IATADesignator,Name,Country) VALUES ('683','CL','Lufthansa CityLine','Germany');
INSERT INTO Airline(AirlineID,IATADesignator,Name,Country) VALUES ('685','NI','PGA-Portugalia Airlines','Portugal');
INSERT INTO Airline(AirlineID,IATADesignator,Name,Country) VALUES ('689','WX','CityJet','Ireland');
INSERT INTO Airline(AirlineID,IATADesignator,Name,Country) VALUES ('692','PZ','LATAM Airlines Paraguay','Paraguay');
INSERT INTO Airline(AirlineID,IATADesignator,Name,Country) VALUES ('694','YW','Air Nostrum','Spain');
INSERT INTO Airline(AirlineID,IATADesignator,Name,Country) VALUES ('695','BR','EVA Air','Chinese Taipei');
INSERT INTO Airline(AirlineID,IATADesignator,Name,Country) VALUES ('696','VR','TACV Cabo Verde Airlines','Cape Verde');
INSERT INTO Airline(AirlineID,IATADesignator,Name,Country) VALUES ('701','WF','Wideroe','Norway');
INSERT INTO Airline(AirlineID,IATADesignator,Name,Country) VALUES ('703','NO','Neos','Italy');
INSERT INTO Airline(AirlineID,IATADesignator,Name,Country) VALUES ('706','KQ','Kenya Airways','Kenya');
INSERT INTO Airline(AirlineID,IATADesignator,Name,Country) VALUES ('716','MB','MNG Airlines','Turkey');
INSERT INTO Airline(AirlineID,IATADesignator,Name,Country) VALUES ('718','LJ','Jin Air','Korea');
INSERT INTO Airline(AirlineID,IATADesignator,Name,Country) VALUES ('722','TW','T''way Air','Korea');
INSERT INTO Airline(AirlineID,IATADesignator,Name,Country) VALUES ('724','LX','SWISS','Switzerland');
INSERT INTO Airline(AirlineID,IATADesignator,Name,Country) VALUES ('730','GT','Air Guilin','China');
INSERT INTO Airline(AirlineID,IATADesignator,Name,Country) VALUES ('731','MF','Xiamen Airlines','China');
INSERT INTO Airline(AirlineID,IATADesignator,Name,Country) VALUES ('737','SP','SATA Air Acores','Portugal');
INSERT INTO Airline(AirlineID,IATADesignator,Name,Country) VALUES ('738','VN','Vietnam Airlines','Vietnam');
INSERT INTO Airline(AirlineID,IATADesignator,Name,Country) VALUES ('767','RC','Atlantic Airways','Faroe Islands');
INSERT INTO Airline(AirlineID,IATADesignator,Name,Country) VALUES ('770','EO','Pegas Fly','Russian Federation');
INSERT INTO Airline(AirlineID,IATADesignator,Name,Country) VALUES ('774','FM','Shanghai Airlines','China');
INSERT INTO Airline(AirlineID,IATADesignator,Name,Country) VALUES ('775','SG','SpiceJet','India');
INSERT INTO Airline(AirlineID,IATADesignator,Name,Country) VALUES ('781','MU','China Eastern','China');
INSERT INTO Airline(AirlineID,IATADesignator,Name,Country) VALUES ('784','CZ','China Southern Airlines','China');
INSERT INTO Airline(AirlineID,IATADesignator,Name,Country) VALUES ('795','VA','Virgin Australia','Australia');
INSERT INTO Airline(AirlineID,IATADesignator,Name,Country) VALUES ('796','BJ','Nouvelair','Tunisia');
INSERT INTO Airline(AirlineID,IATADesignator,Name,Country) VALUES ('803','AE','Mandarin Airlines','Chinese Taipei');
INSERT INTO Airline(AirlineID,IATADesignator,Name,Country) VALUES ('804','CF','China Postal Airlines','China');
INSERT INTO Airline(AirlineID,IATADesignator,Name,Country) VALUES ('815','EP','Iran Aseman Airlines','Iran');
INSERT INTO Airline(AirlineID,IATADesignator,Name,Country) VALUES ('816','OD','Malindo Air','Malaysia');
INSERT INTO Airline(AirlineID,IATADesignator,Name,Country) VALUES ('826','GS','Tianjin Airlines','China');
INSERT INTO Airline(AirlineID,IATADesignator,Name,Country) VALUES ('828','RH','Hong Kong Air Cargo','Hong Kong SAR, China');
INSERT INTO Airline(AirlineID,IATADesignator,Name,Country) VALUES ('829','PG','Bangkok Airways','Thailand');
INSERT INTO Airline(AirlineID,IATADesignator,Name,Country) VALUES ('831','OU','Croatia Airlines','Croatia');
INSERT INTO Airline(AirlineID,IATADesignator,Name,Country) VALUES ('833','KY','Kunming Airlines','China');
INSERT INTO Airline(AirlineID,IATADesignator,Name,Country) VALUES ('836','NS','Hebei Airlines','China');
INSERT INTO Airline(AirlineID,IATADesignator,Name,Country) VALUES ('838','WS','WestJet','Canada');
INSERT INTO Airline(AirlineID,IATADesignator,Name,Country) VALUES ('839','ZE','Eastar Jet','Korea');
INSERT INTO Airline(AirlineID,IATADesignator,Name,Country) VALUES ('847','PN','West Air','China');
INSERT INTO Airline(AirlineID,IATADesignator,Name,Country) VALUES ('851','HX','Hong Kong Airlines','Hong Kong SAR, China');
INSERT INTO Airline(AirlineID,IATADesignator,Name,Country) VALUES ('860','YG','YTO Cargo Airlines','China');
INSERT INTO Airline(AirlineID,IATADesignator,Name,Country) VALUES ('866','BK','Okay Airways','China');
INSERT INTO Airline(AirlineID,IATADesignator,Name,Country) VALUES ('872','GX','GX Airlines','China');
INSERT INTO Airline(AirlineID,IATADesignator,Name,Country) VALUES ('880','HU','Hainan Airlines','China');
INSERT INTO Airline(AirlineID,IATADesignator,Name,Country) VALUES ('881','DE','Condor','Germany');
INSERT INTO Airline(AirlineID,IATADesignator,Name,Country) VALUES ('886','UQ','Urumqi Air','China');
INSERT INTO Airline(AirlineID,IATADesignator,Name,Country) VALUES ('891','GJ','Loong Air','China');
INSERT INTO Airline(AirlineID,IATADesignator,Name,Country) VALUES ('898','JD','Capital Airlines','China');
INSERT INTO Airline(AirlineID,IATADesignator,Name,Country) VALUES ('909','WE','Thai Smile','Thailand');
INSERT INTO Airline(AirlineID,IATADesignator,Name,Country) VALUES ('910','WY','Oman Air','Oman');
INSERT INTO Airline(AirlineID,IATADesignator,Name,Country) VALUES ('923','SS','Corsair International','France');
INSERT INTO Airline(AirlineID,IATADesignator,Name,Country) VALUES ('930','OB','BoA Boliviana de Aviacion','Bolivia');
INSERT INTO Airline(AirlineID,IATADesignator,Name,Country) VALUES ('932','VS','Virgin Atlantic','United Kingdom');
INSERT INTO Airline(AirlineID,IATADesignator,Name,Country) VALUES ('933','KZ','NCA Nippon Cargo Airlines','Japan');
INSERT INTO Airline(AirlineID,IATADesignator,Name,Country) VALUES ('938','ID','Batik Air','Indonesia');
INSERT INTO Airline(AirlineID,IATADesignator,Name,Country) VALUES ('957','JJ','LATAM Airlines Brasil','Brazil');
INSERT INTO Airline(AirlineID,IATADesignator,Name,Country) VALUES ('978','VJ','Vietjet','Vietnam');
INSERT INTO Airline(AirlineID,IATADesignator,Name,Country) VALUES ('988','OZ','Asiana Airlines','Korea');
INSERT INTO Airline(AirlineID,IATADesignator,Name,Country) VALUES ('996','UX','Air Europa','Spain');
INSERT INTO Airline(AirlineID,IATADesignator,Name,Country) VALUES ('997','BG','Biman Bangladesh Airlines','Bangladesh');
INSERT INTO Airline(AirlineID,IATADesignator,Name,Country) VALUES ('999','CA','Air China','China');

CREATE TABLE Model
(
    ID        INT AUTO_INCREMENT,
    MName     VARCHAR(20),
    Capacity  INT,
    MaxSpeed  FLOAT,
    PRIMARY KEY (ID)
);

INSERT INTO Model(ID,MName,Capacity,MaxSpeed) VALUES (1,'DC8-55',132,933);
INSERT INTO Model(ID,MName,Capacity,MaxSpeed) VALUES (2,'DC8-62',159,965);
INSERT INTO Model(ID,MName,Capacity,MaxSpeed) VALUES (3,'747-100',366,945);
INSERT INTO Model(ID,MName,Capacity,MaxSpeed) VALUES (4,'747-200',366,945);
INSERT INTO Model(ID,MName,Capacity,MaxSpeed) VALUES (5,'DC10-30',250,934);
INSERT INTO Model(ID,MName,Capacity,MaxSpeed) VALUES (6,'DC10-40',250,934);
INSERT INTO Model(ID,MName,Capacity,MaxSpeed) VALUES (7,'L1011-TriStar 500',234,955);
INSERT INTO Model(ID,MName,Capacity,MaxSpeed) VALUES (8,'747-300',412,945);
INSERT INTO Model(ID,MName,Capacity,MaxSpeed) VALUES (9,'767-200ER',181,913);
INSERT INTO Model(ID,MName,Capacity,MaxSpeed) VALUES (10,'767-300ER',218,913);
INSERT INTO Model(ID,MName,Capacity,MaxSpeed) VALUES (11,'747-400',416,977);
INSERT INTO Model(ID,MName,Capacity,MaxSpeed) VALUES (12,'MD-11',293,934);
INSERT INTO Model(ID,MName,Capacity,MaxSpeed) VALUES (13,'A330-300',295,913);
INSERT INTO Model(ID,MName,Capacity,MaxSpeed) VALUES (14,'A340-200',261,913);
INSERT INTO Model(ID,MName,Capacity,MaxSpeed) VALUES (15,'A340-300',295,913);
INSERT INTO Model(ID,MName,Capacity,MaxSpeed) VALUES (16,'MD-11ER',293,934);
INSERT INTO Model(ID,MName,Capacity,MaxSpeed) VALUES (17,'777-200ER',301,945);
INSERT INTO Model(ID,MName,Capacity,MaxSpeed) VALUES (18,'777-300',365,945);
INSERT INTO Model(ID,MName,Capacity,MaxSpeed) VALUES (19,'A330-200',253,913);
INSERT INTO Model(ID,MName,Capacity,MaxSpeed) VALUES (20,'A340-600',380,913);
INSERT INTO Model(ID,MName,Capacity,MaxSpeed) VALUES (21,'A340-500',313,913);
INSERT INTO Model(ID,MName,Capacity,MaxSpeed) VALUES (22,'777-300ER',365,945);
INSERT INTO Model(ID,MName,Capacity,MaxSpeed) VALUES (23,'777-200LR',301,945);
INSERT INTO Model(ID,MName,Capacity,MaxSpeed) VALUES (24,'A380-800',525,945);
INSERT INTO Model(ID,MName,Capacity,MaxSpeed) VALUES (25,'747-8',467,988);
INSERT INTO Model(ID,MName,Capacity,MaxSpeed) VALUES (26,'787-9 Dreamliner',280,954);
INSERT INTO Model(ID,MName,Capacity,MaxSpeed) VALUES (27,'A350-900',315,945);
INSERT INTO Model(ID,MName,Capacity,MaxSpeed) VALUES (28,'A350-1000',369,945);
INSERT INTO Model(ID,MName,Capacity,MaxSpeed) VALUES (29,'A320-210',182,899);
INSERT INTO Model(ID,MName,Capacity,MaxSpeed) VALUES (30,'A321-200',182,930);
INSERT INTO Model(ID,MName,Capacity,MaxSpeed) VALUES (31,'EMB-145XR',55,975);

CREATE TABLE Airplane
(
    AirplaneID        INT AUTO_INCREMENT,
    License_plate_num VARCHAR(7) UNIQUE NOT NULL,
    AirlineID         CHAR(3)        NOT NULL,
    OwnerID           INT            NOT NULL,
    ModelID           INT,
    LeasedDate        TIMESTAMP      NOT NULL,
    MName              VARCHAR(50),
    PRIMARY KEY (AirplaneID),
    FOREIGN KEY (AirlineID) REFERENCES Airline (AirlineID) ON DELETE CASCADE ON UPDATE CASCADE,
    FOREIGN KEY (OwnerID) REFERENCES Owner (OwnerID) ON DELETE CASCADE ON UPDATE CASCADE,
    FOREIGN KEY (ModelID) REFERENCES Model (ID) ON DELETE CASCADE ON UPDATE CASCADE
);
-- --------------------------------------------------------------------
CREATE TABLE Consultant
(
    ID INT AUTO_INCREMENT,
    PRIMARY KEY (ID)
);
-- --------------------------------------------------------------------
CREATE TABLE IS_Destination
(
    RID INT,
    APCode  CHAR(3),
    PRIMARY KEY (RID, APCode),
    FOREIGN KEY (RID) REFERENCES Route (ID) ON DELETE CASCADE ON UPDATE CASCADE,
    FOREIGN KEY (APCode) REFERENCES Airport (APCode) ON DELETE CASCADE ON UPDATE CASCADE
);

CREATE TABLE IS_Source
(
    RID INT,
    APCode  CHAR(3),
    PRIMARY KEY (RID, APCode),
    FOREIGN KEY (RID) REFERENCES Route (ID) ON DELETE CASCADE ON UPDATE CASCADE,
    FOREIGN KEY (APCode) REFERENCES Airport (APCode) ON DELETE CASCADE ON UPDATE CASCADE
);
-- --------------------------------------------------------------------
CREATE TABLE Flight
(
    FlightID        INT AUTO_INCREMENT,
    RID             INT,
    Status          ENUM ('On Air', 'Landed', 'Unassigned'),
    AirplaneID      INT       NOT NULL,
    TCSSN           CHAR(10)  NOT NULL, -- SSN of Traffic Controller
    FlightCode      CHAR(6)   NOT NULL,
    ActualArrTime   TIMESTAMP NULL,
    ExpectedArrTime TIMESTAMP DEFAULT CURRENT_TIMESTAMP,
    ActualDepTime   TIMESTAMP NULL,
    ExpectedDepTime TIMESTAMP DEFAULT CURRENT_TIMESTAMP,
    PRIMARY KEY (FlightID),
    UNIQUE (RID, FlightCode),
    FOREIGN KEY (RID) REFERENCES Route (ID) ON DELETE CASCADE ON UPDATE CASCADE,
    FOREIGN KEY (AirplaneID) REFERENCES Airplane (AirplaneID) ON DELETE CASCADE ON UPDATE CASCADE,
    FOREIGN KEY (TCSSN) REFERENCES Traffic_Controller (SSN) ON DELETE CASCADE ON UPDATE CASCADE
);

CREATE TABLE Ticket
(
    TicketID      INT AUTO_INCREMENT,
    PID           INT,
    Price         FLOAT,
    CheckInTime   TIMESTAMP,
    CheckInStatus ENUM ('No', 'Yes'),
    Surcharge     FLOAT,
    BookTime      TIMESTAMP DEFAULT CURRENT_TIMESTAMP,
    CancelTime    TIMESTAMP NULL,
    Type          ENUM ('Book', 'Cancel'),
    PRIMARY KEY (TicketID),
    FOREIGN KEY (PID) REFERENCES Passenger (PID) ON DELETE SET NULL ON UPDATE CASCADE
);

CREATE TABLE Seat
(
    FlightID INT,
    RID  INT,
    SeatNum  INT,
    Class    ENUM ('Business', 'Economy', 'First Class', 'Other'),
    Status   ENUM ('Booked', 'Available'),
    TicketID INT,
    PRIMARY KEY (FlightID, SeatNum),
    FOREIGN KEY (FlightID) REFERENCES Flight (FlightID) ON DELETE CASCADE ON UPDATE CASCADE,
    FOREIGN KEY (TicketID) REFERENCES Ticket (TicketID) ON DELETE CASCADE ON UPDATE CASCADE
);
-- --------------------------------------------------------------------
CREATE TABLE Expert_At
(
    ConsultID INT,
    APCode    CHAR(3), -- THIS CAN BE NULL IF
    ModelID   INT,
    PRIMARY KEY (ConsultID, APCode, ModelID),
    FOREIGN KEY (ConsultID) REFERENCES Consultant (ID) ON DELETE CASCADE ON UPDATE CASCADE,
    FOREIGN KEY (APCode) REFERENCES Airport (APCode) ON DELETE CASCADE ON UPDATE CASCADE,
    FOREIGN KEY (ModelID) REFERENCES Model (ID) ON DELETE CASCADE ON UPDATE CASCADE
);
-- --------------------------------------------------------------------
CREATE TABLE Experience
(
    PilotSSN      CHAR(10),
    ModelID       INT,
    HoursOfFlying FLOAT,
    PRIMARY KEY (PilotSSN, ModelID),
    FOREIGN KEY (PilotSSN) REFERENCES Pilot (SSN) ON DELETE CASCADE ON UPDATE CASCADE,
    FOREIGN KEY (ModelID) REFERENCES Model (ID) ON DELETE CASCADE ON UPDATE CASCADE
);
-- --------------------------------------------------------------------
CREATE TABLE Expertise
(
    ESSN    CHAR(10),
    ModelID INT,
    PRIMARY KEY (ESSN, ModelID),
    FOREIGN KEY (ESSN) REFERENCES Engineer (SSN) ON DELETE CASCADE ON UPDATE CASCADE,
    FOREIGN KEY (ModelID) REFERENCES Model (ID) ON DELETE CASCADE ON UPDATE CASCADE
);
-- --------------------------------------------------------------------
CREATE TABLE Airport_Contains_Airplane
(
    APCode     CHAR(3),
    AirplaneID INT,
    PRIMARY KEY (APCode, AirplaneID),
    FOREIGN KEY (APCode) REFERENCES Airport (APCode) ON DELETE CASCADE ON UPDATE CASCADE,
    FOREIGN KEY (AirplaneID) REFERENCES Airplane (AirplaneID) ON DELETE CASCADE ON UPDATE CASCADE
);
-- --------------------------------------------------------------------
CREATE TABLE Airport_Includes_Employee
(
    APCode CHAR(3),
    SSN    CHAR(10),
    Date   TIMESTAMP,
    PRIMARY KEY (APCode, SSN),
    FOREIGN KEY (APCode) REFERENCES Airport (APCode) ON DELETE CASCADE ON UPDATE CASCADE,
    FOREIGN KEY (SSN) REFERENCES Employee (SSN) ON DELETE CASCADE ON UPDATE CASCADE
);
-- --------------------------------------------------------------------
-- Note: Role tao de cho giong trong mapping 280324 thoi
-- chu tao nghi role nen lam attribute cua thg pilot
CREATE TABLE Operate
(
    FSSN     CHAR(10),
    FlightID INT,
    Role     VARCHAR(15),
    PRIMARY KEY (FSSN, FlightID),
    FOREIGN KEY (FSSN) REFERENCES Flight_Employee (FESSN) ON DELETE CASCADE ON UPDATE CASCADE,
    FOREIGN KEY (FlightID) REFERENCES Flight (FlightID) ON DELETE CASCADE ON UPDATE CASCADE
);

-- Order of execution: Airport/Airline/Model/Employee/Passenger -> Route/Owner/Subemployee/Passenger_Phone -> Airplane/Flight
INSERT INTO employee(SSN,Fname,Minit,Lname,Salary,Phone,Sex,DOB) VALUES (9812666138,'Lois','L.','Brenda',168251,2833773195,'M','1952-07-19');
INSERT INTO employee(SSN,Fname,Minit,Lname,Salary,Phone,Sex,DOB) VALUES (6762227282,'Brenda','K.','Jimmy',51063,8393450665,'F','1965-04-03');
INSERT INTO employee(SSN,Fname,Minit,Lname,Salary,Phone,Sex,DOB) VALUES (1038861268,'Joe','V.','Ralph',50155,1376439553,'F','1972-03-15');
INSERT INTO employee(SSN,Fname,Minit,Lname,Salary,Phone,Sex,DOB) VALUES (4179356812,'Diane','U.','Maria',180294,1269507561,'M','2001-03-31');
INSERT INTO employee(SSN,Fname,Minit,Lname,Salary,Phone,Sex,DOB) VALUES (6946049097,'Benjamin','X.','Pamela',117642,2072787430,'F','1967-03-28');
INSERT INTO employee(SSN,Fname,Minit,Lname,Salary,Phone,Sex,DOB) VALUES (5409372751,'Patrick','R.','Deborah',72305,9589235959,'F','1967-05-04');
INSERT INTO employee(SSN,Fname,Minit,Lname,Salary,Phone,Sex,DOB) VALUES (7414950549,'Nancy','W.','Thomas',98189,1438671618,'M','1951-06-26');
INSERT INTO employee(SSN,Fname,Minit,Lname,Salary,Phone,Sex,DOB) VALUES (4396598363,'Carol','K.','Tammy',60918,1640139265,'M','1999-10-18');
INSERT INTO employee(SSN,Fname,Minit,Lname,Salary,Phone,Sex,DOB) VALUES (4636486247,'Frances','H.','Phillip',121587,2481489570,'M','1986-06-17');
INSERT INTO employee(SSN,Fname,Minit,Lname,Salary,Phone,Sex,DOB) VALUES (7756039818,'Diana','C.','Peter',43010,7058655689,'F','1969-10-15');
INSERT INTO employee(SSN,Fname,Minit,Lname,Salary,Phone,Sex,DOB) VALUES (2296480977,'Ralph','M.','Linda',118457,4909098159,'M','1993-11-15');
INSERT INTO employee(SSN,Fname,Minit,Lname,Salary,Phone,Sex,DOB) VALUES (3314840635,'Jack','J.','Ryan',82965,2510358680,'M','1987-11-27');
INSERT INTO employee(SSN,Fname,Minit,Lname,Salary,Phone,Sex,DOB) VALUES (6971713444,'Melissa','J.','Peter',166892,1266413866,'M','1963-04-14');
INSERT INTO employee(SSN,Fname,Minit,Lname,Salary,Phone,Sex,DOB) VALUES (9096514989,'Wayne','O.','Nancy',92758,3247503442,'M','1977-02-23');
INSERT INTO employee(SSN,Fname,Minit,Lname,Salary,Phone,Sex,DOB) VALUES (5866153371,'Cheryl','Q.','Maria',92220,1475315165,'F','2003-07-23');
INSERT INTO employee(SSN,Fname,Minit,Lname,Salary,Phone,Sex,DOB) VALUES (6662974529,'Paula','X.','Eugene',152654,9952192149,'F','1967-03-05');
INSERT INTO employee(SSN,Fname,Minit,Lname,Salary,Phone,Sex,DOB) VALUES (4363749676,'Joshua','R.','Amy',184896,9686113072,'M','1965-06-11');
INSERT INTO employee(SSN,Fname,Minit,Lname,Salary,Phone,Sex,DOB) VALUES (4422887943,'Theresa','K.','Christopher',197537,1253516487,'F','1993-11-19');
INSERT INTO employee(SSN,Fname,Minit,Lname,Salary,Phone,Sex,DOB) VALUES (4145085552,'Julia','N.','Anne',141518,2785010549,'M','1984-09-10');
INSERT INTO employee(SSN,Fname,Minit,Lname,Salary,Phone,Sex,DOB) VALUES (7477315846,'Thomas','P.','Jose',73862,7752367916,'M','1979-11-10');
INSERT INTO employee(SSN,Fname,Minit,Lname,Salary,Phone,Sex,DOB) VALUES (9194838561,'Carol','X.','Thomas',93967,9154025839,'M','1962-03-10');
INSERT INTO employee(SSN,Fname,Minit,Lname,Salary,Phone,Sex,DOB) VALUES (4800273419,'Matthew','L.','Linda',52237,5759120845,'F','1975-02-08');
INSERT INTO employee(SSN,Fname,Minit,Lname,Salary,Phone,Sex,DOB) VALUES (4752778806,'Joan','U.','Larry',111673,6256247467,'M','1994-03-11');
INSERT INTO employee(SSN,Fname,Minit,Lname,Salary,Phone,Sex,DOB) VALUES (5742536172,'Ruby','P.','Roy',160623,7655110502,'F','1989-07-21');
INSERT INTO employee(SSN,Fname,Minit,Lname,Salary,Phone,Sex,DOB) VALUES (9749772271,'Carolyn','W.','Clarence',42005,3008055252,'F','1986-01-27');
INSERT INTO employee(SSN,Fname,Minit,Lname,Salary,Phone,Sex,DOB) VALUES (9847255474,'Anne','K.','Jeremy',103160,3155064853,'F','1989-01-21');
INSERT INTO employee(SSN,Fname,Minit,Lname,Salary,Phone,Sex,DOB) VALUES (7406201971,'Daniel','V.','Roy',153790,4567352048,'F','2001-02-13');
INSERT INTO employee(SSN,Fname,Minit,Lname,Salary,Phone,Sex,DOB) VALUES (8160927995,'Roger','J.','Andrea',129625,7340500064,'M','1953-05-04');
INSERT INTO employee(SSN,Fname,Minit,Lname,Salary,Phone,Sex,DOB) VALUES (9119842120,'Maria','N.','Jason',48944,3494698184,'F','1982-02-16');
INSERT INTO employee(SSN,Fname,Minit,Lname,Salary,Phone,Sex,DOB) VALUES (3752970480,'Brenda','P.','William',60508,6681167488,'M','1997-02-15');
INSERT INTO employee(SSN,Fname,Minit,Lname,Salary,Phone,Sex,DOB) VALUES (3297983355,'Lillian','A.','Douglas',67251,9473505446,'F','1950-05-15');
INSERT INTO employee(SSN,Fname,Minit,Lname,Salary,Phone,Sex,DOB) VALUES (7954601626,'Amy','G.','Thomas',112715,7569067096,'F','1980-06-13');
INSERT INTO employee(SSN,Fname,Minit,Lname,Salary,Phone,Sex,DOB) VALUES (7989003234,'Gregory','X.','Amanda',169245,4807397376,'F','1960-04-16');
INSERT INTO employee(SSN,Fname,Minit,Lname,Salary,Phone,Sex,DOB) VALUES (7029451799,'Roy','A.','Jason',170895,3081978275,'M','1961-04-09');
INSERT INTO employee(SSN,Fname,Minit,Lname,Salary,Phone,Sex,DOB) VALUES (9757708436,'Richard','X.','Clarence',122226,5631826311,'M','1996-06-03');
INSERT INTO employee(SSN,Fname,Minit,Lname,Salary,Phone,Sex,DOB) VALUES (2596009902,'Mary','K.','Melissa',109394,4399549740,'F','2004-10-05');
INSERT INTO employee(SSN,Fname,Minit,Lname,Salary,Phone,Sex,DOB) VALUES (8158863943,'Aaron','L.','Nicole',54402,3621104824,'M','1970-04-03');
INSERT INTO employee(SSN,Fname,Minit,Lname,Salary,Phone,Sex,DOB) VALUES (6839710329,'Donna','S.','Carl',129836,9099145640,'F','1979-05-16');
INSERT INTO employee(SSN,Fname,Minit,Lname,Salary,Phone,Sex,DOB) VALUES (2450261740,'Carl','P.','Joyce',162159,1706405917,'M','1974-12-08');
INSERT INTO employee(SSN,Fname,Minit,Lname,Salary,Phone,Sex,DOB) VALUES (7198846778,'Joyce','H.','Jack',119321,7428159723,'F','1970-10-06');
INSERT INTO employee(SSN,Fname,Minit,Lname,Salary,Phone,Sex,DOB) VALUES (4969094481,'Mary','V.','Ernest',155442,7552486825,'M','1994-01-24');
INSERT INTO employee(SSN,Fname,Minit,Lname,Salary,Phone,Sex,DOB) VALUES (9104267686,'Amanda','Y.','Elizabeth',114257,6854033465,'F','1982-09-28');
INSERT INTO employee(SSN,Fname,Minit,Lname,Salary,Phone,Sex,DOB) VALUES (2933447263,'Jack','O.','Diane',186280,5245471328,'M','2003-02-24');
INSERT INTO employee(SSN,Fname,Minit,Lname,Salary,Phone,Sex,DOB) VALUES (1490819075,'Alan','R.','Larry',154810,2462690390,'M','2000-11-18');
INSERT INTO employee(SSN,Fname,Minit,Lname,Salary,Phone,Sex,DOB) VALUES (3949455487,'Elizabeth','X.','Jimmy',85420,5442487176,'M','1989-02-01');
INSERT INTO employee(SSN,Fname,Minit,Lname,Salary,Phone,Sex,DOB) VALUES (5590961435,'Nancy','M.','Maria',94986,1600773533,'F','1981-03-08');
INSERT INTO employee(SSN,Fname,Minit,Lname,Salary,Phone,Sex,DOB) VALUES (1430605561,'Ernest','T.','Elizabeth',172098,6189907335,'F','1957-07-09');
INSERT INTO employee(SSN,Fname,Minit,Lname,Salary,Phone,Sex,DOB) VALUES (3631584592,'Judy','Q.','Harold',133332,2614378622,'M','1980-06-15');
INSERT INTO employee(SSN,Fname,Minit,Lname,Salary,Phone,Sex,DOB) VALUES (7076486352,'Nancy','F.','Carl',61924,5916703669,'M','1958-01-20');
INSERT INTO employee(SSN,Fname,Minit,Lname,Salary,Phone,Sex,DOB) VALUES (9638087454,'Pamela','I.','Paula',149262,1805023465,'F','1985-07-10');
INSERT INTO employee(SSN,Fname,Minit,Lname,Salary,Phone,Sex,DOB) VALUES (1188734988,'Larry','K.','Nancy',97904,3605533478,'M','1959-03-20');
INSERT INTO employee(SSN,Fname,Minit,Lname,Salary,Phone,Sex,DOB) VALUES (4736449418,'Ann','D.','Amy',130014,3576068626,'M','1991-01-31');
INSERT INTO employee(SSN,Fname,Minit,Lname,Salary,Phone,Sex,DOB) VALUES (7873637594,'Judy','S.','Amanda',149575,9258915210,'F','1954-10-20');
INSERT INTO employee(SSN,Fname,Minit,Lname,Salary,Phone,Sex,DOB) VALUES (1824880450,'Peter','M.','Joyce',173226,3765065199,'M','1984-07-07');
INSERT INTO employee(SSN,Fname,Minit,Lname,Salary,Phone,Sex,DOB) VALUES (6708790280,'Clarence','K.','Jeremy',165272,8927530824,'F','1976-12-08');
INSERT INTO employee(SSN,Fname,Minit,Lname,Salary,Phone,Sex,DOB) VALUES (7782466558,'Sharon','O.','Anne',190139,5228516392,'F','1984-06-14');
INSERT INTO employee(SSN,Fname,Minit,Lname,Salary,Phone,Sex,DOB) VALUES (3513220799,'Ann','O.','Mary',182521,6117939198,'M','1960-12-12');
INSERT INTO employee(SSN,Fname,Minit,Lname,Salary,Phone,Sex,DOB) VALUES (2564929537,'Anne','P.','Theresa',114426,4504035844,'F','1990-08-16');
INSERT INTO employee(SSN,Fname,Minit,Lname,Salary,Phone,Sex,DOB) VALUES (5592470717,'Nancy','U.','Diane',101553,9194278972,'M','1961-09-27');
INSERT INTO employee(SSN,Fname,Minit,Lname,Salary,Phone,Sex,DOB) VALUES (5400537514,'Antonio','B.','Harold',181646,6815301636,'M','1958-09-05');
INSERT INTO employee(SSN,Fname,Minit,Lname,Salary,Phone,Sex,DOB) VALUES (8212677542,'Frances','I.','Kelly',46945,9836594857,'M','1973-01-28');
INSERT INTO employee(SSN,Fname,Minit,Lname,Salary,Phone,Sex,DOB) VALUES (4090925514,'Debra','L.','Amy',84318,6683218998,'M','1952-02-17');
INSERT INTO employee(SSN,Fname,Minit,Lname,Salary,Phone,Sex,DOB) VALUES (6142555638,'Henry','B.','Joyce',102384,2046724015,'M','1999-04-21');
INSERT INTO employee(SSN,Fname,Minit,Lname,Salary,Phone,Sex,DOB) VALUES (4764615442,'Melissa','R.','Harold',167631,7586839820,'M','1973-03-21');
INSERT INTO employee(SSN,Fname,Minit,Lname,Salary,Phone,Sex,DOB) VALUES (5432228423,'Todd','N.','Henry',163560,2028822833,'M','1972-04-30');
INSERT INTO employee(SSN,Fname,Minit,Lname,Salary,Phone,Sex,DOB) VALUES (1397342575,'Christopher','Q.','Aaron',190765,3197668837,'M','1956-07-15');
INSERT INTO employee(SSN,Fname,Minit,Lname,Salary,Phone,Sex,DOB) VALUES (2301202047,'Andrea','M.','Rebecca',54179,6123656472,'M','1958-03-01');
INSERT INTO employee(SSN,Fname,Minit,Lname,Salary,Phone,Sex,DOB) VALUES (5372045579,'Jeremy','Z.','Ernest',178847,6308125093,'M','1985-08-21');
INSERT INTO employee(SSN,Fname,Minit,Lname,Salary,Phone,Sex,DOB) VALUES (8795175188,'Steven','B.','Carol',90108,8193237078,'M','1992-06-03');
INSERT INTO employee(SSN,Fname,Minit,Lname,Salary,Phone,Sex,DOB) VALUES (9204866711,'Cynthia','S.','Jimmy',90531,6326780978,'M','1996-10-13');
INSERT INTO employee(SSN,Fname,Minit,Lname,Salary,Phone,Sex,DOB) VALUES (9772120764,'Jason','W.','Diane',76636,6739067892,'F','1976-04-03');
INSERT INTO employee(SSN,Fname,Minit,Lname,Salary,Phone,Sex,DOB) VALUES (4500776857,'Cynthia','K.','Larry',186200,2156730389,'M','1992-08-25');
INSERT INTO employee(SSN,Fname,Minit,Lname,Salary,Phone,Sex,DOB) VALUES (6755557127,'Margaret','T.','Jack',43867,3884828775,'M','2002-09-08');
INSERT INTO employee(SSN,Fname,Minit,Lname,Salary,Phone,Sex,DOB) VALUES (9392610560,'Douglas','O.','Joe',181793,6791494346,'M','1978-09-05');
INSERT INTO employee(SSN,Fname,Minit,Lname,Salary,Phone,Sex,DOB) VALUES (8399118814,'Paul','Z.','Judy',145235,4387509845,'M','2003-07-15');
INSERT INTO employee(SSN,Fname,Minit,Lname,Salary,Phone,Sex,DOB) VALUES (3122555616,'Linda','E.','Andrea',113256,2537003262,'F','1963-04-09');
INSERT INTO employee(SSN,Fname,Minit,Lname,Salary,Phone,Sex,DOB) VALUES (4873821958,'Cheryl','P.','Melissa',64143,7088716761,'M','1956-07-27');
INSERT INTO employee(SSN,Fname,Minit,Lname,Salary,Phone,Sex,DOB) VALUES (7949879275,'Martha','B.','Cheryl',116629,4636007434,'F','1964-03-23');
INSERT INTO employee(SSN,Fname,Minit,Lname,Salary,Phone,Sex,DOB) VALUES (4626479798,'William','W.','Wayne',73734,2298381991,'M','1979-06-08');
INSERT INTO employee(SSN,Fname,Minit,Lname,Salary,Phone,Sex,DOB) VALUES (5654709470,'Carolyn','Y.','Aaron',48736,2528093118,'F','1962-04-24');
INSERT INTO employee(SSN,Fname,Minit,Lname,Salary,Phone,Sex,DOB) VALUES (7106578523,'Ruby','S.','Alan',174774,2680453376,'M','1987-08-07');
INSERT INTO employee(SSN,Fname,Minit,Lname,Salary,Phone,Sex,DOB) VALUES (7835880876,'Paul','W.','Jose',73526,7750883589,'M','1956-02-12');
INSERT INTO employee(SSN,Fname,Minit,Lname,Salary,Phone,Sex,DOB) VALUES (9747160608,'Ernest','S.','Carolyn',176675,9910268261,'F','1981-03-24');
INSERT INTO employee(SSN,Fname,Minit,Lname,Salary,Phone,Sex,DOB) VALUES (2788235274,'Dorothy','K.','Elizabeth',179017,2510208143,'F','1968-02-01');
INSERT INTO employee(SSN,Fname,Minit,Lname,Salary,Phone,Sex,DOB) VALUES (2180190279,'Ryan','K.','Linda',106628,2871293595,'F','1970-05-25');
INSERT INTO employee(SSN,Fname,Minit,Lname,Salary,Phone,Sex,DOB) VALUES (7635460557,'Lillian','D.','Andrea',149878,7415001314,'M','2004-07-28');
INSERT INTO employee(SSN,Fname,Minit,Lname,Salary,Phone,Sex,DOB) VALUES (6425190290,'Kelly','U.','Phillip',51878,5936505277,'F','1950-07-21');
INSERT INTO employee(SSN,Fname,Minit,Lname,Salary,Phone,Sex,DOB) VALUES (5138223354,'Jimmy','U.','Amy',120631,3922156061,'M','1994-11-25');
INSERT INTO employee(SSN,Fname,Minit,Lname,Salary,Phone,Sex,DOB) VALUES (4489026557,'Margaret','L.','Rebecca',180107,3182207057,'F','1967-04-21');
INSERT INTO employee(SSN,Fname,Minit,Lname,Salary,Phone,Sex,DOB) VALUES (2661515333,'Janet','W.','Jason',114481,5511591953,'F','1991-05-12');
INSERT INTO employee(SSN,Fname,Minit,Lname,Salary,Phone,Sex,DOB) VALUES (3998273266,'Eugene','B.','Steven',122950,1790940213,'M','1995-05-15');
INSERT INTO employee(SSN,Fname,Minit,Lname,Salary,Phone,Sex,DOB) VALUES (7546521910,'Deborah','X.','Amy',52767,5321663450,'F','1955-07-11');
INSERT INTO employee(SSN,Fname,Minit,Lname,Salary,Phone,Sex,DOB) VALUES (3670275171,'Janice','P.','William',147641,8818734919,'M','1981-01-15');
INSERT INTO employee(SSN,Fname,Minit,Lname,Salary,Phone,Sex,DOB) VALUES (7122593343,'Rebecca','D.','Kelly',160043,1072952880,'F','1992-07-05');
INSERT INTO employee(SSN,Fname,Minit,Lname,Salary,Phone,Sex,DOB) VALUES (8674557072,'Phillip','Q.','Anne',181774,8660385771,'F','1966-12-24');
INSERT INTO employee(SSN,Fname,Minit,Lname,Salary,Phone,Sex,DOB) VALUES (3470596071,'Jose','P.','Carl',129774,3790418515,'F','1964-02-15');
INSERT INTO employee(SSN,Fname,Minit,Lname,Salary,Phone,Sex,DOB) VALUES (6004615448,'Harold','C.','Joe',156194,5055451320,'M','1969-07-21');
INSERT INTO employee(SSN,Fname,Minit,Lname,Salary,Phone,Sex,DOB) VALUES (1928318628,'Nicole','X.','Tammy',95673,6322250241,'F','1978-03-01');
INSERT INTO employee(SSN,Fname,Minit,Lname,Salary,Phone,Sex,DOB) VALUES (7378875948,'Theresa','K.','Anne',51015,1319871569,'F','1954-01-27');
INSERT INTO employee(SSN,Fname,Minit,Lname,Salary,Phone,Sex,DOB) VALUES (8461753291,'Tammy','P.','Ralph',93650,9569654047,'M','1994-11-07');



-- ---------------------------

INSERT INTO employee_address(SSN,Street,City,District) VALUES (3314840635,'777 Brockton Avenue','Abington','MA');
INSERT INTO employee_address(SSN,Street,City,District) VALUES (2661515333,'30 Memorial Drive','Avon','MA');
INSERT INTO employee_address(SSN,Street,City,District) VALUES (6971713444,'250 Hartford Avenue','Bellingham','MA');
INSERT INTO employee_address(SSN,Street,City,District) VALUES (3513220799,'700 Oak Street','Brockton','MA');
INSERT INTO employee_address(SSN,Street,City,District) VALUES (1824880450,'66-4 Parkhurst Rd','Chelmsford','MA');
INSERT INTO employee_address(SSN,Street,City,District) VALUES (4422887943,'591 Memorial Dr','Chicopee','MA');
INSERT INTO employee_address(SSN,Street,City,District) VALUES (4500776857,'55 Brooksby Village Way','Danvers','MA');
INSERT INTO employee_address(SSN,Street,City,District) VALUES (4090925514,'137 Teaticket Hwy','East Falmouth','MA');
INSERT INTO employee_address(SSN,Street,City,District) VALUES (7076486352,'42 Fairhaven Commons Way','Fairhaven','MA');
INSERT INTO employee_address(SSN,Street,City,District) VALUES (6004615448,'374 William S Canning Blvd','Fall River','MA');
INSERT INTO employee_address(SSN,Street,City,District) VALUES (6971713444,'121 Worcester Rd','Framingham','MA');
INSERT INTO employee_address(SSN,Street,City,District) VALUES (5400537514,'677 Timpany Blvd','Gardner','MA');
INSERT INTO employee_address(SSN,Street,City,District) VALUES (7635460557,'337 Russell St','Hadley','MA');
INSERT INTO employee_address(SSN,Street,City,District) VALUES (4873821958,'295 Plymouth Street','Halifax','MA');
INSERT INTO employee_address(SSN,Street,City,District) VALUES (6755557127,'1775 Washington St','Hanover','MA');
INSERT INTO employee_address(SSN,Street,City,District) VALUES (6755557127,'280 Washington Street','Hudson','MA');
INSERT INTO employee_address(SSN,Street,City,District) VALUES (7477315846,'20 Soojian Dr','Leicester','MA');
INSERT INTO employee_address(SSN,Street,City,District) VALUES (3949455487,'11 Jungle Road','Leominster','MA');
INSERT INTO employee_address(SSN,Street,City,District) VALUES (3998273266,'301 Massachusetts Ave','Lunenburg','MA');
INSERT INTO employee_address(SSN,Street,City,District) VALUES (8212677542,'780 Lynnway','Lynn','MA');
INSERT INTO employee_address(SSN,Street,City,District) VALUES (1928318628,'70 Pleasant Valley Street','Methuen','MA');
INSERT INTO employee_address(SSN,Street,City,District) VALUES (2180190279,'830 Curran Memorial Hwy','North Adams','MA');
INSERT INTO employee_address(SSN,Street,City,District) VALUES (9749772271,'1470 S Washington St','North Attleboro','MA');
INSERT INTO employee_address(SSN,Street,City,District) VALUES (3314840635,'506 State Road','North Dartmouth','MA');
INSERT INTO employee_address(SSN,Street,City,District) VALUES (1038861268,'742 Main Street','North Oxford','MA');
INSERT INTO employee_address(SSN,Street,City,District) VALUES (1188734988,'72 Main St','North Reading','MA');
INSERT INTO employee_address(SSN,Street,City,District) VALUES (7835880876,'200 Otis Street','Northborough','MA');
INSERT INTO employee_address(SSN,Street,City,District) VALUES (1824880450,'180 North King Street','Northhampton','MA');
INSERT INTO employee_address(SSN,Street,City,District) VALUES (5400537514,'555 East Main St','Orange','MA');
INSERT INTO employee_address(SSN,Street,City,District) VALUES (7106578523,'555 Hubbard Ave-Suite 12','Pittsfield','MA');
INSERT INTO employee_address(SSN,Street,City,District) VALUES (9638087454,'300 Colony Place','Plymouth','MA');
INSERT INTO employee_address(SSN,Street,City,District) VALUES (2788235274,'301 Falls Blvd','Quincy','MA');
INSERT INTO employee_address(SSN,Street,City,District) VALUES (1928318628,'36 Paramount Drive','Raynham','MA');
INSERT INTO employee_address(SSN,Street,City,District) VALUES (4626479798,'450 Highland Ave','Salem','MA');
INSERT INTO employee_address(SSN,Street,City,District) VALUES (4626479798,'1180 Fall River Avenue','Seekonk','MA');
INSERT INTO employee_address(SSN,Street,City,District) VALUES (8461753291,'1105 Boston Road','Springfield','MA');
INSERT INTO employee_address(SSN,Street,City,District) VALUES (4764615442,'100 Charlton Road','Sturbridge','MA');
INSERT INTO employee_address(SSN,Street,City,District) VALUES (4626479798,'262 Swansea Mall Dr','Swansea','MA');
INSERT INTO employee_address(SSN,Street,City,District) VALUES (9749772271,'333 Main Street','Tewksbury','MA');
INSERT INTO employee_address(SSN,Street,City,District) VALUES (5742536172,'550 Providence Hwy','Walpole','MA');
INSERT INTO employee_address(SSN,Street,City,District) VALUES (1038861268,'352 Palmer Road','Ware','MA');
INSERT INTO employee_address(SSN,Street,City,District) VALUES (8795175188,'3005 Cranberry Hwy Rt 6 28','Wareham','MA');
INSERT INTO employee_address(SSN,Street,City,District) VALUES (4626479798,'250 Rt 59','Airmont','NY');
INSERT INTO employee_address(SSN,Street,City,District) VALUES (2301202047,'141 Washington Ave Extension','Albany','NY');
INSERT INTO employee_address(SSN,Street,City,District) VALUES (8674557072,'13858 Rt 31 W','Albion','NY');
INSERT INTO employee_address(SSN,Street,City,District) VALUES (7635460557,'2055 Niagara Falls Blvd','Amherst','NY');
INSERT INTO employee_address(SSN,Street,City,District) VALUES (7782466558,'101 Sanford Farm Shpg Center','Amsterdam','NY');
INSERT INTO employee_address(SSN,Street,City,District) VALUES (4969094481,'297 Grant Avenue','Auburn','NY');
INSERT INTO employee_address(SSN,Street,City,District) VALUES (4752778806,'4133 Veterans Memorial Drive','Batavia','NY');
INSERT INTO employee_address(SSN,Street,City,District) VALUES (8212677542,'6265 Brockport Spencerport Rd','Brockport','NY');
INSERT INTO employee_address(SSN,Street,City,District) VALUES (5742536172,'5399 W Genesse St','Camillus','NY');
INSERT INTO employee_address(SSN,Street,City,District) VALUES (4873821958,'3191 County rd 10','Canandaigua','NY');
INSERT INTO employee_address(SSN,Street,City,District) VALUES (4489026557,'30 Catskill','Catskill','NY');
INSERT INTO employee_address(SSN,Street,City,District) VALUES (7477315846,'161 Centereach Mall','Centereach','NY');
INSERT INTO employee_address(SSN,Street,City,District) VALUES (8461753291,'3018 East Ave','Central Square','NY');
INSERT INTO employee_address(SSN,Street,City,District) VALUES (4489026557,'100 Thruway Plaza','Cheektowaga','NY');
INSERT INTO employee_address(SSN,Street,City,District) VALUES (4363749676,'8064 Brewerton Rd','Cicero','NY');
INSERT INTO employee_address(SSN,Street,City,District) VALUES (2450261740,'5033 Transit Road','Clarence','NY');
INSERT INTO employee_address(SSN,Street,City,District) VALUES (2788235274,'3949 Route 31','Clay','NY');
INSERT INTO employee_address(SSN,Street,City,District) VALUES (9096514989,'139 Merchant Place','Cobleskill','NY');
INSERT INTO employee_address(SSN,Street,City,District) VALUES (2933447263,'85 Crooked Hill Road','Commack','NY');
INSERT INTO employee_address(SSN,Street,City,District) VALUES (2301202047,'872 Route 13','Cortlandville','NY');
INSERT INTO employee_address(SSN,Street,City,District) VALUES (5592470717,'279 Troy Road','East Greenbush','NY');
INSERT INTO employee_address(SSN,Street,City,District) VALUES (9772120764,'2465 Hempstead Turnpike','East Meadow','NY');
INSERT INTO employee_address(SSN,Street,City,District) VALUES (5742536172,'6438 Basile Rowe','East Syracuse','NY');
INSERT INTO employee_address(SSN,Street,City,District) VALUES (2180190279,'25737 US Rt 11','Evans Mills','NY');
INSERT INTO employee_address(SSN,Street,City,District) VALUES (2450261740,'901 Route 110','Farmingdale','NY');
INSERT INTO employee_address(SSN,Street,City,District) VALUES (7835880876,'2400 Route 9','Fishkill','NY');
INSERT INTO employee_address(SSN,Street,City,District) VALUES (2564929537,'10401 Bennett Road','Fredonia','NY');
INSERT INTO employee_address(SSN,Street,City,District) VALUES (3470596071,'1818 State Route 3','Fulton','NY');
INSERT INTO employee_address(SSN,Street,City,District) VALUES (8674557072,'4300 Lakeville Road','Geneseo','NY');
INSERT INTO employee_address(SSN,Street,City,District) VALUES (7835880876,'990 Route 5 20','Geneva','NY');
INSERT INTO employee_address(SSN,Street,City,District) VALUES (2933447263,'311 RT 9W','Glenmont','NY');
INSERT INTO employee_address(SSN,Street,City,District) VALUES (9194838561,'200 Dutch Meadows Ln','Glenville','NY');
INSERT INTO employee_address(SSN,Street,City,District) VALUES (8158863943,'100 Elm Ridge Center Dr','Greece','NY');
INSERT INTO employee_address(SSN,Street,City,District) VALUES (2450261740,'1549 Rt 9','Halfmoon','NY');
INSERT INTO employee_address(SSN,Street,City,District) VALUES (2296480977,'5360 Southwestern Blvd','Hamburg','NY');
INSERT INTO employee_address(SSN,Street,City,District) VALUES (4636486247,'103 North Caroline St','Herkimer','NY');
INSERT INTO employee_address(SSN,Street,City,District) VALUES (9119842120,'1000 State Route 36','Hornell','NY');
INSERT INTO employee_address(SSN,Street,City,District) VALUES (1430605561,'1400 County Rd 64','Horseheads','NY');
INSERT INTO employee_address(SSN,Street,City,District) VALUES (7378875948,'135 Fairgrounds Memorial Pkwy','Ithaca','NY');
INSERT INTO employee_address(SSN,Street,City,District) VALUES (9847255474,'2 Gannett Dr','Johnson City','NY');
INSERT INTO employee_address(SSN,Street,City,District) VALUES (6762227282,'233 5th Ave Ext','Johnstown','NY');
INSERT INTO employee_address(SSN,Street,City,District) VALUES (6004615448,'601 Frank Stottile Blvd','Kingston','NY');
INSERT INTO employee_address(SSN,Street,City,District) VALUES (7029451799,'350 E Fairmount Ave','Lakewood','NY');
INSERT INTO employee_address(SSN,Street,City,District) VALUES (7835880876,'4975 Transit Rd','Lancaster','NY');
INSERT INTO employee_address(SSN,Street,City,District) VALUES (5432228423,'579 Troy-Schenectady Road','Latham','NY');
INSERT INTO employee_address(SSN,Street,City,District) VALUES (6762227282,'5783 So Transit Road','Lockport','NY');
INSERT INTO employee_address(SSN,Street,City,District) VALUES (6946049097,'7155 State Rt 12 S','Lowville','NY');
INSERT INTO employee_address(SSN,Street,City,District) VALUES (7989003234,'425 Route 31','Macedon','NY');
INSERT INTO employee_address(SSN,Street,City,District) VALUES (9757708436,'3222 State Rt 11','Malone','NY');
INSERT INTO employee_address(SSN,Street,City,District) VALUES (9104267686,'200 Sunrise Mall','Massapequa','NY');
INSERT INTO employee_address(SSN,Street,City,District) VALUES (7198846778,'43 Stephenville St','Massena','NY');
INSERT INTO employee_address(SSN,Street,City,District) VALUES (9096514989,'750 Middle Country Road','Middle Island','NY');
INSERT INTO employee_address(SSN,Street,City,District) VALUES (7378875948,'470 Route 211 East','Middletown','NY');
INSERT INTO employee_address(SSN,Street,City,District) VALUES (7029451799,'3133 E Main St','Mohegan Lake','NY');
INSERT INTO employee_address(SSN,Street,City,District) VALUES (5400537514,'288 Larkin','Monroe','NY');
INSERT INTO employee_address(SSN,Street,City,District) VALUES (6662974529,'41 Anawana Lake Road','Monticello','NY');
INSERT INTO employee_address(SSN,Street,City,District) VALUES (5372045579,'4765 Commercial Drive','New Hartford','NY');
INSERT INTO employee_address(SSN,Street,City,District) VALUES (7949879275,'1201 Rt 300','Newburgh','NY');
INSERT INTO employee_address(SSN,Street,City,District) VALUES (1188734988,'255 W Main St','Avon','CT');
INSERT INTO employee_address(SSN,Street,City,District) VALUES (2564929537,'120 Commercial Parkway','Branford','CT');
INSERT INTO employee_address(SSN,Street,City,District) VALUES (4764615442,'1400 Farmington Ave','Bristol','CT');
INSERT INTO employee_address(SSN,Street,City,District) VALUES (1188734988,'161 Berlin Road','Cromwell','CT');
INSERT INTO employee_address(SSN,Street,City,District) VALUES (1397342575,'67 Newton Rd','Danbury','CT');
INSERT INTO employee_address(SSN,Street,City,District) VALUES (6425190290,'656 New Haven Ave','Derby','CT');
INSERT INTO employee_address(SSN,Street,City,District) VALUES (1490819075,'69 Prospect Hill Road','East Windsor','CT');
INSERT INTO employee_address(SSN,Street,City,District) VALUES (5590961435,'150 Gold Star Hwy','Groton','CT');
INSERT INTO employee_address(SSN,Street,City,District) VALUES (7756039818,'900 Boston Post Road','Guilford','CT');
INSERT INTO employee_address(SSN,Street,City,District) VALUES (5742536172,'2300 Dixwell Ave','Hamden','CT');
INSERT INTO employee_address(SSN,Street,City,District) VALUES (2450261740,'495 Flatbush Ave','Hartford','CT');
INSERT INTO employee_address(SSN,Street,City,District) VALUES (7414950549,'180 River Rd','Lisbon','CT');
INSERT INTO employee_address(SSN,Street,City,District) VALUES (4873821958,'420 Buckland Hills Dr','Manchester','CT');
INSERT INTO employee_address(SSN,Street,City,District) VALUES (3470596071,'1365 Boston Post Road','Milford','CT');
INSERT INTO employee_address(SSN,Street,City,District) VALUES (9747160608,'1100 New Haven Road','Naugatuck','CT');
INSERT INTO employee_address(SSN,Street,City,District) VALUES (4636486247,'315 Foxon Blvd','New Haven','CT');
INSERT INTO employee_address(SSN,Street,City,District) VALUES (5432228423,'164 Danbury Rd','New Milford','CT');
INSERT INTO employee_address(SSN,Street,City,District) VALUES (8399118814,'3164 Berlin Turnpike','Newington','CT');
INSERT INTO employee_address(SSN,Street,City,District) VALUES (1928318628,'474 Boston Post Road','North Windham','CT');
INSERT INTO employee_address(SSN,Street,City,District) VALUES (4800273419,'650 Main Ave','Norwalk','CT');
INSERT INTO employee_address(SSN,Street,City,District) VALUES (4179356812,'680 Connecticut Avenue','Norwalk','CT');
INSERT INTO employee_address(SSN,Street,City,District) VALUES (7782466558,'220 Salem Turnpike','Norwich','CT');
INSERT INTO employee_address(SSN,Street,City,District) VALUES (9757708436,'655 Boston Post Rd','Old Saybrook','CT');
INSERT INTO employee_address(SSN,Street,City,District) VALUES (5400537514,'625 School Street','Putnam','CT');
INSERT INTO employee_address(SSN,Street,City,District) VALUES (2661515333,'80 Town Line Rd','Rocky Hill','CT');
INSERT INTO employee_address(SSN,Street,City,District) VALUES (9119842120,'465 Bridgeport Avenue','Shelton','CT');
INSERT INTO employee_address(SSN,Street,City,District) VALUES (4764615442,'235 Queen St','Southington','CT');
INSERT INTO employee_address(SSN,Street,City,District) VALUES (3470596071,'150 Barnum Avenue Cutoff','Stratford','CT');
INSERT INTO employee_address(SSN,Street,City,District) VALUES (4752778806,'970 Torringford Street','Torrington','CT');
INSERT INTO employee_address(SSN,Street,City,District) VALUES (7756039818,'844 No Colony Road','Wallingford','CT');
INSERT INTO employee_address(SSN,Street,City,District) VALUES (5654709470,'910 Wolcott St','Waterbury','CT');
INSERT INTO employee_address(SSN,Street,City,District) VALUES (1397342575,'155 Waterford Parkway No','Waterford','CT');
INSERT INTO employee_address(SSN,Street,City,District) VALUES (4873821958,'515 Sawmill Road','West Haven','CT');
INSERT INTO employee_address(SSN,Street,City,District) VALUES (7949879275,'2473 Hackworth Road','Adamsville','AL');
INSERT INTO employee_address(SSN,Street,City,District) VALUES (5409372751,'630 Coonial Promenade Pkwy','Alabaster','AL');
INSERT INTO employee_address(SSN,Street,City,District) VALUES (6004615448,'2643 Hwy 280 West','Alexander City','AL');
INSERT INTO employee_address(SSN,Street,City,District) VALUES (2450261740,'540 West Bypass','Andalusia','AL');
INSERT INTO employee_address(SSN,Street,City,District) VALUES (7989003234,'5560 Mcclellan Blvd','Anniston','AL');
INSERT INTO employee_address(SSN,Street,City,District) VALUES (2301202047,'1450 No Brindlee Mtn Pkwy','Arab','AL');
INSERT INTO employee_address(SSN,Street,City,District) VALUES (7106578523,'1011 US Hwy 72 East','Athens','AL');
INSERT INTO employee_address(SSN,Street,City,District) VALUES (3297983355,'973 Gilbert Ferry Road Se','Attalla','AL');
INSERT INTO employee_address(SSN,Street,City,District) VALUES (9194838561,'1717 South College Street','Auburn','AL');
INSERT INTO employee_address(SSN,Street,City,District) VALUES (1430605561,'701 Mcmeans Ave','Bay Minette','AL');
INSERT INTO employee_address(SSN,Street,City,District) VALUES (8674557072,'750 Academy Drive','Bessemer','AL');
INSERT INTO employee_address(SSN,Street,City,District) VALUES (4500776857,'312 Palisades Blvd','Birmingham','AL');
INSERT INTO employee_address(SSN,Street,City,District) VALUES (7076486352,'1600 Montclair Rd','Birmingham','AL');
INSERT INTO employee_address(SSN,Street,City,District) VALUES (1188734988,'5919 Trussville Crossings Pkwy','Birmingham','AL');
INSERT INTO employee_address(SSN,Street,City,District) VALUES (7546521910,'9248 Parkway East','Birmingham','AL');
INSERT INTO employee_address(SSN,Street,City,District) VALUES (7949879275,'1972 Hwy 431','Boaz','AL');
INSERT INTO employee_address(SSN,Street,City,District) VALUES (4752778806,'10675 Hwy 5','Brent','AL');
INSERT INTO employee_address(SSN,Street,City,District) VALUES (7949879275,'2041 Douglas Avenue','Brewton','AL');
INSERT INTO employee_address(SSN,Street,City,District) VALUES (9847255474,'5100 Hwy 31','Calera','AL');
INSERT INTO employee_address(SSN,Street,City,District) VALUES (4500776857,'1916 Center Point Rd','Center Point','AL');
INSERT INTO employee_address(SSN,Street,City,District) VALUES (1824880450,'1950 W Main St','Centre','AL');
INSERT INTO employee_address(SSN,Street,City,District) VALUES (4145085552,'16077 Highway 280','Chelsea','AL');
INSERT INTO employee_address(SSN,Street,City,District) VALUES (4396598363,'1415 7Th Street South','Clanton','AL');
INSERT INTO employee_address(SSN,Street,City,District) VALUES (7198846778,'626 Olive Street Sw','Cullman','AL');
INSERT INTO employee_address(SSN,Street,City,District) VALUES (4636486247,'27520 Hwy 98','Daphne','AL');
INSERT INTO employee_address(SSN,Street,City,District) VALUES (7198846778,'2800 Spring Avn SW','Decatur','AL');
INSERT INTO employee_address(SSN,Street,City,District) VALUES (2788235274,'969 Us Hwy 80 West','Demopolis','AL');
INSERT INTO employee_address(SSN,Street,City,District) VALUES (7122593343,'3300 South Oates Street','Dothan','AL');
INSERT INTO employee_address(SSN,Street,City,District) VALUES (4179356812,'4310 Montgomery Hwy','Dothan','AL');
INSERT INTO employee_address(SSN,Street,City,District) VALUES (5866153371,'600 Boll Weevil Circle','Enterprise','AL');
INSERT INTO employee_address(SSN,Street,City,District) VALUES (3752970480,'3176 South Eufaula Avenue','Eufaula','AL');
INSERT INTO employee_address(SSN,Street,City,District) VALUES (7954601626,'7100 Aaron Aronov Drive','Fairfield','AL');
INSERT INTO employee_address(SSN,Street,City,District) VALUES (3470596071,'10040 County Road 48','Fairhope','AL');
INSERT INTO employee_address(SSN,Street,City,District) VALUES (4500776857,'3186 Hwy 171 North','Fayette','AL');
INSERT INTO employee_address(SSN,Street,City,District) VALUES (9392610560,'3100 Hough Rd','Florence','AL');
INSERT INTO employee_address(SSN,Street,City,District) VALUES (1490819075,'2200 South Mckenzie St','Foley','AL');
INSERT INTO employee_address(SSN,Street,City,District) VALUES (6946049097,'2001 Glenn Bldv Sw','Fort Payne','AL');
INSERT INTO employee_address(SSN,Street,City,District) VALUES (8158863943,'340 East Meighan Blvd','Gadsden','AL');
INSERT INTO employee_address(SSN,Street,City,District) VALUES (9847255474,'890 Odum Road','Gardendale','AL');
INSERT INTO employee_address(SSN,Street,City,District) VALUES (9772120764,'1608 W Magnolia Ave','Geneva','AL');
INSERT INTO employee_address(SSN,Street,City,District) VALUES (9638087454,'501 Willow Lane','Greenville','AL');
INSERT INTO employee_address(SSN,Street,City,District) VALUES (9104267686,'170 Fort Morgan Road','Gulf Shores','AL');
INSERT INTO employee_address(SSN,Street,City,District) VALUES (3670275171,'11697 US Hwy 431','Guntersville','AL');
INSERT INTO employee_address(SSN,Street,City,District) VALUES (9812666138,'42417 Hwy 195','Haleyville','AL');
INSERT INTO employee_address(SSN,Street,City,District) VALUES (5432228423,'1706 Military Street South','Hamilton','AL');
INSERT INTO employee_address(SSN,Street,City,District) VALUES (9204866711,'1201 Hwy 31 NW','Hartselle','AL');
INSERT INTO employee_address(SSN,Street,City,District) VALUES (3998273266,'209 Lakeshore Parkway','Homewood','AL');
INSERT INTO employee_address(SSN,Street,City,District) VALUES (1188734988,'2780 John Hawkins Pkwy','Hoover','AL');
INSERT INTO employee_address(SSN,Street,City,District) VALUES (9392610560,'5335 Hwy 280 South','Hoover','AL');
INSERT INTO employee_address(SSN,Street,City,District) VALUES (4090925514,'1007 Red Farmer Drive','Hueytown','AL');
INSERT INTO employee_address(SSN,Street,City,District) VALUES (3670275171,'2900 S Mem PkwyDrake Ave','Huntsville','AL');
INSERT INTO employee_address(SSN,Street,City,District) VALUES (4179356812,'11610 Memorial Pkwy South','Huntsville','AL');
INSERT INTO employee_address(SSN,Street,City,District) VALUES (8160927995,'2200 Sparkman Drive','Huntsville','AL');
INSERT INTO employee_address(SSN,Street,City,District) VALUES (4764615442,'330 Sutton Rd','Huntsville','AL');
INSERT INTO employee_address(SSN,Street,City,District) VALUES (8674557072,'6140A Univ Drive','Huntsville','AL');
INSERT INTO employee_address(SSN,Street,City,District) VALUES (4873821958,'4206 N College Ave','Jackson','AL');
INSERT INTO employee_address(SSN,Street,City,District) VALUES (9749772271,'1625 Pelham South','Jacksonville','AL');
INSERT INTO employee_address(SSN,Street,City,District) VALUES (4489026557,'1801 Hwy 78 East','Jasper','AL');
INSERT INTO employee_address(SSN,Street,City,District) VALUES (3470596071,'8551 Whitfield Ave','Leeds','AL');
INSERT INTO employee_address(SSN,Street,City,District) VALUES (9772120764,'8650 Madison Blvd','Madison','AL');
INSERT INTO employee_address(SSN,Street,City,District) VALUES (5866153371,'145 Kelley Blvd','Millbrook','AL');
INSERT INTO employee_address(SSN,Street,City,District) VALUES (3631584592,'1970 S University Blvd','Mobile','AL');
INSERT INTO employee_address(SSN,Street,City,District) VALUES (7546521910,'6350 Cottage Hill Road','Mobile','AL');
INSERT INTO employee_address(SSN,Street,City,District) VALUES (2296480977,'101 South Beltline Highway','Mobile','AL');
INSERT INTO employee_address(SSN,Street,City,District) VALUES (1928318628,'2500 Dawes Road','Mobile','AL');
INSERT INTO employee_address(SSN,Street,City,District) VALUES (4752778806,'5245 Rangeline Service Rd','Mobile','AL');
INSERT INTO employee_address(SSN,Street,City,District) VALUES (4363749676,'685 Schillinger Rd','Mobile','AL');
INSERT INTO employee_address(SSN,Street,City,District) VALUES (6662974529,'3371 S Alabama Ave','Monroeville','AL');
INSERT INTO employee_address(SSN,Street,City,District) VALUES (6839710329,'10710 Chantilly Pkwy','Montgomery','AL');
INSERT INTO employee_address(SSN,Street,City,District) VALUES (4636486247,'3801 Eastern Blvd','Montgomery','AL');
INSERT INTO employee_address(SSN,Street,City,District) VALUES (9104267686,'6495 Atlanta Hwy','Montgomery','AL');
INSERT INTO employee_address(SSN,Street,City,District) VALUES (4145085552,'851 Ann St','Montgomery','AL');
INSERT INTO employee_address(SSN,Street,City,District) VALUES (2661515333,'15445 Highway 24','Moulton','AL');
INSERT INTO employee_address(SSN,Street,City,District) VALUES (6004615448,'517 West Avalon Ave','Muscle Shoals','AL');
INSERT INTO employee_address(SSN,Street,City,District) VALUES (9772120764,'5710 Mcfarland Blvd','Northport','AL');
INSERT INTO employee_address(SSN,Street,City,District) VALUES (9772120764,'2453 2Nd Avenue East','Oneonta','AL');
INSERT INTO employee_address(SSN,Street,City,District) VALUES (4800273419,'2900 Pepperrell Pkwy','Opelika','AL');
INSERT INTO employee_address(SSN,Street,City,District) VALUES (7378875948,'92 Plaza Lane','Oxford','AL');
INSERT INTO employee_address(SSN,Street,City,District) VALUES (9204866711,'1537 Hwy 231 South','Ozark','AL');
INSERT INTO employee_address(SSN,Street,City,District) VALUES (2788235274,'2181 Pelham Pkwy','Pelham','AL');
INSERT INTO employee_address(SSN,Street,City,District) VALUES (4396598363,'165 Vaughan Ln','Pell City','AL');
INSERT INTO employee_address(SSN,Street,City,District) VALUES (4422887943,'3700 Hwy 280-431 N','Phenix City','AL');
INSERT INTO employee_address(SSN,Street,City,District) VALUES (7076486352,'1903 Cobbs Ford Rd','Prattville','AL');
INSERT INTO employee_address(SSN,Street,City,District) VALUES (1038861268,'4180 Us Hwy 431','Roanoke','AL');
INSERT INTO employee_address(SSN,Street,City,District) VALUES (9812666138,'13675 Hwy 43','Russellville','AL');
INSERT INTO employee_address(SSN,Street,City,District) VALUES (1824880450,'1095 Industrial Pkwy','Saraland','AL');
INSERT INTO employee_address(SSN,Street,City,District) VALUES (1188734988,'24833 Johnt Reidprkw','Scottsboro','AL');
INSERT INTO employee_address(SSN,Street,City,District) VALUES (5372045579,'1501 Hwy 14 East','Selma','AL');
INSERT INTO employee_address(SSN,Street,City,District) VALUES (4145085552,'7855 Moffett Rd','Semmes','AL');
INSERT INTO employee_address(SSN,Street,City,District) VALUES (3752970480,'150 Springville Station Blvd','Springville','AL');
INSERT INTO employee_address(SSN,Street,City,District) VALUES (9812666138,'690 Hwy 78','Sumiton','AL');
INSERT INTO employee_address(SSN,Street,City,District) VALUES (5592470717,'41301 US Hwy 280','Sylacauga','AL');
INSERT INTO employee_address(SSN,Street,City,District) VALUES (2450261740,'214 Haynes Street','Talladega','AL');
INSERT INTO employee_address(SSN,Street,City,District) VALUES (4145085552,'1300 Gilmer Ave','Tallassee','AL');
INSERT INTO employee_address(SSN,Street,City,District) VALUES (6971713444,'34301 Hwy 43','Thomasville','AL');
INSERT INTO employee_address(SSN,Street,City,District) VALUES (3670275171,'1420 Us 231 South','Troy','AL');
INSERT INTO employee_address(SSN,Street,City,District) VALUES (3631584592,'1501 Skyland Blvd E','Tuscaloosa','AL');
INSERT INTO employee_address(SSN,Street,City,District) VALUES (4396598363,'3501 20th Av','Valley','AL');
INSERT INTO employee_address(SSN,Street,City,District) VALUES (6425190290,'1300 Montgomery Highway','Vestavia Hills','AL');
INSERT INTO employee_address(SSN,Street,City,District) VALUES (3949455487,'4538 Us Hwy 231','Wetumpka','AL');
INSERT INTO employee_address(SSN,Street,City,District) VALUES (8461753291,'2575 Us Hwy 43','Winfield','AL');
INSERT INTO employee_address(SSN,Street,City,District) VALUES (8212677542,'194 Carroll St','Cheektowaga','MA');
INSERT INTO employee_address(SSN,Street,City,District) VALUES (6004615448,'38 Dare Ct','Montgomery','AL');
INSERT INTO employee_address(SSN,Street,City,District) VALUES (6762227282,'31 4th Ct','Center Point','MA');
INSERT INTO employee_address(SSN,Street,City,District) VALUES (7029451799,'591 4th St','Sturbridge','AL');
INSERT INTO employee_address(SSN,Street,City,District) VALUES (4500776857,'122 E 102nd St Apt 5B','Lunenburg','NY');
INSERT INTO employee_address(SSN,Street,City,District) VALUES (7782466558,'215 W 75th St Apt 4D','Glenville','AL');
INSERT INTO employee_address(SSN,Street,City,District) VALUES (1490819075,'327 Convent Ave','Fairfield','AL');
INSERT INTO employee_address(SSN,Street,City,District) VALUES (7122593343,'1151 83rd St','Avon','MA');
INSERT INTO employee_address(SSN,Street,City,District) VALUES (4145085552,'364 Armstrong Ave','Newington','MA');
INSERT INTO employee_address(SSN,Street,City,District) VALUES (7076486352,'761 S Oak Dr','Selma','AL');
INSERT INTO employee_address(SSN,Street,City,District) VALUES (9812666138,'781 Sheperd Ave','North Attleboro','AL');
INSERT INTO employee_address(SSN,Street,City,District) VALUES (2596009902,'103-12 104th St','Tewksbury','MA');
INSERT INTO employee_address(SSN,Street,City,District) VALUES (4752778806,'781 Sheperd Ave','Pelham','AL');
INSERT INTO employee_address(SSN,Street,City,District) VALUES (4873821958,'103-12 104th St','Camillus','MA');
INSERT INTO employee_address(SSN,Street,City,District) VALUES (5590961435,'135-38 224th St','Sturbridge','NY');
INSERT INTO employee_address(SSN,Street,City,District) VALUES (6755557127,'57 Neutral Ave','West Haven','NY');
INSERT INTO employee_address(SSN,Street,City,District) VALUES (4500776857,'45 E 74th St','Bellingham','NY');
INSERT INTO employee_address(SSN,Street,City,District) VALUES (4969094481,'421 W 154th St','Ware','CT');

INSERT INTO passenger(PID,PassportNo,Sex,DOB,Nationality,Fname,Minit,Lname) VALUES (1,163504525056,'F','2004-04-16','Chile','Jeremy','Z.','Ernest');
INSERT INTO passenger(PID,PassportNo,Sex,DOB,Nationality,Fname,Minit,Lname) VALUES (2,666089552442,'F','2007-05-26','New Caledonia','Ruby','S.','Alan');
INSERT INTO passenger(PID,PassportNo,Sex,DOB,Nationality,Fname,Minit,Lname) VALUES (3,817491210983,'F','2003-03-14','Malaysia','Harold','C.','Joe');
INSERT INTO passenger(PID,PassportNo,Sex,DOB,Nationality,Fname,Minit,Lname) VALUES (4,116966269423,'F','1995-11-18','Australia','Mary','K.','Melissa');
INSERT INTO passenger(PID,PassportNo,Sex,DOB,Nationality,Fname,Minit,Lname) VALUES (5,324652366165,'F','1959-04-01','Ireland','Theresa','K.','Christopher');
INSERT INTO passenger(PID,PassportNo,Sex,DOB,Nationality,Fname,Minit,Lname) VALUES (6,685685132362,'F','1967-06-30','Greece','Joshua','R.','Amy');
INSERT INTO passenger(PID,PassportNo,Sex,DOB,Nationality,Fname,Minit,Lname) VALUES (7,736666864186,'F','1969-12-24','Italy','Amanda','Y.','Elizabeth');
INSERT INTO passenger(PID,PassportNo,Sex,DOB,Nationality,Fname,Minit,Lname) VALUES (8,668584675116,'F','1984-09-16','Indonesia','Sharon','O.','Anne');
INSERT INTO passenger(PID,PassportNo,Sex,DOB,Nationality,Fname,Minit,Lname) VALUES (9,837436127403,'M','2013-07-07','Chile','Cheryl','Q.','Maria');
INSERT INTO passenger(PID,PassportNo,Sex,DOB,Nationality,Fname,Minit,Lname) VALUES (10,914874626586,'M','1955-07-25','Luxembourg','Linda','E.','Andrea');
INSERT INTO passenger(PID,PassportNo,Sex,DOB,Nationality,Fname,Minit,Lname) VALUES (11,884312598473,'F','1980-06-12','Italy','Paul','W.','Jose');
INSERT INTO passenger(PID,PassportNo,Sex,DOB,Nationality,Fname,Minit,Lname) VALUES (12,360414515455,'F','1979-09-06','Tanzania','Lillian','D.','Andrea');
INSERT INTO passenger(PID,PassportNo,Sex,DOB,Nationality,Fname,Minit,Lname) VALUES (13,637687295671,'F','2002-08-17','Egypt','Paul','Z.','Judy');
INSERT INTO passenger(PID,PassportNo,Sex,DOB,Nationality,Fname,Minit,Lname) VALUES (14,987397261814,'M','2020-09-13','Korea','William','W.','Wayne');
INSERT INTO passenger(PID,PassportNo,Sex,DOB,Nationality,Fname,Minit,Lname) VALUES (15,592808822059,'F','1985-11-16','Mauritius','Tammy','P.','Ralph');
INSERT INTO passenger(PID,PassportNo,Sex,DOB,Nationality,Fname,Minit,Lname) VALUES (16,594060113424,'F','1989-05-28','Kuwait','Phillip','Q.','Anne');
INSERT INTO passenger(PID,PassportNo,Sex,DOB,Nationality,Fname,Minit,Lname) VALUES (17,131448503508,'M','1965-11-17','Germany','Nancy','W.','Thomas');
INSERT INTO passenger(PID,PassportNo,Sex,DOB,Nationality,Fname,Minit,Lname) VALUES (18,387037013129,'M','1971-09-19','Iran','Joyce','H.','Jack');
INSERT INTO passenger(PID,PassportNo,Sex,DOB,Nationality,Fname,Minit,Lname) VALUES (19,851933846856,'F','2010-06-26','Japan','Nancy','U.','Diane');
INSERT INTO passenger(PID,PassportNo,Sex,DOB,Nationality,Fname,Minit,Lname) VALUES (20,668384788587,'F','2009-06-27','United States','Frances','H.','Phillip');
INSERT INTO passenger(PID,PassportNo,Sex,DOB,Nationality,Fname,Minit,Lname) VALUES (21,478047188197,'F','2011-06-05','Bahamas','Judy','Q.','Harold');
INSERT INTO passenger(PID,PassportNo,Sex,DOB,Nationality,Fname,Minit,Lname) VALUES (22,290330949429,'F','1984-05-09','Argentina','Wayne','O.','Nancy');
INSERT INTO passenger(PID,PassportNo,Sex,DOB,Nationality,Fname,Minit,Lname) VALUES (23,813285495628,'M','2020-12-29','Antigua and Barbuda','Todd','N.','Henry');
INSERT INTO passenger(PID,PassportNo,Sex,DOB,Nationality,Fname,Minit,Lname) VALUES (24,278216914289,'M','1950-10-04','Colombia','Frances','I.','Kelly');
INSERT INTO passenger(PID,PassportNo,Sex,DOB,Nationality,Fname,Minit,Lname) VALUES (25,320493127399,'F','1993-06-05','United Kingdom','Clarence','K.','Jeremy');
INSERT INTO passenger(PID,PassportNo,Sex,DOB,Nationality,Fname,Minit,Lname) VALUES (26,575717817169,'F','1962-12-07','Mexico','Melissa','R.','Harold');
INSERT INTO passenger(PID,PassportNo,Sex,DOB,Nationality,Fname,Minit,Lname) VALUES (27,662000707379,'M','1978-02-15','Spain','Brenda','P.','William');
INSERT INTO passenger(PID,PassportNo,Sex,DOB,Nationality,Fname,Minit,Lname) VALUES (28,207254415061,'M','1952-01-09','Tanzania','Ralph','M.','Linda');
INSERT INTO passenger(PID,PassportNo,Sex,DOB,Nationality,Fname,Minit,Lname) VALUES (29,427715990985,'F','1986-05-03','Egypt','Paul','Z.','Judy');
INSERT INTO passenger(PID,PassportNo,Sex,DOB,Nationality,Fname,Minit,Lname) VALUES (30,770338399743,'M','1969-05-11','Serbia','Larry','K.','Nancy');
INSERT INTO passenger(PID,PassportNo,Sex,DOB,Nationality,Fname,Minit,Lname) VALUES (31,893323307427,'M','1996-11-18','Morocco','Cynthia','S.','Jimmy');
INSERT INTO passenger(PID,PassportNo,Sex,DOB,Nationality,Fname,Minit,Lname) VALUES (32,757779170628,'M','2016-01-24','Lebanon','Lillian','A.','Douglas');
INSERT INTO passenger(PID,PassportNo,Sex,DOB,Nationality,Fname,Minit,Lname) VALUES (33,913262481886,'F','1986-08-19','Colombia','Frances','I.','Kelly');
INSERT INTO passenger(PID,PassportNo,Sex,DOB,Nationality,Fname,Minit,Lname) VALUES (34,276080261779,'F','1978-02-06','Syrian Arab Republic','Anne','K.','Jeremy');
INSERT INTO passenger(PID,PassportNo,Sex,DOB,Nationality,Fname,Minit,Lname) VALUES (35,842851936568,'M','2001-08-22','Spain','Brenda','P.','William');
INSERT INTO passenger(PID,PassportNo,Sex,DOB,Nationality,Fname,Minit,Lname) VALUES (36,262835550881,'F','1965-02-22','United States','Frances','H.','Phillip');
INSERT INTO passenger(PID,PassportNo,Sex,DOB,Nationality,Fname,Minit,Lname) VALUES (37,908513399438,'M','1984-12-22','Korea','William','W.','Wayne');
INSERT INTO passenger(PID,PassportNo,Sex,DOB,Nationality,Fname,Minit,Lname) VALUES (38,967307505979,'M','1973-10-03','United States','Cheryl','P.','Melissa');
INSERT INTO passenger(PID,PassportNo,Sex,DOB,Nationality,Fname,Minit,Lname) VALUES (39,273883637251,'M','1982-12-08','Kuwait','Phillip','Q.','Anne');
INSERT INTO passenger(PID,PassportNo,Sex,DOB,Nationality,Fname,Minit,Lname) VALUES (40,639713592234,'M','1957-10-29','Egypt','Ernest','T.','Elizabeth');
INSERT INTO passenger(PID,PassportNo,Sex,DOB,Nationality,Fname,Minit,Lname) VALUES (41,219704207301,'F','1973-02-02','India','Rebecca','D.','Kelly');
INSERT INTO passenger(PID,PassportNo,Sex,DOB,Nationality,Fname,Minit,Lname) VALUES (42,870301977764,'F','1995-01-16','United Kingdom','Clarence','K.','Jeremy');
INSERT INTO passenger(PID,PassportNo,Sex,DOB,Nationality,Fname,Minit,Lname) VALUES (43,260759138565,'F','1980-08-28','Italy','Brenda','K.','Jimmy');
INSERT INTO passenger(PID,PassportNo,Sex,DOB,Nationality,Fname,Minit,Lname) VALUES (44,636519995117,'F','1982-11-27','Netherlands','Maria','N.','Jason');
INSERT INTO passenger(PID,PassportNo,Sex,DOB,Nationality,Fname,Minit,Lname) VALUES (45,827663967971,'F','1969-04-28','Ethiopia','Daniel','V.','Roy');
INSERT INTO passenger(PID,PassportNo,Sex,DOB,Nationality,Fname,Minit,Lname) VALUES (46,590622752507,'F','1993-11-10','Costa Rica','Antonio','B.','Harold');
INSERT INTO passenger(PID,PassportNo,Sex,DOB,Nationality,Fname,Minit,Lname) VALUES (47,452574351421,'M','2018-12-03','Serbia','Larry','K.','Nancy');
INSERT INTO passenger(PID,PassportNo,Sex,DOB,Nationality,Fname,Minit,Lname) VALUES (48,673657223491,'M','2003-06-16','Argentina','Wayne','O.','Nancy');
INSERT INTO passenger(PID,PassportNo,Sex,DOB,Nationality,Fname,Minit,Lname) VALUES (49,787058468136,'F','2009-06-03','Australia','Mary','K.','Melissa');
INSERT INTO passenger(PID,PassportNo,Sex,DOB,Nationality,Fname,Minit,Lname) VALUES (50,228869778910,'M','1963-08-15','India','Rebecca','D.','Kelly');
INSERT INTO passenger(PID,PassportNo,Sex,DOB,Nationality,Fname,Minit,Lname) VALUES (51,715066137281,'M','1988-01-07','Tanzania','Ralph','M.','Linda');
INSERT INTO passenger(PID,PassportNo,Sex,DOB,Nationality,Fname,Minit,Lname) VALUES (52,299965748338,'M','1981-10-21','Spain','Diana','C.','Peter');
INSERT INTO passenger(PID,PassportNo,Sex,DOB,Nationality,Fname,Minit,Lname) VALUES (53,340404414391,'F','1951-09-20','United States','Cheryl','P.','Melissa');
INSERT INTO passenger(PID,PassportNo,Sex,DOB,Nationality,Fname,Minit,Lname) VALUES (54,144312571933,'M','1997-10-15','Belgium','Aaron','L.','Nicole');
INSERT INTO passenger(PID,PassportNo,Sex,DOB,Nationality,Fname,Minit,Lname) VALUES (55,392974396410,'M','2018-04-03','Colombia','Frances','I.','Kelly');
INSERT INTO passenger(PID,PassportNo,Sex,DOB,Nationality,Fname,Minit,Lname) VALUES (56,690092934541,'M','1989-05-15','Israel','Theresa','K.','Anne');
INSERT INTO passenger(PID,PassportNo,Sex,DOB,Nationality,Fname,Minit,Lname) VALUES (57,139199058274,'M','2007-08-16','Germany','Janice','P.','William');
INSERT INTO passenger(PID,PassportNo,Sex,DOB,Nationality,Fname,Minit,Lname) VALUES (58,700988550733,'M','1966-01-22','Mozambique','Carolyn','W.','Clarence');
INSERT INTO passenger(PID,PassportNo,Sex,DOB,Nationality,Fname,Minit,Lname) VALUES (59,537584851209,'M','2004-07-06','United States','Lois','L.','Brenda');
INSERT INTO passenger(PID,PassportNo,Sex,DOB,Nationality,Fname,Minit,Lname) VALUES (60,344104718373,'M','1963-05-30','Greece','Joshua','R.','Amy');
INSERT INTO passenger(PID,PassportNo,Sex,DOB,Nationality,Fname,Minit,Lname) VALUES (61,793778852683,'M','1965-05-09','Australia','Mary','K.','Melissa');
INSERT INTO passenger(PID,PassportNo,Sex,DOB,Nationality,Fname,Minit,Lname) VALUES (62,276208899290,'F','2016-06-23','Thailand','Eugene','B.','Steven');
INSERT INTO passenger(PID,PassportNo,Sex,DOB,Nationality,Fname,Minit,Lname) VALUES (63,409599078104,'F','1984-12-21','Ethiopia','Daniel','V.','Roy');
INSERT INTO passenger(PID,PassportNo,Sex,DOB,Nationality,Fname,Minit,Lname) VALUES (64,782194837237,'F','1960-11-12','Morocco','Cynthia','S.','Jimmy');
INSERT INTO passenger(PID,PassportNo,Sex,DOB,Nationality,Fname,Minit,Lname) VALUES (65,126154386949,'F','2002-03-25','Ethiopia','Daniel','V.','Roy');
INSERT INTO passenger(PID,PassportNo,Sex,DOB,Nationality,Fname,Minit,Lname) VALUES (66,183343856104,'M','1993-09-05','Egypt','Amy','G.','Thomas');
INSERT INTO passenger(PID,PassportNo,Sex,DOB,Nationality,Fname,Minit,Lname) VALUES (67,104145151450,'F','1977-03-01','Cyprus','Gregory','X.','Amanda');
INSERT INTO passenger(PID,PassportNo,Sex,DOB,Nationality,Fname,Minit,Lname) VALUES (68,750705930946,'F','1973-05-18','Poland','Richard','X.','Clarence');
INSERT INTO passenger(PID,PassportNo,Sex,DOB,Nationality,Fname,Minit,Lname) VALUES (69,504354491479,'F','1961-06-02','Democratic People''s Republic of Korea','Peter','M.','Joyce');
INSERT INTO passenger(PID,PassportNo,Sex,DOB,Nationality,Fname,Minit,Lname) VALUES (70,137572684548,'F','1971-02-14','Thailand','Eugene','B.','Steven');
INSERT INTO passenger(PID,PassportNo,Sex,DOB,Nationality,Fname,Minit,Lname) VALUES (71,365328174532,'M','1968-09-29','Czech Republic','Joan','U.','Larry');
INSERT INTO passenger(PID,PassportNo,Sex,DOB,Nationality,Fname,Minit,Lname) VALUES (72,613852924871,'F','1969-01-21','Saudi Arabia','Ruby','P.','Roy');
INSERT INTO passenger(PID,PassportNo,Sex,DOB,Nationality,Fname,Minit,Lname) VALUES (73,155036556692,'M','2005-03-22','Ethiopia','Daniel','V.','Roy');
INSERT INTO passenger(PID,PassportNo,Sex,DOB,Nationality,Fname,Minit,Lname) VALUES (74,203845287357,'M','2003-07-26','Bahamas','Judy','Q.','Harold');
INSERT INTO passenger(PID,PassportNo,Sex,DOB,Nationality,Fname,Minit,Lname) VALUES (75,685662583091,'M','1977-02-11','Panama','Jose','P.','Carl');
INSERT INTO passenger(PID,PassportNo,Sex,DOB,Nationality,Fname,Minit,Lname) VALUES (76,783463270763,'M','1957-10-03','Netherlands','Maria','N.','Jason');
INSERT INTO passenger(PID,PassportNo,Sex,DOB,Nationality,Fname,Minit,Lname) VALUES (77,454924916227,'F','1952-04-05','Cyprus','Gregory','X.','Amanda');
INSERT INTO passenger(PID,PassportNo,Sex,DOB,Nationality,Fname,Minit,Lname) VALUES (78,558965449689,'M','2010-03-06','United States','Cheryl','P.','Melissa');
INSERT INTO passenger(PID,PassportNo,Sex,DOB,Nationality,Fname,Minit,Lname) VALUES (79,315709693891,'F','2009-03-10','Finland','Alan','R.','Larry');
INSERT INTO passenger(PID,PassportNo,Sex,DOB,Nationality,Fname,Minit,Lname) VALUES (80,283608688156,'M','1976-11-18','Pakistan','Janet','W.','Jason');
INSERT INTO passenger(PID,PassportNo,Sex,DOB,Nationality,Fname,Minit,Lname) VALUES (81,539459878308,'F','1998-12-26','Argentina','Wayne','O.','Nancy');
INSERT INTO passenger(PID,PassportNo,Sex,DOB,Nationality,Fname,Minit,Lname) VALUES (82,973442328570,'M','1976-08-16','Russian Federation','Ryan','K.','Linda');
INSERT INTO passenger(PID,PassportNo,Sex,DOB,Nationality,Fname,Minit,Lname) VALUES (83,615326128987,'M','2008-04-22','Mozambique','Carolyn','W.','Clarence');
INSERT INTO passenger(PID,PassportNo,Sex,DOB,Nationality,Fname,Minit,Lname) VALUES (84,806561979870,'F','2016-04-25','Antigua and Barbuda','Todd','N.','Henry');
INSERT INTO passenger(PID,PassportNo,Sex,DOB,Nationality,Fname,Minit,Lname) VALUES (85,633998084147,'M','1956-11-06','China','Patrick','R.','Deborah');
INSERT INTO passenger(PID,PassportNo,Sex,DOB,Nationality,Fname,Minit,Lname) VALUES (86,108303993371,'M','2012-09-14','Iran','Joyce','H.','Jack');
INSERT INTO passenger(PID,PassportNo,Sex,DOB,Nationality,Fname,Minit,Lname) VALUES (87,942523319575,'M','1968-10-02','Luxembourg','Jason','W.','Diane');
INSERT INTO passenger(PID,PassportNo,Sex,DOB,Nationality,Fname,Minit,Lname) VALUES (88,769428173274,'F','1997-06-29','French Polynesia','Debra','L.','Amy');
INSERT INTO passenger(PID,PassportNo,Sex,DOB,Nationality,Fname,Minit,Lname) VALUES (89,128766472273,'M','1997-03-13','Iran','Joyce','H.','Jack');
INSERT INTO passenger(PID,PassportNo,Sex,DOB,Nationality,Fname,Minit,Lname) VALUES (90,905248498359,'M','1975-12-27','Greece','Joshua','R.','Amy');
INSERT INTO passenger(PID,PassportNo,Sex,DOB,Nationality,Fname,Minit,Lname) VALUES (91,236595618485,'F','1964-11-13','Russian Federation','Ryan','K.','Linda');
INSERT INTO passenger(PID,PassportNo,Sex,DOB,Nationality,Fname,Minit,Lname) VALUES (92,839758404638,'F','1953-08-19','United States','Lois','L.','Brenda');
INSERT INTO passenger(PID,PassportNo,Sex,DOB,Nationality,Fname,Minit,Lname) VALUES (93,373214697254,'M','1983-09-11','Israel','Theresa','K.','Anne');
INSERT INTO passenger(PID,PassportNo,Sex,DOB,Nationality,Fname,Minit,Lname) VALUES (94,471339057844,'F','1991-03-18','New Zealand','Carl','P.','Joyce');
INSERT INTO passenger(PID,PassportNo,Sex,DOB,Nationality,Fname,Minit,Lname) VALUES (95,314003926694,'M','1996-05-13','Syrian Arab Republic','Anne','K.','Jeremy');
INSERT INTO passenger(PID,PassportNo,Sex,DOB,Nationality,Fname,Minit,Lname) VALUES (96,945758475977,'M','1985-03-29','Korea','William','W.','Wayne');
INSERT INTO passenger(PID,PassportNo,Sex,DOB,Nationality,Fname,Minit,Lname) VALUES (97,589305643028,'F','1956-11-21','United Kingdom','Clarence','K.','Jeremy');
INSERT INTO passenger(PID,PassportNo,Sex,DOB,Nationality,Fname,Minit,Lname) VALUES (98,473898729118,'M','1952-06-17','Angola','Judy','S.','Amanda');
INSERT INTO passenger(PID,PassportNo,Sex,DOB,Nationality,Fname,Minit,Lname) VALUES (99,122286953298,'F','2001-03-06','Italy','Julia','N.','Anne');
INSERT INTO passenger(PID,PassportNo,Sex,DOB,Nationality,Fname,Minit,Lname) VALUES (100,991159359060,'M','2019-07-27','Tanzania','Lillian','D.','Andrea');
INSERT INTO passenger(PID,PassportNo,Sex,DOB,Nationality,Fname,Minit,Lname) VALUES (101,169743439487,'F','2012-09-08','El Salvador','Jimmy','U.','Amy');
INSERT INTO passenger(PID,PassportNo,Sex,DOB,Nationality,Fname,Minit,Lname) VALUES (102,209605202367,'F','2015-08-30','Germany','Jack','O.','Diane');
INSERT INTO passenger(PID,PassportNo,Sex,DOB,Nationality,Fname,Minit,Lname) VALUES (103,420522435117,'M','1978-04-04','France','Thomas','P.','Jose');
INSERT INTO passenger(PID,PassportNo,Sex,DOB,Nationality,Fname,Minit,Lname) VALUES (104,171463613735,'M','1956-12-21','Kuwait','Phillip','Q.','Anne');
INSERT INTO passenger(PID,PassportNo,Sex,DOB,Nationality,Fname,Minit,Lname) VALUES (105,236496981834,'M','2012-08-14','Finland','Alan','R.','Larry');
INSERT INTO passenger(PID,PassportNo,Sex,DOB,Nationality,Fname,Minit,Lname) VALUES (106,750345650209,'F','1951-04-21','Indonesia','Sharon','O.','Anne');
INSERT INTO passenger(PID,PassportNo,Sex,DOB,Nationality,Fname,Minit,Lname) VALUES (107,255143427071,'F','1966-04-07','Ireland','Theresa','K.','Christopher');
INSERT INTO passenger(PID,PassportNo,Sex,DOB,Nationality,Fname,Minit,Lname) VALUES (108,507502273172,'M','2011-02-21','French Polynesia','Debra','L.','Amy');
INSERT INTO passenger(PID,PassportNo,Sex,DOB,Nationality,Fname,Minit,Lname) VALUES (109,363954585389,'M','2021-04-11','Ireland','Theresa','K.','Christopher');
INSERT INTO passenger(PID,PassportNo,Sex,DOB,Nationality,Fname,Minit,Lname) VALUES (110,197554023513,'M','1957-12-10','Solomon Islands','Dorothy','K.','Elizabeth');
INSERT INTO passenger(PID,PassportNo,Sex,DOB,Nationality,Fname,Minit,Lname) VALUES (111,796608200097,'F','1995-07-30','Pakistan','Janet','W.','Jason');
INSERT INTO passenger(PID,PassportNo,Sex,DOB,Nationality,Fname,Minit,Lname) VALUES (112,148986260275,'M','1970-05-30','El Salvador','Jimmy','U.','Amy');
INSERT INTO passenger(PID,PassportNo,Sex,DOB,Nationality,Fname,Minit,Lname) VALUES (113,234111218534,'F','1995-09-03','French Polynesia','Debra','L.','Amy');
INSERT INTO passenger(PID,PassportNo,Sex,DOB,Nationality,Fname,Minit,Lname) VALUES (114,609663920272,'F','1977-12-03','Germany','Janice','P.','William');
INSERT INTO passenger(PID,PassportNo,Sex,DOB,Nationality,Fname,Minit,Lname) VALUES (115,929297416987,'F','1961-01-19','Poland','Richard','X.','Clarence');
INSERT INTO passenger(PID,PassportNo,Sex,DOB,Nationality,Fname,Minit,Lname) VALUES (116,962232823166,'F','1958-12-12','Tanzania','Ralph','M.','Linda');
INSERT INTO passenger(PID,PassportNo,Sex,DOB,Nationality,Fname,Minit,Lname) VALUES (117,380551907467,'F','2003-02-25','Sweden','Ann','D.','Amy');
INSERT INTO passenger(PID,PassportNo,Sex,DOB,Nationality,Fname,Minit,Lname) VALUES (118,915763974077,'F','1977-06-22','United States','Carol','K.','Tammy');
INSERT INTO passenger(PID,PassportNo,Sex,DOB,Nationality,Fname,Minit,Lname) VALUES (119,665959924863,'F','1971-02-23','Cyprus','Gregory','X.','Amanda');
INSERT INTO passenger(PID,PassportNo,Sex,DOB,Nationality,Fname,Minit,Lname) VALUES (120,585260732041,'F','1959-06-16','Suriname','Ernest','S.','Carolyn');
INSERT INTO passenger(PID,PassportNo,Sex,DOB,Nationality,Fname,Minit,Lname) VALUES (121,845933225071,'M','2012-02-20','El Salvador','Jimmy','U.','Amy');
INSERT INTO passenger(PID,PassportNo,Sex,DOB,Nationality,Fname,Minit,Lname) VALUES (122,193621225492,'F','2015-10-19','United States','Lois','L.','Brenda');
INSERT INTO passenger(PID,PassportNo,Sex,DOB,Nationality,Fname,Minit,Lname) VALUES (123,549493194393,'M','1997-08-28','Vanuatu','Deborah','X.','Amy');
INSERT INTO passenger(PID,PassportNo,Sex,DOB,Nationality,Fname,Minit,Lname) VALUES (124,848211614744,'M','1957-09-16','Germany','Janice','P.','William');
INSERT INTO passenger(PID,PassportNo,Sex,DOB,Nationality,Fname,Minit,Lname) VALUES (125,377438306300,'F','2022-09-03','Vanuatu','Deborah','X.','Amy');
INSERT INTO passenger(PID,PassportNo,Sex,DOB,Nationality,Fname,Minit,Lname) VALUES (126,675857733540,'F','1959-01-10','Hong Kong SAR, China','Margaret','T.','Jack');
INSERT INTO passenger(PID,PassportNo,Sex,DOB,Nationality,Fname,Minit,Lname) VALUES (127,935275147754,'M','1957-07-03','Mexico','Melissa','R.','Harold');
INSERT INTO passenger(PID,PassportNo,Sex,DOB,Nationality,Fname,Minit,Lname) VALUES (128,451972572710,'F','2011-06-02','Vanuatu','Deborah','X.','Amy');
INSERT INTO passenger(PID,PassportNo,Sex,DOB,Nationality,Fname,Minit,Lname) VALUES (129,218472617215,'M','1988-07-20','Korea','William','W.','Wayne');
INSERT INTO passenger(PID,PassportNo,Sex,DOB,Nationality,Fname,Minit,Lname) VALUES (130,262060927169,'F','1964-05-10','Germany','Janice','P.','William');
INSERT INTO passenger(PID,PassportNo,Sex,DOB,Nationality,Fname,Minit,Lname) VALUES (131,559459169240,'F','1963-05-18','Hong Kong SAR, China','Melissa','J.','Peter');
INSERT INTO passenger(PID,PassportNo,Sex,DOB,Nationality,Fname,Minit,Lname) VALUES (132,860796141501,'M','2013-10-04','Panama','Jose','P.','Carl');
INSERT INTO passenger(PID,PassportNo,Sex,DOB,Nationality,Fname,Minit,Lname) VALUES (133,841381966993,'F','1987-07-31','Israel','Theresa','K.','Anne');
INSERT INTO passenger(PID,PassportNo,Sex,DOB,Nationality,Fname,Minit,Lname) VALUES (134,612217407801,'M','2011-05-02','Argentina','Wayne','O.','Nancy');
INSERT INTO passenger(PID,PassportNo,Sex,DOB,Nationality,Fname,Minit,Lname) VALUES (135,343520147064,'M','2010-10-24','India','Rebecca','D.','Kelly');
INSERT INTO passenger(PID,PassportNo,Sex,DOB,Nationality,Fname,Minit,Lname) VALUES (136,816778502275,'M','1973-05-17','United States','Benjamin','X.','Pamela');
INSERT INTO passenger(PID,PassportNo,Sex,DOB,Nationality,Fname,Minit,Lname) VALUES (137,322512724038,'F','2013-02-06','Mauritius','Tammy','P.','Ralph');
INSERT INTO passenger(PID,PassportNo,Sex,DOB,Nationality,Fname,Minit,Lname) VALUES (138,210348479895,'F','1974-04-24','Ireland','Theresa','K.','Christopher');
INSERT INTO passenger(PID,PassportNo,Sex,DOB,Nationality,Fname,Minit,Lname) VALUES (139,336604061702,'M','1982-10-14','Russian Federation','Ryan','K.','Linda');
INSERT INTO passenger(PID,PassportNo,Sex,DOB,Nationality,Fname,Minit,Lname) VALUES (140,183589116984,'F','1995-04-02','Saudi Arabia','Ruby','P.','Roy');
INSERT INTO passenger(PID,PassportNo,Sex,DOB,Nationality,Fname,Minit,Lname) VALUES (141,578411460637,'M','1979-05-06','South Africa','Donna','S.','Carl');
INSERT INTO passenger(PID,PassportNo,Sex,DOB,Nationality,Fname,Minit,Lname) VALUES (142,660970620219,'F','2021-04-10','Panama','Jose','P.','Carl');
INSERT INTO passenger(PID,PassportNo,Sex,DOB,Nationality,Fname,Minit,Lname) VALUES (143,482237760882,'F','1999-02-25','India','Mary','V.','Ernest');
INSERT INTO passenger(PID,PassportNo,Sex,DOB,Nationality,Fname,Minit,Lname) VALUES (144,482460522590,'F','2010-02-11','Indonesia','Sharon','O.','Anne');
INSERT INTO passenger(PID,PassportNo,Sex,DOB,Nationality,Fname,Minit,Lname) VALUES (145,531411109268,'F','2020-12-30','United Arab Emirates','Christopher','Q.','Aaron');
INSERT INTO passenger(PID,PassportNo,Sex,DOB,Nationality,Fname,Minit,Lname) VALUES (146,592585793126,'M','1968-08-25','Netherlands','Maria','N.','Jason');
INSERT INTO passenger(PID,PassportNo,Sex,DOB,Nationality,Fname,Minit,Lname) VALUES (147,620208420549,'F','1975-11-27','French Polynesia','Debra','L.','Amy');
INSERT INTO passenger(PID,PassportNo,Sex,DOB,Nationality,Fname,Minit,Lname) VALUES (148,224383950616,'M','1995-05-06','Namibia','Carolyn','Y.','Aaron');
INSERT INTO passenger(PID,PassportNo,Sex,DOB,Nationality,Fname,Minit,Lname) VALUES (149,684221641023,'M','2012-03-29','Turkey','Nicole','X.','Tammy');
INSERT INTO passenger(PID,PassportNo,Sex,DOB,Nationality,Fname,Minit,Lname) VALUES (150,916894624296,'M','1989-11-05','Suriname','Ernest','S.','Carolyn');
INSERT INTO passenger(PID,PassportNo,Sex,DOB,Nationality,Fname,Minit,Lname) VALUES (151,403018276814,'F','1952-04-14','Argentina','Wayne','O.','Nancy');
INSERT INTO passenger(PID,PassportNo,Sex,DOB,Nationality,Fname,Minit,Lname) VALUES (152,677400927009,'M','1967-08-28','Canada','Diane','U.','Maria');
INSERT INTO passenger(PID,PassportNo,Sex,DOB,Nationality,Fname,Minit,Lname) VALUES (153,157635068105,'F','1989-08-29','Finland','Alan','R.','Larry');
INSERT INTO passenger(PID,PassportNo,Sex,DOB,Nationality,Fname,Minit,Lname) VALUES (154,950846558382,'F','1992-05-22','Iran','Joyce','H.','Jack');
INSERT INTO passenger(PID,PassportNo,Sex,DOB,Nationality,Fname,Minit,Lname) VALUES (155,594217190122,'M','2005-09-23','Luxembourg','Jason','W.','Diane');
INSERT INTO passenger(PID,PassportNo,Sex,DOB,Nationality,Fname,Minit,Lname) VALUES (156,405575993364,'M','1962-05-14','Israel','Pamela','I.','Paula');
INSERT INTO passenger(PID,PassportNo,Sex,DOB,Nationality,Fname,Minit,Lname) VALUES (157,599928838956,'F','1969-06-06','Lebanon','Lillian','A.','Douglas');
INSERT INTO passenger(PID,PassportNo,Sex,DOB,Nationality,Fname,Minit,Lname) VALUES (158,677056954275,'M','2006-04-14','Malaysia','Harold','C.','Joe');
INSERT INTO passenger(PID,PassportNo,Sex,DOB,Nationality,Fname,Minit,Lname) VALUES (159,476167670181,'M','1973-07-06','French Polynesia','Debra','L.','Amy');
INSERT INTO passenger(PID,PassportNo,Sex,DOB,Nationality,Fname,Minit,Lname) VALUES (160,754392637751,'M','1988-08-16','Ethiopia','Daniel','V.','Roy');
INSERT INTO passenger(PID,PassportNo,Sex,DOB,Nationality,Fname,Minit,Lname) VALUES (161,725733576782,'M','1968-02-06','Poland','Richard','X.','Clarence');
INSERT INTO passenger(PID,PassportNo,Sex,DOB,Nationality,Fname,Minit,Lname) VALUES (162,377654937971,'F','2012-08-19','Greece','Joshua','R.','Amy');
INSERT INTO passenger(PID,PassportNo,Sex,DOB,Nationality,Fname,Minit,Lname) VALUES (163,188224614045,'M','1982-02-26','South Africa','Douglas','O.','Joe');
INSERT INTO passenger(PID,PassportNo,Sex,DOB,Nationality,Fname,Minit,Lname) VALUES (164,307177641904,'F','2022-07-24','United Arab Emirates','Christopher','Q.','Aaron');
INSERT INTO passenger(PID,PassportNo,Sex,DOB,Nationality,Fname,Minit,Lname) VALUES (165,101047007802,'F','2020-02-12','Germany','Jack','O.','Diane');
INSERT INTO passenger(PID,PassportNo,Sex,DOB,Nationality,Fname,Minit,Lname) VALUES (166,569260475699,'F','1982-10-21','Netherlands','Maria','N.','Jason');
INSERT INTO passenger(PID,PassportNo,Sex,DOB,Nationality,Fname,Minit,Lname) VALUES (167,351724150068,'M','1998-02-20','Seychelles','Carol','X.','Thomas');
INSERT INTO passenger(PID,PassportNo,Sex,DOB,Nationality,Fname,Minit,Lname) VALUES (168,658747094002,'M','1985-05-10','Portugal','Paula','X.','Eugene');
INSERT INTO passenger(PID,PassportNo,Sex,DOB,Nationality,Fname,Minit,Lname) VALUES (169,756342773819,'F','2010-06-11','Ethiopia','Daniel','V.','Roy');
INSERT INTO passenger(PID,PassportNo,Sex,DOB,Nationality,Fname,Minit,Lname) VALUES (170,117925278058,'M','1982-01-24','New Caledonia','Ruby','S.','Alan');
INSERT INTO passenger(PID,PassportNo,Sex,DOB,Nationality,Fname,Minit,Lname) VALUES (171,649418133794,'M','1996-06-19','Angola','Judy','S.','Amanda');
INSERT INTO passenger(PID,PassportNo,Sex,DOB,Nationality,Fname,Minit,Lname) VALUES (172,352356783932,'M','2006-04-17','Trinidad and Tobago','Elizabeth','X.','Jimmy');
INSERT INTO passenger(PID,PassportNo,Sex,DOB,Nationality,Fname,Minit,Lname) VALUES (173,813930002039,'F','1962-01-02','Greece','Joshua','R.','Amy');
INSERT INTO passenger(PID,PassportNo,Sex,DOB,Nationality,Fname,Minit,Lname) VALUES (174,594984231050,'M','1967-03-28','Pakistan','Janet','W.','Jason');
INSERT INTO passenger(PID,PassportNo,Sex,DOB,Nationality,Fname,Minit,Lname) VALUES (175,978110044947,'M','1956-03-02','United States','Benjamin','X.','Pamela');
INSERT INTO passenger(PID,PassportNo,Sex,DOB,Nationality,Fname,Minit,Lname) VALUES (176,992558743401,'F','1992-10-27','Iceland','Nancy','M.','Maria');
INSERT INTO passenger(PID,PassportNo,Sex,DOB,Nationality,Fname,Minit,Lname) VALUES (177,178728174247,'F','1950-05-19','Hong Kong SAR, China','Melissa','J.','Peter');
INSERT INTO passenger(PID,PassportNo,Sex,DOB,Nationality,Fname,Minit,Lname) VALUES (178,481530560735,'F','1967-11-26','Chile','Jeremy','Z.','Ernest');
INSERT INTO passenger(PID,PassportNo,Sex,DOB,Nationality,Fname,Minit,Lname) VALUES (179,739154624666,'M','2009-07-18','Serbia','Larry','K.','Nancy');
INSERT INTO passenger(PID,PassportNo,Sex,DOB,Nationality,Fname,Minit,Lname) VALUES (180,731641494107,'M','1996-07-28','South Africa','Douglas','O.','Joe');
INSERT INTO passenger(PID,PassportNo,Sex,DOB,Nationality,Fname,Minit,Lname) VALUES (181,384492008495,'M','1998-08-10','United Arab Emirates','Martha','B.','Cheryl');
INSERT INTO passenger(PID,PassportNo,Sex,DOB,Nationality,Fname,Minit,Lname) VALUES (182,573654165753,'M','1962-07-18','Cyprus','Gregory','X.','Amanda');
INSERT INTO passenger(PID,PassportNo,Sex,DOB,Nationality,Fname,Minit,Lname) VALUES (183,699644718029,'M','1968-05-19','Chile','Jeremy','Z.','Ernest');
INSERT INTO passenger(PID,PassportNo,Sex,DOB,Nationality,Fname,Minit,Lname) VALUES (184,607766468168,'F','1980-07-05','Bahrain','Roger','J.','Andrea');
INSERT INTO passenger(PID,PassportNo,Sex,DOB,Nationality,Fname,Minit,Lname) VALUES (185,728804733279,'F','1959-07-04','Ireland','Theresa','K.','Christopher');
INSERT INTO passenger(PID,PassportNo,Sex,DOB,Nationality,Fname,Minit,Lname) VALUES (186,813557665010,'F','2014-05-18','Israel','Pamela','I.','Paula');
INSERT INTO passenger(PID,PassportNo,Sex,DOB,Nationality,Fname,Minit,Lname) VALUES (187,571061861286,'M','1972-03-22','Syrian Arab Republic','Anne','K.','Jeremy');
INSERT INTO passenger(PID,PassportNo,Sex,DOB,Nationality,Fname,Minit,Lname) VALUES (188,862858382854,'M','1964-05-31','Italy','Brenda','K.','Jimmy');
INSERT INTO passenger(PID,PassportNo,Sex,DOB,Nationality,Fname,Minit,Lname) VALUES (189,350823794725,'F','2008-11-26','Democratic People''s Republic of Korea','Peter','M.','Joyce');
INSERT INTO passenger(PID,PassportNo,Sex,DOB,Nationality,Fname,Minit,Lname) VALUES (190,561364716806,'M','2001-10-28','Germany','Jack','O.','Diane');
INSERT INTO passenger(PID,PassportNo,Sex,DOB,Nationality,Fname,Minit,Lname) VALUES (191,720122396918,'F','2022-09-29','Netherlands','Maria','N.','Jason');
INSERT INTO passenger(PID,PassportNo,Sex,DOB,Nationality,Fname,Minit,Lname) VALUES (192,185484451546,'F','1955-05-11','United States','Benjamin','X.','Pamela');
INSERT INTO passenger(PID,PassportNo,Sex,DOB,Nationality,Fname,Minit,Lname) VALUES (193,900809543874,'F','1985-06-29','El Salvador','Jimmy','U.','Amy');
INSERT INTO passenger(PID,PassportNo,Sex,DOB,Nationality,Fname,Minit,Lname) VALUES (194,409489827163,'F','2007-04-15','Trinidad and Tobago','Elizabeth','X.','Jimmy');
INSERT INTO passenger(PID,PassportNo,Sex,DOB,Nationality,Fname,Minit,Lname) VALUES (195,821095111384,'M','1965-03-27','Argentina','Andrea','M.','Rebecca');
INSERT INTO passenger(PID,PassportNo,Sex,DOB,Nationality,Fname,Minit,Lname) VALUES (196,930988282935,'M','1952-02-11','United Kingdom','Clarence','K.','Jeremy');
INSERT INTO passenger(PID,PassportNo,Sex,DOB,Nationality,Fname,Minit,Lname) VALUES (197,521372279457,'F','1981-06-13','Hong Kong SAR, China','Melissa','J.','Peter');
INSERT INTO passenger(PID,PassportNo,Sex,DOB,Nationality,Fname,Minit,Lname) VALUES (198,375115555417,'M','1975-03-15','Trinidad and Tobago','Elizabeth','X.','Jimmy');
INSERT INTO passenger(PID,PassportNo,Sex,DOB,Nationality,Fname,Minit,Lname) VALUES (199,725404838150,'M','2006-02-05','Philippines','Roy','A.','Jason');
INSERT INTO passenger(PID,PassportNo,Sex,DOB,Nationality,Fname,Minit,Lname) VALUES (200,981516405274,'M','1986-04-14','Mexico','Melissa','R.','Harold');
INSERT INTO passenger(PID,PassportNo,Sex,DOB,Nationality,Fname,Minit,Lname) VALUES (201,831324850629,'M','1968-04-15','Suriname','Ernest','S.','Carolyn');
INSERT INTO passenger(PID,PassportNo,Sex,DOB,Nationality,Fname,Minit,Lname) VALUES (202,794705496076,'M','1996-07-04','Russian Federation','Ryan','K.','Linda');
INSERT INTO passenger(PID,PassportNo,Sex,DOB,Nationality,Fname,Minit,Lname) VALUES (203,164555352405,'F','2002-03-29','Pakistan','Janet','W.','Jason');
INSERT INTO passenger(PID,PassportNo,Sex,DOB,Nationality,Fname,Minit,Lname) VALUES (204,271265029300,'F','1997-11-16','Germany','Janice','P.','William');
INSERT INTO passenger(PID,PassportNo,Sex,DOB,Nationality,Fname,Minit,Lname) VALUES (205,364720158863,'F','1982-03-23','Germany','Nancy','W.','Thomas');
INSERT INTO passenger(PID,PassportNo,Sex,DOB,Nationality,Fname,Minit,Lname) VALUES (206,802381512886,'M','2022-08-20','Chile','Cheryl','Q.','Maria');
INSERT INTO passenger(PID,PassportNo,Sex,DOB,Nationality,Fname,Minit,Lname) VALUES (207,598920596684,'F','1990-06-29','Lebanon','Lillian','A.','Douglas');
INSERT INTO passenger(PID,PassportNo,Sex,DOB,Nationality,Fname,Minit,Lname) VALUES (208,119939070804,'F','2019-11-12','Hong Kong SAR, China','Melissa','J.','Peter');
INSERT INTO passenger(PID,PassportNo,Sex,DOB,Nationality,Fname,Minit,Lname) VALUES (209,410303568810,'M','1970-06-18','Egypt','Paul','Z.','Judy');
INSERT INTO passenger(PID,PassportNo,Sex,DOB,Nationality,Fname,Minit,Lname) VALUES (210,954892712960,'M','2010-12-16','Cameroon','Jack','J.','Ryan');
INSERT INTO passenger(PID,PassportNo,Sex,DOB,Nationality,Fname,Minit,Lname) VALUES (211,887515917945,'F','2004-06-04','Costa Rica','Antonio','B.','Harold');
INSERT INTO passenger(PID,PassportNo,Sex,DOB,Nationality,Fname,Minit,Lname) VALUES (212,291557850867,'M','1980-01-02','India','Rebecca','D.','Kelly');
INSERT INTO passenger(PID,PassportNo,Sex,DOB,Nationality,Fname,Minit,Lname) VALUES (213,304706979625,'F','1992-03-01','Poland','Richard','X.','Clarence');
INSERT INTO passenger(PID,PassportNo,Sex,DOB,Nationality,Fname,Minit,Lname) VALUES (214,711878917987,'M','1963-04-20','New Zealand','Carl','P.','Joyce');
INSERT INTO passenger(PID,PassportNo,Sex,DOB,Nationality,Fname,Minit,Lname) VALUES (215,475906043727,'F','2006-04-05','Angola','Judy','S.','Amanda');
INSERT INTO passenger(PID,PassportNo,Sex,DOB,Nationality,Fname,Minit,Lname) VALUES (216,535630774376,'M','2011-11-11','Malaysia','Harold','C.','Joe');
INSERT INTO passenger(PID,PassportNo,Sex,DOB,Nationality,Fname,Minit,Lname) VALUES (217,430832818181,'F','1993-05-12','Turkey','Nicole','X.','Tammy');
INSERT INTO passenger(PID,PassportNo,Sex,DOB,Nationality,Fname,Minit,Lname) VALUES (218,301403011702,'F','1955-02-18','Tanzania','Ralph','M.','Linda');
INSERT INTO passenger(PID,PassportNo,Sex,DOB,Nationality,Fname,Minit,Lname) VALUES (219,371548771747,'M','1968-03-03','Egypt','Paul','Z.','Judy');
INSERT INTO passenger(PID,PassportNo,Sex,DOB,Nationality,Fname,Minit,Lname) VALUES (220,777333982081,'F','1989-11-18','Italy','Paul','W.','Jose');
INSERT INTO passenger(PID,PassportNo,Sex,DOB,Nationality,Fname,Minit,Lname) VALUES (221,270096379846,'M','1986-11-13','Korea','William','W.','Wayne');
INSERT INTO passenger(PID,PassportNo,Sex,DOB,Nationality,Fname,Minit,Lname) VALUES (222,958121913250,'F','2022-11-06','India','Rebecca','D.','Kelly');
INSERT INTO passenger(PID,PassportNo,Sex,DOB,Nationality,Fname,Minit,Lname) VALUES (223,438611438257,'F','1974-06-01','Democratic People''s Republic of Korea','Peter','M.','Joyce');
INSERT INTO passenger(PID,PassportNo,Sex,DOB,Nationality,Fname,Minit,Lname) VALUES (224,112298848228,'M','1983-12-14','India','Rebecca','D.','Kelly');
INSERT INTO passenger(PID,PassportNo,Sex,DOB,Nationality,Fname,Minit,Lname) VALUES (225,337694169295,'M','1979-12-05','Chile','Jeremy','Z.','Ernest');
INSERT INTO passenger(PID,PassportNo,Sex,DOB,Nationality,Fname,Minit,Lname) VALUES (226,540326837671,'M','1999-12-27','Panama','Jose','P.','Carl');
INSERT INTO passenger(PID,PassportNo,Sex,DOB,Nationality,Fname,Minit,Lname) VALUES (227,490986212506,'F','2010-07-19','Ethiopia','Daniel','V.','Roy');
INSERT INTO passenger(PID,PassportNo,Sex,DOB,Nationality,Fname,Minit,Lname) VALUES (228,499961811065,'F','1990-03-21','United States','Frances','H.','Phillip');
INSERT INTO passenger(PID,PassportNo,Sex,DOB,Nationality,Fname,Minit,Lname) VALUES (229,332441319981,'M','1970-06-19','Panama','Jose','P.','Carl');
INSERT INTO passenger(PID,PassportNo,Sex,DOB,Nationality,Fname,Minit,Lname) VALUES (230,289772517648,'F','1992-02-27','Germany','Jack','O.','Diane');
INSERT INTO passenger(PID,PassportNo,Sex,DOB,Nationality,Fname,Minit,Lname) VALUES (231,793891140731,'F','2004-12-10','Angola','Judy','S.','Amanda');
INSERT INTO passenger(PID,PassportNo,Sex,DOB,Nationality,Fname,Minit,Lname) VALUES (232,390619515072,'M','1957-05-19','Israel','Pamela','I.','Paula');
INSERT INTO passenger(PID,PassportNo,Sex,DOB,Nationality,Fname,Minit,Lname) VALUES (233,303870121401,'M','1978-08-06','New Zealand','Carl','P.','Joyce');
INSERT INTO passenger(PID,PassportNo,Sex,DOB,Nationality,Fname,Minit,Lname) VALUES (234,872655265307,'F','1963-02-08','Namibia','Carolyn','Y.','Aaron');
INSERT INTO passenger(PID,PassportNo,Sex,DOB,Nationality,Fname,Minit,Lname) VALUES (235,670026177841,'F','1957-10-29','Hong Kong SAR, China','Ann','O.','Mary');
INSERT INTO passenger(PID,PassportNo,Sex,DOB,Nationality,Fname,Minit,Lname) VALUES (236,757627249349,'M','1990-07-06','Colombia','Frances','I.','Kelly');
INSERT INTO passenger(PID,PassportNo,Sex,DOB,Nationality,Fname,Minit,Lname) VALUES (237,602249502641,'M','1995-12-16','Lebanon','Lillian','A.','Douglas');
INSERT INTO passenger(PID,PassportNo,Sex,DOB,Nationality,Fname,Minit,Lname) VALUES (238,445713809906,'F','1963-08-19','Israel','Pamela','I.','Paula');
INSERT INTO passenger(PID,PassportNo,Sex,DOB,Nationality,Fname,Minit,Lname) VALUES (239,978926918951,'M','1970-04-13','Poland','Richard','X.','Clarence');
INSERT INTO passenger(PID,PassportNo,Sex,DOB,Nationality,Fname,Minit,Lname) VALUES (240,748660783507,'M','1969-10-24','Colombia','Frances','I.','Kelly');
INSERT INTO passenger(PID,PassportNo,Sex,DOB,Nationality,Fname,Minit,Lname) VALUES (241,239177571978,'M','2021-01-10','Syrian Arab Republic','Anne','K.','Jeremy');
INSERT INTO passenger(PID,PassportNo,Sex,DOB,Nationality,Fname,Minit,Lname) VALUES (242,685108016400,'M','1967-10-13','New Zealand','Carl','P.','Joyce');
INSERT INTO passenger(PID,PassportNo,Sex,DOB,Nationality,Fname,Minit,Lname) VALUES (243,332927384201,'F','1982-10-16','Suriname','Ernest','S.','Carolyn');
INSERT INTO passenger(PID,PassportNo,Sex,DOB,Nationality,Fname,Minit,Lname) VALUES (244,247932801211,'F','1954-04-18','Israel','Theresa','K.','Anne');
INSERT INTO passenger(PID,PassportNo,Sex,DOB,Nationality,Fname,Minit,Lname) VALUES (245,852784256415,'M','1972-07-19','Israel','Theresa','K.','Anne');
INSERT INTO passenger(PID,PassportNo,Sex,DOB,Nationality,Fname,Minit,Lname) VALUES (246,635734277588,'M','2006-11-22','Germany','Jack','O.','Diane');
INSERT INTO passenger(PID,PassportNo,Sex,DOB,Nationality,Fname,Minit,Lname) VALUES (247,631747086428,'M','2014-09-23','New Caledonia','Ruby','S.','Alan');
INSERT INTO passenger(PID,PassportNo,Sex,DOB,Nationality,Fname,Minit,Lname) VALUES (248,823279104251,'M','1951-03-12','Portugal','Paula','X.','Eugene');
INSERT INTO passenger(PID,PassportNo,Sex,DOB,Nationality,Fname,Minit,Lname) VALUES (249,770978989839,'M','2000-03-14','France','Thomas','P.','Jose');
INSERT INTO passenger(PID,PassportNo,Sex,DOB,Nationality,Fname,Minit,Lname) VALUES (250,580117444790,'M','1977-04-20','Cameroon','Jack','J.','Ryan');
INSERT INTO passenger(PID,PassportNo,Sex,DOB,Nationality,Fname,Minit,Lname) VALUES (251,259701135859,'F','1993-04-07','Spain','Diana','C.','Peter');
INSERT INTO passenger(PID,PassportNo,Sex,DOB,Nationality,Fname,Minit,Lname) VALUES (252,247241401818,'M','1981-12-09','China','Nancy','F.','Carl');
INSERT INTO passenger(PID,PassportNo,Sex,DOB,Nationality,Fname,Minit,Lname) VALUES (253,948295961881,'F','1957-10-29','Mozambique','Carolyn','W.','Clarence');
INSERT INTO passenger(PID,PassportNo,Sex,DOB,Nationality,Fname,Minit,Lname) VALUES (254,591852311618,'M','1975-08-19','Japan','Nancy','U.','Diane');
INSERT INTO passenger(PID,PassportNo,Sex,DOB,Nationality,Fname,Minit,Lname) VALUES (255,193783210567,'F','1965-04-26','India','Mary','V.','Ernest');
INSERT INTO passenger(PID,PassportNo,Sex,DOB,Nationality,Fname,Minit,Lname) VALUES (256,295938798917,'F','1978-08-06','Cyprus','Gregory','X.','Amanda');
INSERT INTO passenger(PID,PassportNo,Sex,DOB,Nationality,Fname,Minit,Lname) VALUES (257,855201683690,'F','1989-07-03','Egypt','Amy','G.','Thomas');
INSERT INTO passenger(PID,PassportNo,Sex,DOB,Nationality,Fname,Minit,Lname) VALUES (258,121461278806,'F','1952-03-27','Solomon Islands','Dorothy','K.','Elizabeth');
INSERT INTO passenger(PID,PassportNo,Sex,DOB,Nationality,Fname,Minit,Lname) VALUES (259,773354086062,'F','1982-04-23','Cyprus','Gregory','X.','Amanda');
INSERT INTO passenger(PID,PassportNo,Sex,DOB,Nationality,Fname,Minit,Lname) VALUES (260,272823854314,'M','1957-11-12','United Arab Emirates','Christopher','Q.','Aaron');
INSERT INTO passenger(PID,PassportNo,Sex,DOB,Nationality,Fname,Minit,Lname) VALUES (261,349651651181,'M','1972-04-25','Poland','Richard','X.','Clarence');
INSERT INTO passenger(PID,PassportNo,Sex,DOB,Nationality,Fname,Minit,Lname) VALUES (262,785351636799,'M','1960-05-20','New Caledonia','Matthew','L.','Linda');
INSERT INTO passenger(PID,PassportNo,Sex,DOB,Nationality,Fname,Minit,Lname) VALUES (263,442390501751,'F','1981-08-24','China','Patrick','R.','Deborah');
INSERT INTO passenger(PID,PassportNo,Sex,DOB,Nationality,Fname,Minit,Lname) VALUES (264,960772211472,'M','2002-02-19','Cyprus','Gregory','X.','Amanda');
INSERT INTO passenger(PID,PassportNo,Sex,DOB,Nationality,Fname,Minit,Lname) VALUES (265,975255711071,'F','1978-04-03','Japan','Nancy','U.','Diane');
INSERT INTO passenger(PID,PassportNo,Sex,DOB,Nationality,Fname,Minit,Lname) VALUES (266,785855965990,'F','2012-08-01','South Africa','Donna','S.','Carl');
INSERT INTO passenger(PID,PassportNo,Sex,DOB,Nationality,Fname,Minit,Lname) VALUES (267,209869104337,'M','2014-03-11','Indonesia','Sharon','O.','Anne');
INSERT INTO passenger(PID,PassportNo,Sex,DOB,Nationality,Fname,Minit,Lname) VALUES (268,343996257563,'M','1984-05-05','United States','Joe','V.','Ralph');
INSERT INTO passenger(PID,PassportNo,Sex,DOB,Nationality,Fname,Minit,Lname) VALUES (269,354214214098,'F','1993-04-15','United States','Carol','K.','Tammy');
INSERT INTO passenger(PID,PassportNo,Sex,DOB,Nationality,Fname,Minit,Lname) VALUES (270,573708685242,'F','1952-10-30','Australia','Mary','K.','Melissa');
INSERT INTO passenger(PID,PassportNo,Sex,DOB,Nationality,Fname,Minit,Lname) VALUES (271,276287734876,'M','1993-05-30','French Polynesia','Debra','L.','Amy');
INSERT INTO passenger(PID,PassportNo,Sex,DOB,Nationality,Fname,Minit,Lname) VALUES (272,323800901017,'F','1999-10-19','Colombia','Frances','I.','Kelly');
INSERT INTO passenger(PID,PassportNo,Sex,DOB,Nationality,Fname,Minit,Lname) VALUES (273,976726365228,'M','1961-06-23','Costa Rica','Antonio','B.','Harold');
INSERT INTO passenger(PID,PassportNo,Sex,DOB,Nationality,Fname,Minit,Lname) VALUES (274,584003390910,'M','1971-02-18','France','Steven','B.','Carol');
INSERT INTO passenger(PID,PassportNo,Sex,DOB,Nationality,Fname,Minit,Lname) VALUES (275,238384278983,'F','1994-10-14','Antigua and Barbuda','Todd','N.','Henry');
INSERT INTO passenger(PID,PassportNo,Sex,DOB,Nationality,Fname,Minit,Lname) VALUES (276,551244246559,'M','2007-10-07','Turkey','Nicole','X.','Tammy');
INSERT INTO passenger(PID,PassportNo,Sex,DOB,Nationality,Fname,Minit,Lname) VALUES (277,365935135245,'M','2010-10-03','United States','Joe','V.','Ralph');
INSERT INTO passenger(PID,PassportNo,Sex,DOB,Nationality,Fname,Minit,Lname) VALUES (278,592289132015,'M','2009-07-31','Mauritius','Tammy','P.','Ralph');
INSERT INTO passenger(PID,PassportNo,Sex,DOB,Nationality,Fname,Minit,Lname) VALUES (279,371091058983,'M','1977-03-21','Trinidad and Tobago','Elizabeth','X.','Jimmy');
INSERT INTO passenger(PID,PassportNo,Sex,DOB,Nationality,Fname,Minit,Lname) VALUES (280,952160786878,'M','2000-06-17','Turkey','Nicole','X.','Tammy');
INSERT INTO passenger(PID,PassportNo,Sex,DOB,Nationality,Fname,Minit,Lname) VALUES (281,190741289087,'F','2012-06-06','French Polynesia','Debra','L.','Amy');
INSERT INTO passenger(PID,PassportNo,Sex,DOB,Nationality,Fname,Minit,Lname) VALUES (282,385263074391,'F','1957-02-13','United States','Frances','H.','Phillip');
INSERT INTO passenger(PID,PassportNo,Sex,DOB,Nationality,Fname,Minit,Lname) VALUES (283,485628518238,'F','1980-06-23','Cuba','Henry','B.','Joyce');
INSERT INTO passenger(PID,PassportNo,Sex,DOB,Nationality,Fname,Minit,Lname) VALUES (284,517900643017,'M','2003-09-24','China','Nancy','F.','Carl');
INSERT INTO passenger(PID,PassportNo,Sex,DOB,Nationality,Fname,Minit,Lname) VALUES (285,552100625578,'F','1950-03-02','New Zealand','Carl','P.','Joyce');
INSERT INTO passenger(PID,PassportNo,Sex,DOB,Nationality,Fname,Minit,Lname) VALUES (286,224933765606,'M','2008-09-22','United States','Joe','V.','Ralph');
INSERT INTO passenger(PID,PassportNo,Sex,DOB,Nationality,Fname,Minit,Lname) VALUES (287,686712023145,'M','2011-10-19','United States','Joe','V.','Ralph');
INSERT INTO passenger(PID,PassportNo,Sex,DOB,Nationality,Fname,Minit,Lname) VALUES (288,698205020148,'M','1958-03-31','United Arab Emirates','Christopher','Q.','Aaron');
INSERT INTO passenger(PID,PassportNo,Sex,DOB,Nationality,Fname,Minit,Lname) VALUES (289,890928290637,'F','1962-06-16','Seychelles','Carol','X.','Thomas');
INSERT INTO passenger(PID,PassportNo,Sex,DOB,Nationality,Fname,Minit,Lname) VALUES (290,182034197839,'M','1994-11-05','Suriname','Ernest','S.','Carolyn');
INSERT INTO passenger(PID,PassportNo,Sex,DOB,Nationality,Fname,Minit,Lname) VALUES (291,403131691813,'M','1960-06-29','France','Thomas','P.','Jose');
INSERT INTO passenger(PID,PassportNo,Sex,DOB,Nationality,Fname,Minit,Lname) VALUES (292,366307266429,'F','2015-01-21','Korea','William','W.','Wayne');
INSERT INTO passenger(PID,PassportNo,Sex,DOB,Nationality,Fname,Minit,Lname) VALUES (293,840046971120,'M','2022-01-17','United Arab Emirates','Martha','B.','Cheryl');
INSERT INTO passenger(PID,PassportNo,Sex,DOB,Nationality,Fname,Minit,Lname) VALUES (294,597337293843,'M','2020-03-29','Solomon Islands','Dorothy','K.','Elizabeth');
INSERT INTO passenger(PID,PassportNo,Sex,DOB,Nationality,Fname,Minit,Lname) VALUES (295,610705538230,'F','1972-03-24','United States','Frances','H.','Phillip');
INSERT INTO passenger(PID,PassportNo,Sex,DOB,Nationality,Fname,Minit,Lname) VALUES (296,624873193528,'F','2000-10-18','Bahrain','Roger','J.','Andrea');
INSERT INTO passenger(PID,PassportNo,Sex,DOB,Nationality,Fname,Minit,Lname) VALUES (297,696371272870,'F','2010-02-03','Trinidad and Tobago','Elizabeth','X.','Jimmy');
INSERT INTO passenger(PID,PassportNo,Sex,DOB,Nationality,Fname,Minit,Lname) VALUES (298,829174981545,'F','2016-09-30','Syrian Arab Republic','Anne','K.','Jeremy');
INSERT INTO passenger(PID,PassportNo,Sex,DOB,Nationality,Fname,Minit,Lname) VALUES (299,786978864398,'F','1961-09-11','India','Rebecca','D.','Kelly');
INSERT INTO passenger(PID,PassportNo,Sex,DOB,Nationality,Fname,Minit,Lname) VALUES (300,890168022590,'M','1959-12-27','Tunisia','Kelly','U.','Phillip');
INSERT INTO passenger(PID,PassportNo,Sex,DOB,Nationality,Fname,Minit,Lname) VALUES (301,380630284354,'M','1965-11-07','China','Patrick','R.','Deborah');
INSERT INTO passenger(PID,PassportNo,Sex,DOB,Nationality,Fname,Minit,Lname) VALUES (302,526722863102,'M','1978-08-13','Canada','Diane','U.','Maria');
INSERT INTO passenger(PID,PassportNo,Sex,DOB,Nationality,Fname,Minit,Lname) VALUES (303,617838855381,'F','2001-12-31','Ethiopia','Daniel','V.','Roy');
INSERT INTO passenger(PID,PassportNo,Sex,DOB,Nationality,Fname,Minit,Lname) VALUES (304,843579994627,'M','1993-08-29','China','Nancy','F.','Carl');
INSERT INTO passenger(PID,PassportNo,Sex,DOB,Nationality,Fname,Minit,Lname) VALUES (305,235798639455,'F','1988-06-02','Pakistan','Janet','W.','Jason');
INSERT INTO passenger(PID,PassportNo,Sex,DOB,Nationality,Fname,Minit,Lname) VALUES (306,599928745897,'F','1962-09-18','France','Steven','B.','Carol');
INSERT INTO passenger(PID,PassportNo,Sex,DOB,Nationality,Fname,Minit,Lname) VALUES (307,783658903574,'M','1993-02-26','Iran','Joyce','H.','Jack');
INSERT INTO passenger(PID,PassportNo,Sex,DOB,Nationality,Fname,Minit,Lname) VALUES (308,612479295521,'F','1980-08-26','United States','Joe','V.','Ralph');
INSERT INTO passenger(PID,PassportNo,Sex,DOB,Nationality,Fname,Minit,Lname) VALUES (309,827747144020,'M','2017-01-26','Luxembourg','Linda','E.','Andrea');
INSERT INTO passenger(PID,PassportNo,Sex,DOB,Nationality,Fname,Minit,Lname) VALUES (310,222865762112,'M','2021-05-08','Malaysia','Harold','C.','Joe');
INSERT INTO passenger(PID,PassportNo,Sex,DOB,Nationality,Fname,Minit,Lname) VALUES (311,956952162719,'F','1975-04-27','Cuba','Henry','B.','Joyce');
INSERT INTO passenger(PID,PassportNo,Sex,DOB,Nationality,Fname,Minit,Lname) VALUES (312,749013255405,'M','1985-08-13','Democratic People''s Republic of Korea','Peter','M.','Joyce');
INSERT INTO passenger(PID,PassportNo,Sex,DOB,Nationality,Fname,Minit,Lname) VALUES (313,814488703560,'M','1999-06-22','Pakistan','Janet','W.','Jason');
INSERT INTO passenger(PID,PassportNo,Sex,DOB,Nationality,Fname,Minit,Lname) VALUES (314,167718366622,'F','2012-06-10','Namibia','Carolyn','Y.','Aaron');
INSERT INTO passenger(PID,PassportNo,Sex,DOB,Nationality,Fname,Minit,Lname) VALUES (315,324884051578,'M','1974-05-04','Hong Kong SAR, China','Ann','O.','Mary');
INSERT INTO passenger(PID,PassportNo,Sex,DOB,Nationality,Fname,Minit,Lname) VALUES (316,826671123598,'M','1979-05-10','Russian Federation','Ryan','K.','Linda');
INSERT INTO passenger(PID,PassportNo,Sex,DOB,Nationality,Fname,Minit,Lname) VALUES (317,875637754977,'F','1973-07-24','Serbia','Larry','K.','Nancy');
INSERT INTO passenger(PID,PassportNo,Sex,DOB,Nationality,Fname,Minit,Lname) VALUES (318,230711764288,'M','1964-06-24','Serbia','Larry','K.','Nancy');
INSERT INTO passenger(PID,PassportNo,Sex,DOB,Nationality,Fname,Minit,Lname) VALUES (319,833579805730,'M','1985-11-22','Hong Kong SAR, China','Ann','O.','Mary');
INSERT INTO passenger(PID,PassportNo,Sex,DOB,Nationality,Fname,Minit,Lname) VALUES (320,897903489042,'M','1985-08-10','Portugal','Paula','X.','Eugene');
INSERT INTO passenger(PID,PassportNo,Sex,DOB,Nationality,Fname,Minit,Lname) VALUES (321,958007759630,'M','1998-02-09','Italy','Amanda','Y.','Elizabeth');
INSERT INTO passenger(PID,PassportNo,Sex,DOB,Nationality,Fname,Minit,Lname) VALUES (322,555183534611,'M','1984-06-15','Philippines','Roy','A.','Jason');
INSERT INTO passenger(PID,PassportNo,Sex,DOB,Nationality,Fname,Minit,Lname) VALUES (323,994959557955,'M','1953-03-20','United Arab Emirates','Martha','B.','Cheryl');
INSERT INTO passenger(PID,PassportNo,Sex,DOB,Nationality,Fname,Minit,Lname) VALUES (324,686630136290,'M','2006-06-11','Canada','Diane','U.','Maria');
INSERT INTO passenger(PID,PassportNo,Sex,DOB,Nationality,Fname,Minit,Lname) VALUES (325,814166154782,'F','1956-11-25','Hong Kong SAR, China','Melissa','J.','Peter');
INSERT INTO passenger(PID,PassportNo,Sex,DOB,Nationality,Fname,Minit,Lname) VALUES (326,477963783391,'F','2021-02-26','Chile','Cheryl','Q.','Maria');
INSERT INTO passenger(PID,PassportNo,Sex,DOB,Nationality,Fname,Minit,Lname) VALUES (327,298514972390,'M','2010-10-05','Iran','Joyce','H.','Jack');
INSERT INTO passenger(PID,PassportNo,Sex,DOB,Nationality,Fname,Minit,Lname) VALUES (328,452130914698,'M','2020-11-21','Democratic People''s Republic of Korea','Peter','M.','Joyce');
INSERT INTO passenger(PID,PassportNo,Sex,DOB,Nationality,Fname,Minit,Lname) VALUES (329,608207165678,'M','1952-09-18','Seychelles','Carol','X.','Thomas');
INSERT INTO passenger(PID,PassportNo,Sex,DOB,Nationality,Fname,Minit,Lname) VALUES (330,785067544929,'M','1950-09-02','New Caledonia','Ruby','S.','Alan');
INSERT INTO passenger(PID,PassportNo,Sex,DOB,Nationality,Fname,Minit,Lname) VALUES (331,122731896596,'F','1955-10-24','Cameroon','Jack','J.','Ryan');
INSERT INTO passenger(PID,PassportNo,Sex,DOB,Nationality,Fname,Minit,Lname) VALUES (332,203516749201,'F','1960-07-09','United States','Cheryl','P.','Melissa');
INSERT INTO passenger(PID,PassportNo,Sex,DOB,Nationality,Fname,Minit,Lname) VALUES (333,382415079979,'F','1952-08-19','Israel','Pamela','I.','Paula');
INSERT INTO passenger(PID,PassportNo,Sex,DOB,Nationality,Fname,Minit,Lname) VALUES (334,566127942385,'F','1977-11-14','Serbia','Larry','K.','Nancy');
INSERT INTO passenger(PID,PassportNo,Sex,DOB,Nationality,Fname,Minit,Lname) VALUES (335,378559803985,'F','1958-05-29','Italy','Brenda','K.','Jimmy');
INSERT INTO passenger(PID,PassportNo,Sex,DOB,Nationality,Fname,Minit,Lname) VALUES (336,162527596764,'M','2014-01-25','Egypt','Amy','G.','Thomas');
INSERT INTO passenger(PID,PassportNo,Sex,DOB,Nationality,Fname,Minit,Lname) VALUES (337,899489942944,'F','2012-02-22','Bahrain','Roger','J.','Andrea');
INSERT INTO passenger(PID,PassportNo,Sex,DOB,Nationality,Fname,Minit,Lname) VALUES (338,219124388442,'M','1981-11-09','Cuba','Henry','B.','Joyce');
INSERT INTO passenger(PID,PassportNo,Sex,DOB,Nationality,Fname,Minit,Lname) VALUES (339,880253198972,'F','1997-10-11','Angola','Judy','S.','Amanda');
INSERT INTO passenger(PID,PassportNo,Sex,DOB,Nationality,Fname,Minit,Lname) VALUES (340,666137912135,'M','1976-01-22','Hong Kong SAR, China','Margaret','T.','Jack');
INSERT INTO passenger(PID,PassportNo,Sex,DOB,Nationality,Fname,Minit,Lname) VALUES (341,683931543189,'F','1954-05-23','United States','Joe','V.','Ralph');
INSERT INTO passenger(PID,PassportNo,Sex,DOB,Nationality,Fname,Minit,Lname) VALUES (342,327822446420,'F','1959-10-31','Solomon Islands','Dorothy','K.','Elizabeth');
INSERT INTO passenger(PID,PassportNo,Sex,DOB,Nationality,Fname,Minit,Lname) VALUES (343,729638797251,'M','1975-03-30','Solomon Islands','Dorothy','K.','Elizabeth');
INSERT INTO passenger(PID,PassportNo,Sex,DOB,Nationality,Fname,Minit,Lname) VALUES (344,518331643711,'M','1990-11-18','Finland','Alan','R.','Larry');
INSERT INTO passenger(PID,PassportNo,Sex,DOB,Nationality,Fname,Minit,Lname) VALUES (345,427906530946,'M','1975-11-28','India','Rebecca','D.','Kelly');
INSERT INTO passenger(PID,PassportNo,Sex,DOB,Nationality,Fname,Minit,Lname) VALUES (346,335888566715,'F','1988-04-11','Belgium','Aaron','L.','Nicole');
INSERT INTO passenger(PID,PassportNo,Sex,DOB,Nationality,Fname,Minit,Lname) VALUES (347,829241718090,'M','1962-09-08','Antigua and Barbuda','Todd','N.','Henry');
INSERT INTO passenger(PID,PassportNo,Sex,DOB,Nationality,Fname,Minit,Lname) VALUES (348,618205848374,'M','2017-11-19','Cyprus','Gregory','X.','Amanda');
INSERT INTO passenger(PID,PassportNo,Sex,DOB,Nationality,Fname,Minit,Lname) VALUES (349,369030641632,'M','1979-07-12','Canada','Diane','U.','Maria');
INSERT INTO passenger(PID,PassportNo,Sex,DOB,Nationality,Fname,Minit,Lname) VALUES (350,772202848079,'M','1959-08-11','Italy','Amanda','Y.','Elizabeth');
INSERT INTO passenger(PID,PassportNo,Sex,DOB,Nationality,Fname,Minit,Lname) VALUES (351,175322043029,'M','1973-07-10','Mozambique','Carolyn','W.','Clarence');
INSERT INTO passenger(PID,PassportNo,Sex,DOB,Nationality,Fname,Minit,Lname) VALUES (352,775341526771,'M','1976-03-01','United States','Benjamin','X.','Pamela');
INSERT INTO passenger(PID,PassportNo,Sex,DOB,Nationality,Fname,Minit,Lname) VALUES (353,141420810726,'M','2008-11-09','Ireland','Theresa','K.','Christopher');
INSERT INTO passenger(PID,PassportNo,Sex,DOB,Nationality,Fname,Minit,Lname) VALUES (354,671748732448,'M','2012-01-17','Israel','Theresa','K.','Anne');
INSERT INTO passenger(PID,PassportNo,Sex,DOB,Nationality,Fname,Minit,Lname) VALUES (355,819298690620,'F','1999-04-24','Iceland','Nancy','M.','Maria');
INSERT INTO passenger(PID,PassportNo,Sex,DOB,Nationality,Fname,Minit,Lname) VALUES (356,617751184698,'M','1964-02-17','Italy','Amanda','Y.','Elizabeth');
INSERT INTO passenger(PID,PassportNo,Sex,DOB,Nationality,Fname,Minit,Lname) VALUES (357,318382645276,'F','1968-02-10','Qatar','Cynthia','K.','Larry');
INSERT INTO passenger(PID,PassportNo,Sex,DOB,Nationality,Fname,Minit,Lname) VALUES (358,333248604382,'F','2012-09-15','Germany','Jack','O.','Diane');
INSERT INTO passenger(PID,PassportNo,Sex,DOB,Nationality,Fname,Minit,Lname) VALUES (359,155960229815,'M','1984-08-26','Poland','Richard','X.','Clarence');
INSERT INTO passenger(PID,PassportNo,Sex,DOB,Nationality,Fname,Minit,Lname) VALUES (360,613438342314,'M','2022-06-27','Mauritius','Tammy','P.','Ralph');
INSERT INTO passenger(PID,PassportNo,Sex,DOB,Nationality,Fname,Minit,Lname) VALUES (361,160887789217,'F','1971-10-01','Germany','Jack','O.','Diane');
INSERT INTO passenger(PID,PassportNo,Sex,DOB,Nationality,Fname,Minit,Lname) VALUES (362,147538940309,'M','1987-01-17','Poland','Richard','X.','Clarence');
INSERT INTO passenger(PID,PassportNo,Sex,DOB,Nationality,Fname,Minit,Lname) VALUES (363,726640568148,'F','1977-10-26','Netherlands','Anne','P.','Theresa');
INSERT INTO passenger(PID,PassportNo,Sex,DOB,Nationality,Fname,Minit,Lname) VALUES (364,303966996921,'M','2016-12-30','Indonesia','Sharon','O.','Anne');
INSERT INTO passenger(PID,PassportNo,Sex,DOB,Nationality,Fname,Minit,Lname) VALUES (365,555170230761,'F','1954-02-07','Chile','Cheryl','Q.','Maria');
INSERT INTO passenger(PID,PassportNo,Sex,DOB,Nationality,Fname,Minit,Lname) VALUES (366,162700365317,'M','1993-10-14','Luxembourg','Jason','W.','Diane');
INSERT INTO passenger(PID,PassportNo,Sex,DOB,Nationality,Fname,Minit,Lname) VALUES (367,935904565402,'M','1995-11-05','Colombia','Frances','I.','Kelly');
INSERT INTO passenger(PID,PassportNo,Sex,DOB,Nationality,Fname,Minit,Lname) VALUES (368,999819319868,'M','1990-02-17','United States','Frances','H.','Phillip');
INSERT INTO passenger(PID,PassportNo,Sex,DOB,Nationality,Fname,Minit,Lname) VALUES (369,221881751055,'F','1975-08-01','Hong Kong SAR, China','Ann','O.','Mary');
INSERT INTO passenger(PID,PassportNo,Sex,DOB,Nationality,Fname,Minit,Lname) VALUES (370,506554556618,'M','1980-10-18','Hong Kong SAR, China','Melissa','J.','Peter');
INSERT INTO passenger(PID,PassportNo,Sex,DOB,Nationality,Fname,Minit,Lname) VALUES (371,321833918311,'F','2018-02-17','China','Patrick','R.','Deborah');
INSERT INTO passenger(PID,PassportNo,Sex,DOB,Nationality,Fname,Minit,Lname) VALUES (372,998656138905,'F','2009-06-06','New Zealand','Carl','P.','Joyce');
INSERT INTO passenger(PID,PassportNo,Sex,DOB,Nationality,Fname,Minit,Lname) VALUES (373,960005544132,'M','1954-10-30','Bahamas','Judy','Q.','Harold');
INSERT INTO passenger(PID,PassportNo,Sex,DOB,Nationality,Fname,Minit,Lname) VALUES (374,607888293403,'F','1991-08-01','Germany','Janice','P.','William');
INSERT INTO passenger(PID,PassportNo,Sex,DOB,Nationality,Fname,Minit,Lname) VALUES (375,386029840764,'M','1967-01-07','Luxembourg','Linda','E.','Andrea');
INSERT INTO passenger(PID,PassportNo,Sex,DOB,Nationality,Fname,Minit,Lname) VALUES (376,975413402717,'F','2008-01-21','Indonesia','Sharon','O.','Anne');
INSERT INTO passenger(PID,PassportNo,Sex,DOB,Nationality,Fname,Minit,Lname) VALUES (377,985084541518,'F','1953-09-22','Namibia','Carolyn','Y.','Aaron');
INSERT INTO passenger(PID,PassportNo,Sex,DOB,Nationality,Fname,Minit,Lname) VALUES (378,537889474388,'M','2011-11-04','Spain','Brenda','P.','William');
INSERT INTO passenger(PID,PassportNo,Sex,DOB,Nationality,Fname,Minit,Lname) VALUES (379,656885519929,'M','1952-09-13','New Zealand','Carl','P.','Joyce');
INSERT INTO passenger(PID,PassportNo,Sex,DOB,Nationality,Fname,Minit,Lname) VALUES (380,149423030095,'F','1978-05-22','United States','Frances','H.','Phillip');
INSERT INTO passenger(PID,PassportNo,Sex,DOB,Nationality,Fname,Minit,Lname) VALUES (381,137131451110,'M','1954-04-29','Argentina','Wayne','O.','Nancy');
INSERT INTO passenger(PID,PassportNo,Sex,DOB,Nationality,Fname,Minit,Lname) VALUES (382,645179237262,'M','2010-12-26','Iran','Joyce','H.','Jack');
INSERT INTO passenger(PID,PassportNo,Sex,DOB,Nationality,Fname,Minit,Lname) VALUES (383,260185450397,'M','1951-08-08','Solomon Islands','Dorothy','K.','Elizabeth');
INSERT INTO passenger(PID,PassportNo,Sex,DOB,Nationality,Fname,Minit,Lname) VALUES (384,301422112308,'M','1967-02-06','South Africa','Donna','S.','Carl');
INSERT INTO passenger(PID,PassportNo,Sex,DOB,Nationality,Fname,Minit,Lname) VALUES (385,731890140420,'M','1971-05-30','Pakistan','Janet','W.','Jason');
INSERT INTO passenger(PID,PassportNo,Sex,DOB,Nationality,Fname,Minit,Lname) VALUES (386,243260122253,'F','1951-09-24','Tunisia','Kelly','U.','Phillip');
INSERT INTO passenger(PID,PassportNo,Sex,DOB,Nationality,Fname,Minit,Lname) VALUES (387,780260764688,'M','2021-12-13','Poland','Richard','X.','Clarence');
INSERT INTO passenger(PID,PassportNo,Sex,DOB,Nationality,Fname,Minit,Lname) VALUES (388,460853176372,'F','1984-08-24','Indonesia','Sharon','O.','Anne');
INSERT INTO passenger(PID,PassportNo,Sex,DOB,Nationality,Fname,Minit,Lname) VALUES (389,243241926541,'M','1966-06-13','United States','Cheryl','P.','Melissa');
INSERT INTO passenger(PID,PassportNo,Sex,DOB,Nationality,Fname,Minit,Lname) VALUES (390,958733055133,'M','1955-07-01','Iceland','Nancy','M.','Maria');
INSERT INTO passenger(PID,PassportNo,Sex,DOB,Nationality,Fname,Minit,Lname) VALUES (391,459117807131,'M','1952-09-10','Canada','Diane','U.','Maria');
INSERT INTO passenger(PID,PassportNo,Sex,DOB,Nationality,Fname,Minit,Lname) VALUES (392,389580581444,'M','2018-12-16','Mozambique','Carolyn','W.','Clarence');
INSERT INTO passenger(PID,PassportNo,Sex,DOB,Nationality,Fname,Minit,Lname) VALUES (393,447749221630,'M','1966-10-20','Solomon Islands','Dorothy','K.','Elizabeth');
INSERT INTO passenger(PID,PassportNo,Sex,DOB,Nationality,Fname,Minit,Lname) VALUES (394,529438894557,'M','1968-05-09','Greece','Joshua','R.','Amy');
INSERT INTO passenger(PID,PassportNo,Sex,DOB,Nationality,Fname,Minit,Lname) VALUES (395,602829582010,'F','1968-03-07','Hong Kong SAR, China','Margaret','T.','Jack');
INSERT INTO passenger(PID,PassportNo,Sex,DOB,Nationality,Fname,Minit,Lname) VALUES (396,470573877857,'M','2014-12-10','Japan','Nancy','U.','Diane');
INSERT INTO passenger(PID,PassportNo,Sex,DOB,Nationality,Fname,Minit,Lname) VALUES (397,686680845153,'F','1969-04-17','Italy','Julia','N.','Anne');
INSERT INTO passenger(PID,PassportNo,Sex,DOB,Nationality,Fname,Minit,Lname) VALUES (398,349742175212,'M','2005-12-27','Trinidad and Tobago','Elizabeth','X.','Jimmy');
INSERT INTO passenger(PID,PassportNo,Sex,DOB,Nationality,Fname,Minit,Lname) VALUES (399,485384912466,'F','1985-07-17','Italy','Julia','N.','Anne');
INSERT INTO passenger(PID,PassportNo,Sex,DOB,Nationality,Fname,Minit,Lname) VALUES (400,751883273799,'M','1993-03-04','Thailand','Eugene','B.','Steven');
INSERT INTO passenger(PID,PassportNo,Sex,DOB,Nationality,Fname,Minit,Lname) VALUES (401,819663763239,'F','1984-12-07','Argentina','Wayne','O.','Nancy');
INSERT INTO passenger(PID,PassportNo,Sex,DOB,Nationality,Fname,Minit,Lname) VALUES (402,667416031972,'M','1977-05-09','Italy','Brenda','K.','Jimmy');
INSERT INTO passenger(PID,PassportNo,Sex,DOB,Nationality,Fname,Minit,Lname) VALUES (403,715577018906,'M','2018-05-16','Australia','Mary','K.','Melissa');
INSERT INTO passenger(PID,PassportNo,Sex,DOB,Nationality,Fname,Minit,Lname) VALUES (404,473914962469,'M','2010-03-12','Chile','Cheryl','Q.','Maria');
INSERT INTO passenger(PID,PassportNo,Sex,DOB,Nationality,Fname,Minit,Lname) VALUES (405,972449057450,'M','1974-02-03','Russian Federation','Ryan','K.','Linda');
INSERT INTO passenger(PID,PassportNo,Sex,DOB,Nationality,Fname,Minit,Lname) VALUES (406,272781325249,'F','1975-05-24','Bahrain','Roger','J.','Andrea');
INSERT INTO passenger(PID,PassportNo,Sex,DOB,Nationality,Fname,Minit,Lname) VALUES (407,798113996646,'M','2012-10-08','Tanzania','Ralph','M.','Linda');
INSERT INTO passenger(PID,PassportNo,Sex,DOB,Nationality,Fname,Minit,Lname) VALUES (408,488540980926,'M','1986-06-14','Czech Republic','Joan','U.','Larry');
INSERT INTO passenger(PID,PassportNo,Sex,DOB,Nationality,Fname,Minit,Lname) VALUES (409,644924262548,'M','1954-12-25','Ireland','Theresa','K.','Christopher');
INSERT INTO passenger(PID,PassportNo,Sex,DOB,Nationality,Fname,Minit,Lname) VALUES (410,122332033265,'M','1980-08-27','Portugal','Paula','X.','Eugene');
INSERT INTO passenger(PID,PassportNo,Sex,DOB,Nationality,Fname,Minit,Lname) VALUES (411,200745737696,'M','1992-08-05','French Polynesia','Debra','L.','Amy');
INSERT INTO passenger(PID,PassportNo,Sex,DOB,Nationality,Fname,Minit,Lname) VALUES (412,634053635552,'M','2014-03-16','Czech Republic','Joan','U.','Larry');
INSERT INTO passenger(PID,PassportNo,Sex,DOB,Nationality,Fname,Minit,Lname) VALUES (413,756844653465,'M','1970-10-01','Spain','Diana','C.','Peter');
INSERT INTO passenger(PID,PassportNo,Sex,DOB,Nationality,Fname,Minit,Lname) VALUES (414,814553450336,'M','1979-06-10','Panama','Jose','P.','Carl');
INSERT INTO passenger(PID,PassportNo,Sex,DOB,Nationality,Fname,Minit,Lname) VALUES (415,645608686091,'M','1961-07-15','Indonesia','Sharon','O.','Anne');
INSERT INTO passenger(PID,PassportNo,Sex,DOB,Nationality,Fname,Minit,Lname) VALUES (416,661919536262,'M','1993-12-02','Mauritius','Tammy','P.','Ralph');
INSERT INTO passenger(PID,PassportNo,Sex,DOB,Nationality,Fname,Minit,Lname) VALUES (417,901757153415,'F','2007-07-13','China','Patrick','R.','Deborah');
INSERT INTO passenger(PID,PassportNo,Sex,DOB,Nationality,Fname,Minit,Lname) VALUES (418,828519060614,'M','2004-09-06','Lebanon','Lillian','A.','Douglas');
INSERT INTO passenger(PID,PassportNo,Sex,DOB,Nationality,Fname,Minit,Lname) VALUES (419,654705087174,'M','1976-07-11','Egypt','Ernest','T.','Elizabeth');
INSERT INTO passenger(PID,PassportNo,Sex,DOB,Nationality,Fname,Minit,Lname) VALUES (420,546922010056,'F','1951-01-28','China','Nancy','F.','Carl');
INSERT INTO passenger(PID,PassportNo,Sex,DOB,Nationality,Fname,Minit,Lname) VALUES (421,647854611665,'M','2005-10-14','Cuba','Henry','B.','Joyce');
INSERT INTO passenger(PID,PassportNo,Sex,DOB,Nationality,Fname,Minit,Lname) VALUES (422,522831696114,'M','1950-01-11','Spain','Brenda','P.','William');
INSERT INTO passenger(PID,PassportNo,Sex,DOB,Nationality,Fname,Minit,Lname) VALUES (423,991419324534,'F','1980-02-18','Seychelles','Carol','X.','Thomas');
INSERT INTO passenger(PID,PassportNo,Sex,DOB,Nationality,Fname,Minit,Lname) VALUES (424,350049725528,'F','1975-10-31','Lebanon','Lillian','A.','Douglas');
INSERT INTO passenger(PID,PassportNo,Sex,DOB,Nationality,Fname,Minit,Lname) VALUES (425,259902600152,'M','1987-08-09','United Kingdom','Clarence','K.','Jeremy');
INSERT INTO passenger(PID,PassportNo,Sex,DOB,Nationality,Fname,Minit,Lname) VALUES (426,520000355439,'F','1996-10-15','Thailand','Eugene','B.','Steven');
INSERT INTO passenger(PID,PassportNo,Sex,DOB,Nationality,Fname,Minit,Lname) VALUES (427,707947736499,'F','2014-02-06','Portugal','Paula','X.','Eugene');
INSERT INTO passenger(PID,PassportNo,Sex,DOB,Nationality,Fname,Minit,Lname) VALUES (428,433962189269,'M','1999-07-20','United States','Lois','L.','Brenda');
INSERT INTO passenger(PID,PassportNo,Sex,DOB,Nationality,Fname,Minit,Lname) VALUES (429,699052036746,'F','1952-01-20','Antigua and Barbuda','Todd','N.','Henry');
INSERT INTO passenger(PID,PassportNo,Sex,DOB,Nationality,Fname,Minit,Lname) VALUES (430,494760133653,'M','1954-12-13','Hong Kong SAR, China','Ann','O.','Mary');
INSERT INTO passenger(PID,PassportNo,Sex,DOB,Nationality,Fname,Minit,Lname) VALUES (431,364033322445,'M','1980-01-29','Tanzania','Ralph','M.','Linda');
INSERT INTO passenger(PID,PassportNo,Sex,DOB,Nationality,Fname,Minit,Lname) VALUES (432,409541922070,'M','1962-01-17','Luxembourg','Linda','E.','Andrea');
INSERT INTO passenger(PID,PassportNo,Sex,DOB,Nationality,Fname,Minit,Lname) VALUES (433,194438418145,'F','1973-05-28','Tanzania','Ralph','M.','Linda');
INSERT INTO passenger(PID,PassportNo,Sex,DOB,Nationality,Fname,Minit,Lname) VALUES (434,725161209466,'F','2015-04-21','United States','Lois','L.','Brenda');
INSERT INTO passenger(PID,PassportNo,Sex,DOB,Nationality,Fname,Minit,Lname) VALUES (435,331875493327,'F','1959-06-28','Italy','Amanda','Y.','Elizabeth');
INSERT INTO passenger(PID,PassportNo,Sex,DOB,Nationality,Fname,Minit,Lname) VALUES (436,683915005138,'F','1971-08-05','Syrian Arab Republic','Anne','K.','Jeremy');
INSERT INTO passenger(PID,PassportNo,Sex,DOB,Nationality,Fname,Minit,Lname) VALUES (437,481956423066,'M','1986-12-13','China','Patrick','R.','Deborah');
INSERT INTO passenger(PID,PassportNo,Sex,DOB,Nationality,Fname,Minit,Lname) VALUES (438,418296476897,'F','1960-07-14','Tanzania','Lillian','D.','Andrea');
INSERT INTO passenger(PID,PassportNo,Sex,DOB,Nationality,Fname,Minit,Lname) VALUES (439,964677894156,'M','2004-08-26','Russian Federation','Ryan','K.','Linda');
INSERT INTO passenger(PID,PassportNo,Sex,DOB,Nationality,Fname,Minit,Lname) VALUES (440,636830231048,'F','1973-07-28','Iran','Joyce','H.','Jack');
INSERT INTO passenger(PID,PassportNo,Sex,DOB,Nationality,Fname,Minit,Lname) VALUES (441,293635068694,'F','2007-09-03','Portugal','Paula','X.','Eugene');
INSERT INTO passenger(PID,PassportNo,Sex,DOB,Nationality,Fname,Minit,Lname) VALUES (442,909130146949,'M','1967-04-23','Pakistan','Janet','W.','Jason');
INSERT INTO passenger(PID,PassportNo,Sex,DOB,Nationality,Fname,Minit,Lname) VALUES (443,679136285717,'M','1972-11-25','Egypt','Paul','Z.','Judy');
INSERT INTO passenger(PID,PassportNo,Sex,DOB,Nationality,Fname,Minit,Lname) VALUES (444,458045796442,'M','1951-11-08','Tanzania','Lillian','D.','Andrea');
INSERT INTO passenger(PID,PassportNo,Sex,DOB,Nationality,Fname,Minit,Lname) VALUES (445,908105001070,'M','1993-08-07','Italy','Brenda','K.','Jimmy');
INSERT INTO passenger(PID,PassportNo,Sex,DOB,Nationality,Fname,Minit,Lname) VALUES (446,669260332729,'F','1998-11-09','Greece','Joshua','R.','Amy');
INSERT INTO passenger(PID,PassportNo,Sex,DOB,Nationality,Fname,Minit,Lname) VALUES (447,958484189335,'M','1990-02-27','Seychelles','Carol','X.','Thomas');
INSERT INTO passenger(PID,PassportNo,Sex,DOB,Nationality,Fname,Minit,Lname) VALUES (448,453764271646,'F','2019-08-05','Italy','Paul','W.','Jose');
INSERT INTO passenger(PID,PassportNo,Sex,DOB,Nationality,Fname,Minit,Lname) VALUES (449,423949364434,'M','2004-12-08','South Africa','Donna','S.','Carl');
INSERT INTO passenger(PID,PassportNo,Sex,DOB,Nationality,Fname,Minit,Lname) VALUES (450,507464654723,'F','2010-05-20','Namibia','Carolyn','Y.','Aaron');
INSERT INTO passenger(PID,PassportNo,Sex,DOB,Nationality,Fname,Minit,Lname) VALUES (451,748432603703,'F','1954-12-24','Namibia','Carolyn','Y.','Aaron');
INSERT INTO passenger(PID,PassportNo,Sex,DOB,Nationality,Fname,Minit,Lname) VALUES (452,103441713281,'F','1980-09-20','Antigua and Barbuda','Todd','N.','Henry');
INSERT INTO passenger(PID,PassportNo,Sex,DOB,Nationality,Fname,Minit,Lname) VALUES (453,966560068268,'M','1965-09-09','Tanzania','Ralph','M.','Linda');
INSERT INTO passenger(PID,PassportNo,Sex,DOB,Nationality,Fname,Minit,Lname) VALUES (454,994169773482,'M','1996-07-24','Bahamas','Judy','Q.','Harold');
INSERT INTO passenger(PID,PassportNo,Sex,DOB,Nationality,Fname,Minit,Lname) VALUES (455,144568051630,'F','1955-07-18','United Arab Emirates','Christopher','Q.','Aaron');
INSERT INTO passenger(PID,PassportNo,Sex,DOB,Nationality,Fname,Minit,Lname) VALUES (456,838091054749,'M','1978-11-25','Kuwait','Phillip','Q.','Anne');
INSERT INTO passenger(PID,PassportNo,Sex,DOB,Nationality,Fname,Minit,Lname) VALUES (457,469360772972,'F','1985-05-27','Chile','Cheryl','Q.','Maria');
INSERT INTO passenger(PID,PassportNo,Sex,DOB,Nationality,Fname,Minit,Lname) VALUES (458,246883897350,'F','2015-06-22','Greece','Joshua','R.','Amy');
INSERT INTO passenger(PID,PassportNo,Sex,DOB,Nationality,Fname,Minit,Lname) VALUES (459,932476037738,'F','2017-03-15','Germany','Jack','O.','Diane');
INSERT INTO passenger(PID,PassportNo,Sex,DOB,Nationality,Fname,Minit,Lname) VALUES (460,356998263272,'F','2010-01-24','Germany','Janice','P.','William');
INSERT INTO passenger(PID,PassportNo,Sex,DOB,Nationality,Fname,Minit,Lname) VALUES (461,152635253366,'M','1951-12-24','Japan','Nancy','U.','Diane');
INSERT INTO passenger(PID,PassportNo,Sex,DOB,Nationality,Fname,Minit,Lname) VALUES (462,873620734185,'F','1984-06-04','Cuba','Henry','B.','Joyce');
INSERT INTO passenger(PID,PassportNo,Sex,DOB,Nationality,Fname,Minit,Lname) VALUES (463,553596449994,'M','2008-12-21','India','Rebecca','D.','Kelly');
INSERT INTO passenger(PID,PassportNo,Sex,DOB,Nationality,Fname,Minit,Lname) VALUES (464,176944873597,'F','1972-11-21','Russian Federation','Ryan','K.','Linda');
INSERT INTO passenger(PID,PassportNo,Sex,DOB,Nationality,Fname,Minit,Lname) VALUES (465,130434247652,'F','1969-07-13','Chile','Jeremy','Z.','Ernest');
INSERT INTO passenger(PID,PassportNo,Sex,DOB,Nationality,Fname,Minit,Lname) VALUES (466,259343918348,'M','2020-11-07','Saudi Arabia','Ruby','P.','Roy');
INSERT INTO passenger(PID,PassportNo,Sex,DOB,Nationality,Fname,Minit,Lname) VALUES (467,743851857774,'M','1997-02-15','Italy','Brenda','K.','Jimmy');
INSERT INTO passenger(PID,PassportNo,Sex,DOB,Nationality,Fname,Minit,Lname) VALUES (468,667172242815,'M','1960-06-01','United States','Benjamin','X.','Pamela');
INSERT INTO passenger(PID,PassportNo,Sex,DOB,Nationality,Fname,Minit,Lname) VALUES (469,998452551926,'F','1959-10-17','China','Nancy','F.','Carl');
INSERT INTO passenger(PID,PassportNo,Sex,DOB,Nationality,Fname,Minit,Lname) VALUES (470,190719030048,'F','1961-04-01','Czech Republic','Joan','U.','Larry');
INSERT INTO passenger(PID,PassportNo,Sex,DOB,Nationality,Fname,Minit,Lname) VALUES (471,228563258340,'F','1967-01-03','Korea','William','W.','Wayne');
INSERT INTO passenger(PID,PassportNo,Sex,DOB,Nationality,Fname,Minit,Lname) VALUES (472,782057706187,'M','2013-10-17','Ethiopia','Daniel','V.','Roy');
INSERT INTO passenger(PID,PassportNo,Sex,DOB,Nationality,Fname,Minit,Lname) VALUES (473,937618868283,'M','1960-01-12','Australia','Mary','K.','Melissa');
INSERT INTO passenger(PID,PassportNo,Sex,DOB,Nationality,Fname,Minit,Lname) VALUES (474,639859252939,'F','2016-09-27','French Polynesia','Debra','L.','Amy');
INSERT INTO passenger(PID,PassportNo,Sex,DOB,Nationality,Fname,Minit,Lname) VALUES (475,461602472332,'F','2000-07-26','India','Rebecca','D.','Kelly');
INSERT INTO passenger(PID,PassportNo,Sex,DOB,Nationality,Fname,Minit,Lname) VALUES (476,594828990428,'F','1980-03-13','Cuba','Henry','B.','Joyce');
INSERT INTO passenger(PID,PassportNo,Sex,DOB,Nationality,Fname,Minit,Lname) VALUES (477,712548130031,'M','2016-06-07','Thailand','Eugene','B.','Steven');
INSERT INTO passenger(PID,PassportNo,Sex,DOB,Nationality,Fname,Minit,Lname) VALUES (478,114957071410,'F','1955-09-14','Iceland','Nancy','M.','Maria');
INSERT INTO passenger(PID,PassportNo,Sex,DOB,Nationality,Fname,Minit,Lname) VALUES (479,867724507799,'F','2004-09-05','China','Patrick','R.','Deborah');
INSERT INTO passenger(PID,PassportNo,Sex,DOB,Nationality,Fname,Minit,Lname) VALUES (480,222995213910,'M','1975-12-09','Finland','Alan','R.','Larry');
INSERT INTO passenger(PID,PassportNo,Sex,DOB,Nationality,Fname,Minit,Lname) VALUES (481,246639509551,'F','1954-04-22','Spain','Diana','C.','Peter');
INSERT INTO passenger(PID,PassportNo,Sex,DOB,Nationality,Fname,Minit,Lname) VALUES (482,139489809642,'M','1952-04-03','Qatar','Cynthia','K.','Larry');
INSERT INTO passenger(PID,PassportNo,Sex,DOB,Nationality,Fname,Minit,Lname) VALUES (483,377258653546,'M','2010-09-18','Thailand','Eugene','B.','Steven');
INSERT INTO passenger(PID,PassportNo,Sex,DOB,Nationality,Fname,Minit,Lname) VALUES (484,754027225381,'M','2008-04-10','Italy','Amanda','Y.','Elizabeth');
INSERT INTO passenger(PID,PassportNo,Sex,DOB,Nationality,Fname,Minit,Lname) VALUES (485,780077476116,'F','1994-09-26','Indonesia','Sharon','O.','Anne');
INSERT INTO passenger(PID,PassportNo,Sex,DOB,Nationality,Fname,Minit,Lname) VALUES (486,762017296639,'M','1952-01-13','Vanuatu','Deborah','X.','Amy');
INSERT INTO passenger(PID,PassportNo,Sex,DOB,Nationality,Fname,Minit,Lname) VALUES (487,693695566290,'F','2017-12-11','Antigua and Barbuda','Todd','N.','Henry');
INSERT INTO passenger(PID,PassportNo,Sex,DOB,Nationality,Fname,Minit,Lname) VALUES (488,204171648478,'M','1999-02-08','Italy','Paul','W.','Jose');
INSERT INTO passenger(PID,PassportNo,Sex,DOB,Nationality,Fname,Minit,Lname) VALUES (489,486818088682,'M','1978-11-06','Panama','Jose','P.','Carl');
INSERT INTO passenger(PID,PassportNo,Sex,DOB,Nationality,Fname,Minit,Lname) VALUES (490,484075760974,'M','2013-02-04','United Kingdom','Clarence','K.','Jeremy');
INSERT INTO passenger(PID,PassportNo,Sex,DOB,Nationality,Fname,Minit,Lname) VALUES (491,952646678933,'F','1956-07-07','Greece','Joshua','R.','Amy');
INSERT INTO passenger(PID,PassportNo,Sex,DOB,Nationality,Fname,Minit,Lname) VALUES (492,221497625062,'F','1998-10-23','Chile','Jeremy','Z.','Ernest');
INSERT INTO passenger(PID,PassportNo,Sex,DOB,Nationality,Fname,Minit,Lname) VALUES (493,699155197734,'F','1951-06-01','United States','Lois','L.','Brenda');
INSERT INTO passenger(PID,PassportNo,Sex,DOB,Nationality,Fname,Minit,Lname) VALUES (494,136173897421,'M','2014-10-27','Suriname','Ernest','S.','Carolyn');
INSERT INTO passenger(PID,PassportNo,Sex,DOB,Nationality,Fname,Minit,Lname) VALUES (495,793191719825,'M','1975-10-20','Portugal','Paula','X.','Eugene');
INSERT INTO passenger(PID,PassportNo,Sex,DOB,Nationality,Fname,Minit,Lname) VALUES (496,625401322966,'F','1952-02-02','Egypt','Paul','Z.','Judy');
INSERT INTO passenger(PID,PassportNo,Sex,DOB,Nationality,Fname,Minit,Lname) VALUES (497,744872289119,'F','1963-08-16','Mozambique','Carolyn','W.','Clarence');
INSERT INTO passenger(PID,PassportNo,Sex,DOB,Nationality,Fname,Minit,Lname) VALUES (498,388035314130,'F','2023-07-05','Japan','Margaret','L.','Rebecca');
INSERT INTO passenger(PID,PassportNo,Sex,DOB,Nationality,Fname,Minit,Lname) VALUES (499,166706660061,'M','1962-03-12','New Caledonia','Ruby','S.','Alan');
INSERT INTO passenger(PID,PassportNo,Sex,DOB,Nationality,Fname,Minit,Lname) VALUES (500,339436475161,'M','2006-10-08','Morocco','Cynthia','S.','Jimmy');
INSERT INTO passenger(PID,PassportNo,Sex,DOB,Nationality,Fname,Minit,Lname) VALUES (501,905903618402,'M','1995-01-10','Japan','Nancy','U.','Diane');
INSERT INTO passenger(PID,PassportNo,Sex,DOB,Nationality,Fname,Minit,Lname) VALUES (502,259042582998,'F','1985-09-17','Thailand','Eugene','B.','Steven');
INSERT INTO passenger(PID,PassportNo,Sex,DOB,Nationality,Fname,Minit,Lname) VALUES (503,685062324310,'F','1963-11-05','Vanuatu','Deborah','X.','Amy');
INSERT INTO passenger(PID,PassportNo,Sex,DOB,Nationality,Fname,Minit,Lname) VALUES (504,834022198702,'F','1988-12-31','Thailand','Eugene','B.','Steven');
INSERT INTO passenger(PID,PassportNo,Sex,DOB,Nationality,Fname,Minit,Lname) VALUES (505,529217301572,'F','1956-11-09','Hong Kong SAR, China','Ann','O.','Mary');
INSERT INTO passenger(PID,PassportNo,Sex,DOB,Nationality,Fname,Minit,Lname) VALUES (506,542756162125,'M','1973-12-24','Hong Kong SAR, China','Melissa','J.','Peter');
INSERT INTO passenger(PID,PassportNo,Sex,DOB,Nationality,Fname,Minit,Lname) VALUES (507,374405150228,'F','1963-04-28','United States','Joe','V.','Ralph');
INSERT INTO passenger(PID,PassportNo,Sex,DOB,Nationality,Fname,Minit,Lname) VALUES (508,439693951743,'M','1964-06-26','Israel','Theresa','K.','Anne');
INSERT INTO passenger(PID,PassportNo,Sex,DOB,Nationality,Fname,Minit,Lname) VALUES (509,618138371335,'M','1966-06-13','Egypt','Ernest','T.','Elizabeth');
INSERT INTO passenger(PID,PassportNo,Sex,DOB,Nationality,Fname,Minit,Lname) VALUES (510,960131010681,'M','2017-08-12','United States','Lois','L.','Brenda');
INSERT INTO passenger(PID,PassportNo,Sex,DOB,Nationality,Fname,Minit,Lname) VALUES (511,429452894264,'M','2011-07-27','United Arab Emirates','Martha','B.','Cheryl');
INSERT INTO passenger(PID,PassportNo,Sex,DOB,Nationality,Fname,Minit,Lname) VALUES (512,499386019384,'M','1974-05-11','Thailand','Eugene','B.','Steven');
INSERT INTO passenger(PID,PassportNo,Sex,DOB,Nationality,Fname,Minit,Lname) VALUES (513,783576027158,'F','1998-12-19','Portugal','Paula','X.','Eugene');
INSERT INTO passenger(PID,PassportNo,Sex,DOB,Nationality,Fname,Minit,Lname) VALUES (514,950535103385,'M','1976-07-01','Argentina','Wayne','O.','Nancy');
INSERT INTO passenger(PID,PassportNo,Sex,DOB,Nationality,Fname,Minit,Lname) VALUES (515,656931651425,'M','1981-02-27','Poland','Richard','X.','Clarence');
INSERT INTO passenger(PID,PassportNo,Sex,DOB,Nationality,Fname,Minit,Lname) VALUES (516,972859986326,'F','1989-12-16','Turkey','Nicole','X.','Tammy');
INSERT INTO passenger(PID,PassportNo,Sex,DOB,Nationality,Fname,Minit,Lname) VALUES (517,711174247908,'F','2003-04-01','French Polynesia','Debra','L.','Amy');
INSERT INTO passenger(PID,PassportNo,Sex,DOB,Nationality,Fname,Minit,Lname) VALUES (518,395217429155,'M','1979-03-13','Portugal','Paula','X.','Eugene');
INSERT INTO passenger(PID,PassportNo,Sex,DOB,Nationality,Fname,Minit,Lname) VALUES (519,611312365090,'F','2015-11-21','United Arab Emirates','Martha','B.','Cheryl');
INSERT INTO passenger(PID,PassportNo,Sex,DOB,Nationality,Fname,Minit,Lname) VALUES (520,717289434292,'M','2013-05-19','Hong Kong SAR, China','Melissa','J.','Peter');
INSERT INTO passenger(PID,PassportNo,Sex,DOB,Nationality,Fname,Minit,Lname) VALUES (521,453935353575,'F','1966-07-20','United States','Joe','V.','Ralph');
INSERT INTO passenger(PID,PassportNo,Sex,DOB,Nationality,Fname,Minit,Lname) VALUES (522,635973914819,'M','1964-10-14','Luxembourg','Linda','E.','Andrea');
INSERT INTO passenger(PID,PassportNo,Sex,DOB,Nationality,Fname,Minit,Lname) VALUES (523,462476437755,'F','1994-09-28','Spain','Brenda','P.','William');
INSERT INTO passenger(PID,PassportNo,Sex,DOB,Nationality,Fname,Minit,Lname) VALUES (524,496158202443,'F','2011-02-01','Israel','Theresa','K.','Anne');
INSERT INTO passenger(PID,PassportNo,Sex,DOB,Nationality,Fname,Minit,Lname) VALUES (525,300183852835,'M','1974-05-21','Chile','Cheryl','Q.','Maria');
INSERT INTO passenger(PID,PassportNo,Sex,DOB,Nationality,Fname,Minit,Lname) VALUES (526,222632554969,'F','1950-12-27','Italy','Julia','N.','Anne');
INSERT INTO passenger(PID,PassportNo,Sex,DOB,Nationality,Fname,Minit,Lname) VALUES (527,892830268006,'M','2005-08-04','Vanuatu','Deborah','X.','Amy');
INSERT INTO passenger(PID,PassportNo,Sex,DOB,Nationality,Fname,Minit,Lname) VALUES (528,929233624312,'M','1974-11-11','France','Steven','B.','Carol');
INSERT INTO passenger(PID,PassportNo,Sex,DOB,Nationality,Fname,Minit,Lname) VALUES (529,927263068423,'F','1988-03-30','New Caledonia','Matthew','L.','Linda');
INSERT INTO passenger(PID,PassportNo,Sex,DOB,Nationality,Fname,Minit,Lname) VALUES (530,439480063932,'F','1984-01-16','Portugal','Paula','X.','Eugene');
INSERT INTO passenger(PID,PassportNo,Sex,DOB,Nationality,Fname,Minit,Lname) VALUES (531,515526026580,'M','2015-03-10','Poland','Richard','X.','Clarence');
INSERT INTO passenger(PID,PassportNo,Sex,DOB,Nationality,Fname,Minit,Lname) VALUES (532,972410510761,'F','2018-01-16','India','Rebecca','D.','Kelly');
INSERT INTO passenger(PID,PassportNo,Sex,DOB,Nationality,Fname,Minit,Lname) VALUES (533,339829592905,'M','1964-11-06','Indonesia','Sharon','O.','Anne');
INSERT INTO passenger(PID,PassportNo,Sex,DOB,Nationality,Fname,Minit,Lname) VALUES (534,341642978470,'M','1964-11-19','Sweden','Ann','D.','Amy');
INSERT INTO passenger(PID,PassportNo,Sex,DOB,Nationality,Fname,Minit,Lname) VALUES (535,153810207176,'M','2017-12-02','United Arab Emirates','Martha','B.','Cheryl');
INSERT INTO passenger(PID,PassportNo,Sex,DOB,Nationality,Fname,Minit,Lname) VALUES (536,157584668437,'M','2011-03-11','Egypt','Amy','G.','Thomas');
INSERT INTO passenger(PID,PassportNo,Sex,DOB,Nationality,Fname,Minit,Lname) VALUES (537,324075591009,'F','1984-12-19','Egypt','Ernest','T.','Elizabeth');
INSERT INTO passenger(PID,PassportNo,Sex,DOB,Nationality,Fname,Minit,Lname) VALUES (538,985970502591,'F','2007-10-02','Philippines','Roy','A.','Jason');
INSERT INTO passenger(PID,PassportNo,Sex,DOB,Nationality,Fname,Minit,Lname) VALUES (539,866980290118,'F','1972-04-30','Luxembourg','Linda','E.','Andrea');
INSERT INTO passenger(PID,PassportNo,Sex,DOB,Nationality,Fname,Minit,Lname) VALUES (540,877247800208,'M','2001-04-28','Mauritius','Tammy','P.','Ralph');
INSERT INTO passenger(PID,PassportNo,Sex,DOB,Nationality,Fname,Minit,Lname) VALUES (541,859245489837,'F','1980-02-22','Vanuatu','Deborah','X.','Amy');
INSERT INTO passenger(PID,PassportNo,Sex,DOB,Nationality,Fname,Minit,Lname) VALUES (542,827626517343,'F','1999-03-14','Spain','Diana','C.','Peter');
INSERT INTO passenger(PID,PassportNo,Sex,DOB,Nationality,Fname,Minit,Lname) VALUES (543,854761813244,'M','2004-07-09','Thailand','Eugene','B.','Steven');
INSERT INTO passenger(PID,PassportNo,Sex,DOB,Nationality,Fname,Minit,Lname) VALUES (544,996583914869,'M','1993-04-13','Mexico','Melissa','R.','Harold');
INSERT INTO passenger(PID,PassportNo,Sex,DOB,Nationality,Fname,Minit,Lname) VALUES (545,812667193284,'M','1959-02-03','Italy','Julia','N.','Anne');
INSERT INTO passenger(PID,PassportNo,Sex,DOB,Nationality,Fname,Minit,Lname) VALUES (546,767422448860,'F','2002-06-16','Japan','Margaret','L.','Rebecca');
INSERT INTO passenger(PID,PassportNo,Sex,DOB,Nationality,Fname,Minit,Lname) VALUES (547,384677565619,'M','1981-07-25','Spain','Brenda','P.','William');
INSERT INTO passenger(PID,PassportNo,Sex,DOB,Nationality,Fname,Minit,Lname) VALUES (548,987348212615,'F','1968-11-11','New Zealand','Carl','P.','Joyce');
INSERT INTO passenger(PID,PassportNo,Sex,DOB,Nationality,Fname,Minit,Lname) VALUES (549,678512911471,'F','1953-01-02','Netherlands','Anne','P.','Theresa');
INSERT INTO passenger(PID,PassportNo,Sex,DOB,Nationality,Fname,Minit,Lname) VALUES (550,589631305983,'M','2007-07-11','Mozambique','Carolyn','W.','Clarence');
INSERT INTO passenger(PID,PassportNo,Sex,DOB,Nationality,Fname,Minit,Lname) VALUES (551,257478563474,'M','1975-11-17','Germany','Nancy','W.','Thomas');
INSERT INTO passenger(PID,PassportNo,Sex,DOB,Nationality,Fname,Minit,Lname) VALUES (552,852501605172,'M','1994-08-31','Finland','Alan','R.','Larry');
INSERT INTO passenger(PID,PassportNo,Sex,DOB,Nationality,Fname,Minit,Lname) VALUES (553,781325758935,'F','1980-03-27','Australia','Mary','K.','Melissa');
INSERT INTO passenger(PID,PassportNo,Sex,DOB,Nationality,Fname,Minit,Lname) VALUES (554,676365875302,'F','1976-04-28','Israel','Pamela','I.','Paula');
INSERT INTO passenger(PID,PassportNo,Sex,DOB,Nationality,Fname,Minit,Lname) VALUES (555,887961784045,'F','1989-05-27','China','Nancy','F.','Carl');
INSERT INTO passenger(PID,PassportNo,Sex,DOB,Nationality,Fname,Minit,Lname) VALUES (556,309354841381,'F','1985-09-09','Portugal','Paula','X.','Eugene');
INSERT INTO passenger(PID,PassportNo,Sex,DOB,Nationality,Fname,Minit,Lname) VALUES (557,700596104244,'F','1978-08-09','Iceland','Nancy','M.','Maria');
INSERT INTO passenger(PID,PassportNo,Sex,DOB,Nationality,Fname,Minit,Lname) VALUES (558,153062839369,'F','1991-07-17','Finland','Alan','R.','Larry');
INSERT INTO passenger(PID,PassportNo,Sex,DOB,Nationality,Fname,Minit,Lname) VALUES (559,870186844202,'F','1954-03-17','France','Thomas','P.','Jose');
INSERT INTO passenger(PID,PassportNo,Sex,DOB,Nationality,Fname,Minit,Lname) VALUES (560,240204657043,'F','1986-08-17','Germany','Jack','O.','Diane');
INSERT INTO passenger(PID,PassportNo,Sex,DOB,Nationality,Fname,Minit,Lname) VALUES (561,312500235171,'F','1955-05-06','Cameroon','Jack','J.','Ryan');
INSERT INTO passenger(PID,PassportNo,Sex,DOB,Nationality,Fname,Minit,Lname) VALUES (562,259092415728,'F','1987-02-12','Morocco','Cynthia','S.','Jimmy');
INSERT INTO passenger(PID,PassportNo,Sex,DOB,Nationality,Fname,Minit,Lname) VALUES (563,914373140993,'F','1967-01-31','Argentina','Andrea','M.','Rebecca');
INSERT INTO passenger(PID,PassportNo,Sex,DOB,Nationality,Fname,Minit,Lname) VALUES (564,996844520164,'F','1956-03-25','France','Thomas','P.','Jose');
INSERT INTO passenger(PID,PassportNo,Sex,DOB,Nationality,Fname,Minit,Lname) VALUES (565,321184221715,'F','2001-06-12','Greece','Joshua','R.','Amy');
INSERT INTO passenger(PID,PassportNo,Sex,DOB,Nationality,Fname,Minit,Lname) VALUES (566,317494830812,'M','1990-02-23','Hong Kong SAR, China','Ann','O.','Mary');
INSERT INTO passenger(PID,PassportNo,Sex,DOB,Nationality,Fname,Minit,Lname) VALUES (567,351286152505,'F','1996-07-26','Israel','Theresa','K.','Anne');
INSERT INTO passenger(PID,PassportNo,Sex,DOB,Nationality,Fname,Minit,Lname) VALUES (568,675487769782,'F','2011-09-08','Bahrain','Roger','J.','Andrea');
INSERT INTO passenger(PID,PassportNo,Sex,DOB,Nationality,Fname,Minit,Lname) VALUES (569,175912610448,'F','1964-05-04','Namibia','Carolyn','Y.','Aaron');
INSERT INTO passenger(PID,PassportNo,Sex,DOB,Nationality,Fname,Minit,Lname) VALUES (570,915463032841,'M','1955-08-15','Greece','Joshua','R.','Amy');
INSERT INTO passenger(PID,PassportNo,Sex,DOB,Nationality,Fname,Minit,Lname) VALUES (571,702440247571,'F','2001-07-08','Russian Federation','Ryan','K.','Linda');
INSERT INTO passenger(PID,PassportNo,Sex,DOB,Nationality,Fname,Minit,Lname) VALUES (572,105856262473,'F','1963-03-07','Chile','Cheryl','Q.','Maria');
INSERT INTO passenger(PID,PassportNo,Sex,DOB,Nationality,Fname,Minit,Lname) VALUES (573,987946244273,'M','1968-03-09','Serbia','Larry','K.','Nancy');
INSERT INTO passenger(PID,PassportNo,Sex,DOB,Nationality,Fname,Minit,Lname) VALUES (574,160281567757,'F','2005-05-17','United States','Joe','V.','Ralph');
INSERT INTO passenger(PID,PassportNo,Sex,DOB,Nationality,Fname,Minit,Lname) VALUES (575,904316921126,'F','1989-04-14','France','Steven','B.','Carol');
INSERT INTO passenger(PID,PassportNo,Sex,DOB,Nationality,Fname,Minit,Lname) VALUES (576,872894807960,'F','1999-02-21','Italy','Brenda','K.','Jimmy');
INSERT INTO passenger(PID,PassportNo,Sex,DOB,Nationality,Fname,Minit,Lname) VALUES (577,261732387543,'F','2004-06-24','Ireland','Theresa','K.','Christopher');
INSERT INTO passenger(PID,PassportNo,Sex,DOB,Nationality,Fname,Minit,Lname) VALUES (578,865300370174,'F','2007-01-14','Ethiopia','Daniel','V.','Roy');
INSERT INTO passenger(PID,PassportNo,Sex,DOB,Nationality,Fname,Minit,Lname) VALUES (579,614707618709,'F','1966-03-22','Spain','Brenda','P.','William');
INSERT INTO passenger(PID,PassportNo,Sex,DOB,Nationality,Fname,Minit,Lname) VALUES (580,708512596052,'F','1985-04-03','Suriname','Ernest','S.','Carolyn');
INSERT INTO passenger(PID,PassportNo,Sex,DOB,Nationality,Fname,Minit,Lname) VALUES (581,804020403310,'F','2012-10-23','Vanuatu','Deborah','X.','Amy');
INSERT INTO passenger(PID,PassportNo,Sex,DOB,Nationality,Fname,Minit,Lname) VALUES (582,909878101954,'F','1958-10-24','Australia','Mary','K.','Melissa');
INSERT INTO passenger(PID,PassportNo,Sex,DOB,Nationality,Fname,Minit,Lname) VALUES (583,144648382265,'F','1975-09-04','Seychelles','Carol','X.','Thomas');
INSERT INTO passenger(PID,PassportNo,Sex,DOB,Nationality,Fname,Minit,Lname) VALUES (584,737511498758,'M','1969-05-22','Spain','Brenda','P.','William');
INSERT INTO passenger(PID,PassportNo,Sex,DOB,Nationality,Fname,Minit,Lname) VALUES (585,188005174482,'F','1965-08-21','New Caledonia','Matthew','L.','Linda');
INSERT INTO passenger(PID,PassportNo,Sex,DOB,Nationality,Fname,Minit,Lname) VALUES (586,217793282542,'M','1951-11-08','United States','Benjamin','X.','Pamela');
INSERT INTO passenger(PID,PassportNo,Sex,DOB,Nationality,Fname,Minit,Lname) VALUES (587,987161802759,'M','2017-02-18','Germany','Jack','O.','Diane');
INSERT INTO passenger(PID,PassportNo,Sex,DOB,Nationality,Fname,Minit,Lname) VALUES (588,515361848264,'F','1953-10-06','Ireland','Theresa','K.','Christopher');
INSERT INTO passenger(PID,PassportNo,Sex,DOB,Nationality,Fname,Minit,Lname) VALUES (589,548159651632,'M','1954-01-22','New Zealand','Carl','P.','Joyce');
INSERT INTO passenger(PID,PassportNo,Sex,DOB,Nationality,Fname,Minit,Lname) VALUES (590,753678559848,'M','1999-04-11','India','Mary','V.','Ernest');
INSERT INTO passenger(PID,PassportNo,Sex,DOB,Nationality,Fname,Minit,Lname) VALUES (591,955615274387,'M','1967-12-05','Czech Republic','Joan','U.','Larry');
INSERT INTO passenger(PID,PassportNo,Sex,DOB,Nationality,Fname,Minit,Lname) VALUES (592,334994226088,'F','1997-04-25','Chile','Jeremy','Z.','Ernest');
INSERT INTO passenger(PID,PassportNo,Sex,DOB,Nationality,Fname,Minit,Lname) VALUES (593,224109015153,'F','2011-10-13','Iran','Joyce','H.','Jack');
INSERT INTO passenger(PID,PassportNo,Sex,DOB,Nationality,Fname,Minit,Lname) VALUES (594,990288527065,'F','1951-08-05','Colombia','Frances','I.','Kelly');
INSERT INTO passenger(PID,PassportNo,Sex,DOB,Nationality,Fname,Minit,Lname) VALUES (595,434467380615,'M','1991-05-01','Ethiopia','Daniel','V.','Roy');
INSERT INTO passenger(PID,PassportNo,Sex,DOB,Nationality,Fname,Minit,Lname) VALUES (596,114053737968,'F','2014-08-17','Hong Kong SAR, China','Melissa','J.','Peter');
INSERT INTO passenger(PID,PassportNo,Sex,DOB,Nationality,Fname,Minit,Lname) VALUES (597,508838892104,'F','1966-01-25','Panama','Jose','P.','Carl');
INSERT INTO passenger(PID,PassportNo,Sex,DOB,Nationality,Fname,Minit,Lname) VALUES (598,996115466207,'F','1982-10-22','France','Thomas','P.','Jose');
INSERT INTO passenger(PID,PassportNo,Sex,DOB,Nationality,Fname,Minit,Lname) VALUES (599,578543972224,'F','1963-04-25','Serbia','Larry','K.','Nancy');
INSERT INTO passenger(PID,PassportNo,Sex,DOB,Nationality,Fname,Minit,Lname) VALUES (600,194385447527,'M','2023-02-28','United States','Lois','L.','Brenda');
INSERT INTO passenger(PID,PassportNo,Sex,DOB,Nationality,Fname,Minit,Lname) VALUES (601,391336098745,'M','2015-05-05','Chile','Cheryl','Q.','Maria');
INSERT INTO passenger(PID,PassportNo,Sex,DOB,Nationality,Fname,Minit,Lname) VALUES (602,708168575536,'F','1952-03-14','United States','Frances','H.','Phillip');
INSERT INTO passenger(PID,PassportNo,Sex,DOB,Nationality,Fname,Minit,Lname) VALUES (603,912923652983,'F','1964-10-20','Luxembourg','Jason','W.','Diane');
INSERT INTO passenger(PID,PassportNo,Sex,DOB,Nationality,Fname,Minit,Lname) VALUES (604,128688140196,'M','1963-12-27','Namibia','Carolyn','Y.','Aaron');
INSERT INTO passenger(PID,PassportNo,Sex,DOB,Nationality,Fname,Minit,Lname) VALUES (605,394550666112,'F','1952-02-20','Hong Kong SAR, China','Ann','O.','Mary');
INSERT INTO passenger(PID,PassportNo,Sex,DOB,Nationality,Fname,Minit,Lname) VALUES (606,728742468692,'M','1959-10-05','Lebanon','Lillian','A.','Douglas');
INSERT INTO passenger(PID,PassportNo,Sex,DOB,Nationality,Fname,Minit,Lname) VALUES (607,926157459742,'M','2007-09-07','Suriname','Ernest','S.','Carolyn');
INSERT INTO passenger(PID,PassportNo,Sex,DOB,Nationality,Fname,Minit,Lname) VALUES (608,774256181927,'F','1986-11-08','Tanzania','Ralph','M.','Linda');
INSERT INTO passenger(PID,PassportNo,Sex,DOB,Nationality,Fname,Minit,Lname) VALUES (609,222083901515,'F','1968-09-05','Russian Federation','Ryan','K.','Linda');
INSERT INTO passenger(PID,PassportNo,Sex,DOB,Nationality,Fname,Minit,Lname) VALUES (610,756731525664,'M','1989-05-13','Netherlands','Anne','P.','Theresa');
INSERT INTO passenger(PID,PassportNo,Sex,DOB,Nationality,Fname,Minit,Lname) VALUES (611,376922087944,'F','1978-09-06','United Arab Emirates','Christopher','Q.','Aaron');
INSERT INTO passenger(PID,PassportNo,Sex,DOB,Nationality,Fname,Minit,Lname) VALUES (612,932847586178,'F','1998-06-06','Mauritius','Tammy','P.','Ralph');
INSERT INTO passenger(PID,PassportNo,Sex,DOB,Nationality,Fname,Minit,Lname) VALUES (613,697692542701,'F','2012-01-02','Qatar','Cynthia','K.','Larry');
INSERT INTO passenger(PID,PassportNo,Sex,DOB,Nationality,Fname,Minit,Lname) VALUES (614,314945970150,'M','1969-08-25','Mauritius','Tammy','P.','Ralph');
INSERT INTO passenger(PID,PassportNo,Sex,DOB,Nationality,Fname,Minit,Lname) VALUES (615,406601486345,'M','1986-04-30','Syrian Arab Republic','Anne','K.','Jeremy');
INSERT INTO passenger(PID,PassportNo,Sex,DOB,Nationality,Fname,Minit,Lname) VALUES (616,238097478375,'F','1963-12-18','Israel','Theresa','K.','Anne');
INSERT INTO passenger(PID,PassportNo,Sex,DOB,Nationality,Fname,Minit,Lname) VALUES (617,809746566131,'M','1978-11-15','United Kingdom','Clarence','K.','Jeremy');
INSERT INTO passenger(PID,PassportNo,Sex,DOB,Nationality,Fname,Minit,Lname) VALUES (618,657617806477,'M','1963-05-13','Sweden','Ann','D.','Amy');
INSERT INTO passenger(PID,PassportNo,Sex,DOB,Nationality,Fname,Minit,Lname) VALUES (619,495317542012,'M','1986-03-19','Belgium','Aaron','L.','Nicole');
INSERT INTO passenger(PID,PassportNo,Sex,DOB,Nationality,Fname,Minit,Lname) VALUES (620,248466532301,'M','1984-04-09','France','Thomas','P.','Jose');
INSERT INTO passenger(PID,PassportNo,Sex,DOB,Nationality,Fname,Minit,Lname) VALUES (621,674244148916,'M','2008-08-18','New Caledonia','Matthew','L.','Linda');
INSERT INTO passenger(PID,PassportNo,Sex,DOB,Nationality,Fname,Minit,Lname) VALUES (622,221172264830,'M','1973-12-09','Egypt','Ernest','T.','Elizabeth');
INSERT INTO passenger(PID,PassportNo,Sex,DOB,Nationality,Fname,Minit,Lname) VALUES (623,893365692337,'M','2003-07-08','France','Thomas','P.','Jose');
INSERT INTO passenger(PID,PassportNo,Sex,DOB,Nationality,Fname,Minit,Lname) VALUES (624,502650767890,'F','2014-07-12','Canada','Diane','U.','Maria');
INSERT INTO passenger(PID,PassportNo,Sex,DOB,Nationality,Fname,Minit,Lname) VALUES (625,149568985124,'F','1998-02-11','France','Steven','B.','Carol');
INSERT INTO passenger(PID,PassportNo,Sex,DOB,Nationality,Fname,Minit,Lname) VALUES (626,212020667132,'F','2006-08-31','Japan','Nancy','U.','Diane');
INSERT INTO passenger(PID,PassportNo,Sex,DOB,Nationality,Fname,Minit,Lname) VALUES (627,565767795894,'F','2012-02-06','Finland','Alan','R.','Larry');
INSERT INTO passenger(PID,PassportNo,Sex,DOB,Nationality,Fname,Minit,Lname) VALUES (628,656736871104,'M','1962-05-02','Qatar','Cynthia','K.','Larry');
INSERT INTO passenger(PID,PassportNo,Sex,DOB,Nationality,Fname,Minit,Lname) VALUES (629,909096829212,'F','2013-04-17','Malaysia','Harold','C.','Joe');
INSERT INTO passenger(PID,PassportNo,Sex,DOB,Nationality,Fname,Minit,Lname) VALUES (630,298561938091,'F','2000-08-24','Poland','Richard','X.','Clarence');
INSERT INTO passenger(PID,PassportNo,Sex,DOB,Nationality,Fname,Minit,Lname) VALUES (631,372761805511,'M','2003-03-21','Serbia','Larry','K.','Nancy');
INSERT INTO passenger(PID,PassportNo,Sex,DOB,Nationality,Fname,Minit,Lname) VALUES (632,348245415506,'M','1976-05-29','United States','Lois','L.','Brenda');
INSERT INTO passenger(PID,PassportNo,Sex,DOB,Nationality,Fname,Minit,Lname) VALUES (633,231342703415,'M','2023-03-27','Egypt','Paul','Z.','Judy');
INSERT INTO passenger(PID,PassportNo,Sex,DOB,Nationality,Fname,Minit,Lname) VALUES (634,432113433281,'F','1965-06-04','Solomon Islands','Dorothy','K.','Elizabeth');
INSERT INTO passenger(PID,PassportNo,Sex,DOB,Nationality,Fname,Minit,Lname) VALUES (635,735632421658,'F','1966-06-24','United States','Frances','H.','Phillip');
INSERT INTO passenger(PID,PassportNo,Sex,DOB,Nationality,Fname,Minit,Lname) VALUES (636,853932008599,'M','1982-02-17','Trinidad and Tobago','Elizabeth','X.','Jimmy');
INSERT INTO passenger(PID,PassportNo,Sex,DOB,Nationality,Fname,Minit,Lname) VALUES (637,871459985799,'F','1985-03-20','Antigua and Barbuda','Todd','N.','Henry');
INSERT INTO passenger(PID,PassportNo,Sex,DOB,Nationality,Fname,Minit,Lname) VALUES (638,461473933616,'M','1998-02-18','United States','Benjamin','X.','Pamela');
INSERT INTO passenger(PID,PassportNo,Sex,DOB,Nationality,Fname,Minit,Lname) VALUES (639,732543869251,'F','2012-01-04','Poland','Richard','X.','Clarence');
INSERT INTO passenger(PID,PassportNo,Sex,DOB,Nationality,Fname,Minit,Lname) VALUES (640,936241936750,'M','1996-09-07','United Arab Emirates','Martha','B.','Cheryl');
INSERT INTO passenger(PID,PassportNo,Sex,DOB,Nationality,Fname,Minit,Lname) VALUES (641,911101724099,'F','1959-05-07','Hong Kong SAR, China','Melissa','J.','Peter');
INSERT INTO passenger(PID,PassportNo,Sex,DOB,Nationality,Fname,Minit,Lname) VALUES (642,785123870375,'M','1960-12-28','Korea','William','W.','Wayne');
INSERT INTO passenger(PID,PassportNo,Sex,DOB,Nationality,Fname,Minit,Lname) VALUES (643,315910508612,'M','1961-06-15','Thailand','Eugene','B.','Steven');
INSERT INTO passenger(PID,PassportNo,Sex,DOB,Nationality,Fname,Minit,Lname) VALUES (644,529705750731,'M','1996-06-04','Canada','Diane','U.','Maria');
INSERT INTO passenger(PID,PassportNo,Sex,DOB,Nationality,Fname,Minit,Lname) VALUES (645,809645101638,'M','2013-05-25','Solomon Islands','Dorothy','K.','Elizabeth');
INSERT INTO passenger(PID,PassportNo,Sex,DOB,Nationality,Fname,Minit,Lname) VALUES (646,347004911792,'F','1970-03-18','South Africa','Donna','S.','Carl');
INSERT INTO passenger(PID,PassportNo,Sex,DOB,Nationality,Fname,Minit,Lname) VALUES (647,176035112871,'M','1955-12-14','Italy','Brenda','K.','Jimmy');
INSERT INTO passenger(PID,PassportNo,Sex,DOB,Nationality,Fname,Minit,Lname) VALUES (648,141904570506,'F','2011-03-19','Democratic People''s Republic of Korea','Peter','M.','Joyce');
INSERT INTO passenger(PID,PassportNo,Sex,DOB,Nationality,Fname,Minit,Lname) VALUES (649,500071809035,'M','1969-10-05','Indonesia','Sharon','O.','Anne');
INSERT INTO passenger(PID,PassportNo,Sex,DOB,Nationality,Fname,Minit,Lname) VALUES (650,985544626320,'F','1970-06-14','Ireland','Theresa','K.','Christopher');
INSERT INTO passenger(PID,PassportNo,Sex,DOB,Nationality,Fname,Minit,Lname) VALUES (651,128207676706,'M','1979-12-03','South Africa','Donna','S.','Carl');
INSERT INTO passenger(PID,PassportNo,Sex,DOB,Nationality,Fname,Minit,Lname) VALUES (652,230821497989,'M','2016-01-28','Iran','Joyce','H.','Jack');
INSERT INTO passenger(PID,PassportNo,Sex,DOB,Nationality,Fname,Minit,Lname) VALUES (653,937209944780,'M','1952-02-10','Egypt','Paul','Z.','Judy');
INSERT INTO passenger(PID,PassportNo,Sex,DOB,Nationality,Fname,Minit,Lname) VALUES (654,276408079034,'M','2009-07-07','Russian Federation','Ryan','K.','Linda');
INSERT INTO passenger(PID,PassportNo,Sex,DOB,Nationality,Fname,Minit,Lname) VALUES (655,357604097776,'F','1956-08-25','Solomon Islands','Dorothy','K.','Elizabeth');
INSERT INTO passenger(PID,PassportNo,Sex,DOB,Nationality,Fname,Minit,Lname) VALUES (656,977945005934,'M','1976-05-30','France','Thomas','P.','Jose');
INSERT INTO passenger(PID,PassportNo,Sex,DOB,Nationality,Fname,Minit,Lname) VALUES (657,276492562263,'M','1982-03-09','Chile','Cheryl','Q.','Maria');
INSERT INTO passenger(PID,PassportNo,Sex,DOB,Nationality,Fname,Minit,Lname) VALUES (658,175270049544,'M','1977-11-05','Poland','Richard','X.','Clarence');
INSERT INTO passenger(PID,PassportNo,Sex,DOB,Nationality,Fname,Minit,Lname) VALUES (659,885826243315,'M','1969-07-16','Czech Republic','Joan','U.','Larry');
INSERT INTO passenger(PID,PassportNo,Sex,DOB,Nationality,Fname,Minit,Lname) VALUES (660,751713575985,'M','1972-12-17','Cuba','Henry','B.','Joyce');
INSERT INTO passenger(PID,PassportNo,Sex,DOB,Nationality,Fname,Minit,Lname) VALUES (661,187430971719,'F','1976-11-18','Argentina','Wayne','O.','Nancy');
INSERT INTO passenger(PID,PassportNo,Sex,DOB,Nationality,Fname,Minit,Lname) VALUES (662,730689776899,'M','2021-05-17','Netherlands','Anne','P.','Theresa');
INSERT INTO passenger(PID,PassportNo,Sex,DOB,Nationality,Fname,Minit,Lname) VALUES (663,948710749936,'F','1969-11-30','Hong Kong SAR, China','Ann','O.','Mary');
INSERT INTO passenger(PID,PassportNo,Sex,DOB,Nationality,Fname,Minit,Lname) VALUES (664,870804092167,'M','1991-01-20','Seychelles','Carol','X.','Thomas');
INSERT INTO passenger(PID,PassportNo,Sex,DOB,Nationality,Fname,Minit,Lname) VALUES (665,535314239176,'M','1974-09-01','Turkey','Nicole','X.','Tammy');
INSERT INTO passenger(PID,PassportNo,Sex,DOB,Nationality,Fname,Minit,Lname) VALUES (666,894649338294,'F','2018-12-17','Turkey','Nicole','X.','Tammy');
INSERT INTO passenger(PID,PassportNo,Sex,DOB,Nationality,Fname,Minit,Lname) VALUES (667,946273428808,'M','1958-03-18','Seychelles','Carol','X.','Thomas');
INSERT INTO passenger(PID,PassportNo,Sex,DOB,Nationality,Fname,Minit,Lname) VALUES (668,821797162486,'F','1973-10-13','South Africa','Donna','S.','Carl');
INSERT INTO passenger(PID,PassportNo,Sex,DOB,Nationality,Fname,Minit,Lname) VALUES (669,997759219793,'M','1990-06-29','Tunisia','Kelly','U.','Phillip');
INSERT INTO passenger(PID,PassportNo,Sex,DOB,Nationality,Fname,Minit,Lname) VALUES (670,885921720188,'F','1997-09-09','Hong Kong SAR, China','Ann','O.','Mary');
INSERT INTO passenger(PID,PassportNo,Sex,DOB,Nationality,Fname,Minit,Lname) VALUES (671,297703583425,'F','2023-12-28','Argentina','Wayne','O.','Nancy');
INSERT INTO passenger(PID,PassportNo,Sex,DOB,Nationality,Fname,Minit,Lname) VALUES (672,331018670606,'F','2000-01-04','New Zealand','Carl','P.','Joyce');
INSERT INTO passenger(PID,PassportNo,Sex,DOB,Nationality,Fname,Minit,Lname) VALUES (673,573337511986,'F','1957-03-19','Morocco','Cynthia','S.','Jimmy');
INSERT INTO passenger(PID,PassportNo,Sex,DOB,Nationality,Fname,Minit,Lname) VALUES (674,560992090138,'M','2007-08-16','Democratic People''s Republic of Korea','Peter','M.','Joyce');
INSERT INTO passenger(PID,PassportNo,Sex,DOB,Nationality,Fname,Minit,Lname) VALUES (675,301227348789,'M','1958-01-31','French Polynesia','Debra','L.','Amy');
INSERT INTO passenger(PID,PassportNo,Sex,DOB,Nationality,Fname,Minit,Lname) VALUES (676,561442639596,'F','1957-09-12','Korea','William','W.','Wayne');
INSERT INTO passenger(PID,PassportNo,Sex,DOB,Nationality,Fname,Minit,Lname) VALUES (677,441875558413,'F','1985-02-19','Namibia','Carolyn','Y.','Aaron');
INSERT INTO passenger(PID,PassportNo,Sex,DOB,Nationality,Fname,Minit,Lname) VALUES (678,400174535330,'F','1958-10-28','Cyprus','Gregory','X.','Amanda');
INSERT INTO passenger(PID,PassportNo,Sex,DOB,Nationality,Fname,Minit,Lname) VALUES (679,871445919113,'M','2017-06-07','Cuba','Henry','B.','Joyce');
INSERT INTO passenger(PID,PassportNo,Sex,DOB,Nationality,Fname,Minit,Lname) VALUES (680,708466476665,'F','1977-11-12','Philippines','Roy','A.','Jason');
INSERT INTO passenger(PID,PassportNo,Sex,DOB,Nationality,Fname,Minit,Lname) VALUES (681,662160011908,'F','2008-07-06','Lebanon','Lillian','A.','Douglas');
INSERT INTO passenger(PID,PassportNo,Sex,DOB,Nationality,Fname,Minit,Lname) VALUES (682,778853770694,'M','1969-03-26','South Africa','Douglas','O.','Joe');
INSERT INTO passenger(PID,PassportNo,Sex,DOB,Nationality,Fname,Minit,Lname) VALUES (683,449058637896,'F','1981-08-13','Bahamas','Judy','Q.','Harold');
INSERT INTO passenger(PID,PassportNo,Sex,DOB,Nationality,Fname,Minit,Lname) VALUES (684,336333953703,'M','1972-01-18','Cyprus','Gregory','X.','Amanda');
INSERT INTO passenger(PID,PassportNo,Sex,DOB,Nationality,Fname,Minit,Lname) VALUES (685,992348654041,'M','1998-03-15','Luxembourg','Jason','W.','Diane');
INSERT INTO passenger(PID,PassportNo,Sex,DOB,Nationality,Fname,Minit,Lname) VALUES (686,613862828764,'M','2006-09-22','Italy','Julia','N.','Anne');
INSERT INTO passenger(PID,PassportNo,Sex,DOB,Nationality,Fname,Minit,Lname) VALUES (687,535356116309,'F','2001-07-15','Russian Federation','Ryan','K.','Linda');
INSERT INTO passenger(PID,PassportNo,Sex,DOB,Nationality,Fname,Minit,Lname) VALUES (688,241296736838,'F','1999-06-22','Chile','Cheryl','Q.','Maria');
INSERT INTO passenger(PID,PassportNo,Sex,DOB,Nationality,Fname,Minit,Lname) VALUES (689,678637219522,'M','1951-11-10','Tanzania','Ralph','M.','Linda');
INSERT INTO passenger(PID,PassportNo,Sex,DOB,Nationality,Fname,Minit,Lname) VALUES (690,779652889267,'F','1958-06-08','Bahrain','Roger','J.','Andrea');
INSERT INTO passenger(PID,PassportNo,Sex,DOB,Nationality,Fname,Minit,Lname) VALUES (691,712566854884,'M','1966-07-11','Qatar','Cynthia','K.','Larry');
INSERT INTO passenger(PID,PassportNo,Sex,DOB,Nationality,Fname,Minit,Lname) VALUES (692,509308103005,'F','2011-10-16','Luxembourg','Linda','E.','Andrea');
INSERT INTO passenger(PID,PassportNo,Sex,DOB,Nationality,Fname,Minit,Lname) VALUES (693,790565073354,'M','1987-01-27','Germany','Nancy','W.','Thomas');
INSERT INTO passenger(PID,PassportNo,Sex,DOB,Nationality,Fname,Minit,Lname) VALUES (694,874082476474,'M','2011-06-22','France','Steven','B.','Carol');
INSERT INTO passenger(PID,PassportNo,Sex,DOB,Nationality,Fname,Minit,Lname) VALUES (695,283737248808,'M','2021-01-07','New Zealand','Carl','P.','Joyce');
INSERT INTO passenger(PID,PassportNo,Sex,DOB,Nationality,Fname,Minit,Lname) VALUES (696,710478663193,'M','1986-06-07','Japan','Nancy','U.','Diane');
INSERT INTO passenger(PID,PassportNo,Sex,DOB,Nationality,Fname,Minit,Lname) VALUES (697,222711119088,'M','1985-08-31','United States','Lois','L.','Brenda');
INSERT INTO passenger(PID,PassportNo,Sex,DOB,Nationality,Fname,Minit,Lname) VALUES (698,268527103432,'M','2015-01-12','United States','Cheryl','P.','Melissa');
INSERT INTO passenger(PID,PassportNo,Sex,DOB,Nationality,Fname,Minit,Lname) VALUES (699,550426029781,'M','2004-03-15','Egypt','Paul','Z.','Judy');
INSERT INTO passenger(PID,PassportNo,Sex,DOB,Nationality,Fname,Minit,Lname) VALUES (700,127171074820,'M','1968-11-02','Pakistan','Janet','W.','Jason');
INSERT INTO passenger(PID,PassportNo,Sex,DOB,Nationality,Fname,Minit,Lname) VALUES (701,750690823785,'F','1986-01-03','Canada','Diane','U.','Maria');
INSERT INTO passenger(PID,PassportNo,Sex,DOB,Nationality,Fname,Minit,Lname) VALUES (702,643249331072,'F','1984-11-15','Serbia','Larry','K.','Nancy');
INSERT INTO passenger(PID,PassportNo,Sex,DOB,Nationality,Fname,Minit,Lname) VALUES (703,810692138736,'M','1999-10-24','Chile','Jeremy','Z.','Ernest');
INSERT INTO passenger(PID,PassportNo,Sex,DOB,Nationality,Fname,Minit,Lname) VALUES (704,153068870513,'M','2008-07-10','Korea','William','W.','Wayne');
INSERT INTO passenger(PID,PassportNo,Sex,DOB,Nationality,Fname,Minit,Lname) VALUES (705,916822392185,'F','1957-11-26','Poland','Richard','X.','Clarence');
INSERT INTO passenger(PID,PassportNo,Sex,DOB,Nationality,Fname,Minit,Lname) VALUES (706,787788487224,'M','2004-04-11','Ethiopia','Daniel','V.','Roy');
INSERT INTO passenger(PID,PassportNo,Sex,DOB,Nationality,Fname,Minit,Lname) VALUES (707,821229348572,'F','2008-04-05','Sweden','Ann','D.','Amy');
INSERT INTO passenger(PID,PassportNo,Sex,DOB,Nationality,Fname,Minit,Lname) VALUES (708,761775214393,'F','1986-08-30','Egypt','Amy','G.','Thomas');
INSERT INTO passenger(PID,PassportNo,Sex,DOB,Nationality,Fname,Minit,Lname) VALUES (709,539916223602,'M','2008-01-22','Israel','Theresa','K.','Anne');
INSERT INTO passenger(PID,PassportNo,Sex,DOB,Nationality,Fname,Minit,Lname) VALUES (710,212742056102,'M','1978-01-29','Israel','Theresa','K.','Anne');
INSERT INTO passenger(PID,PassportNo,Sex,DOB,Nationality,Fname,Minit,Lname) VALUES (711,209292636612,'M','2022-05-05','Bahamas','Judy','Q.','Harold');
INSERT INTO passenger(PID,PassportNo,Sex,DOB,Nationality,Fname,Minit,Lname) VALUES (712,787077941028,'M','1982-11-12','Costa Rica','Antonio','B.','Harold');
INSERT INTO passenger(PID,PassportNo,Sex,DOB,Nationality,Fname,Minit,Lname) VALUES (713,545372424264,'F','2000-06-04','Italy','Paul','W.','Jose');
INSERT INTO passenger(PID,PassportNo,Sex,DOB,Nationality,Fname,Minit,Lname) VALUES (714,331473028315,'F','1994-02-18','Tanzania','Ralph','M.','Linda');
INSERT INTO passenger(PID,PassportNo,Sex,DOB,Nationality,Fname,Minit,Lname) VALUES (715,129009420771,'F','2021-03-05','Ethiopia','Daniel','V.','Roy');
INSERT INTO passenger(PID,PassportNo,Sex,DOB,Nationality,Fname,Minit,Lname) VALUES (716,268150047169,'M','1955-04-24','France','Thomas','P.','Jose');
INSERT INTO passenger(PID,PassportNo,Sex,DOB,Nationality,Fname,Minit,Lname) VALUES (717,182566686848,'F','2012-07-28','South Africa','Donna','S.','Carl');
INSERT INTO passenger(PID,PassportNo,Sex,DOB,Nationality,Fname,Minit,Lname) VALUES (718,309786517220,'F','1986-05-09','South Africa','Douglas','O.','Joe');
INSERT INTO passenger(PID,PassportNo,Sex,DOB,Nationality,Fname,Minit,Lname) VALUES (719,694353018287,'F','1991-04-07','Hong Kong SAR, China','Ann','O.','Mary');
INSERT INTO passenger(PID,PassportNo,Sex,DOB,Nationality,Fname,Minit,Lname) VALUES (720,309271865143,'M','1956-05-29','Italy','Julia','N.','Anne');
INSERT INTO passenger(PID,PassportNo,Sex,DOB,Nationality,Fname,Minit,Lname) VALUES (721,979538771492,'M','2005-07-26','Mauritius','Tammy','P.','Ralph');
INSERT INTO passenger(PID,PassportNo,Sex,DOB,Nationality,Fname,Minit,Lname) VALUES (722,178287333796,'F','2023-12-04','Colombia','Frances','I.','Kelly');
INSERT INTO passenger(PID,PassportNo,Sex,DOB,Nationality,Fname,Minit,Lname) VALUES (723,105711959516,'M','1979-08-22','Malaysia','Harold','C.','Joe');
INSERT INTO passenger(PID,PassportNo,Sex,DOB,Nationality,Fname,Minit,Lname) VALUES (724,198048566484,'F','1961-07-21','France','Thomas','P.','Jose');
INSERT INTO passenger(PID,PassportNo,Sex,DOB,Nationality,Fname,Minit,Lname) VALUES (725,275132499157,'M','1962-12-14','Hong Kong SAR, China','Margaret','T.','Jack');
INSERT INTO passenger(PID,PassportNo,Sex,DOB,Nationality,Fname,Minit,Lname) VALUES (726,970743117650,'M','1992-03-09','Hong Kong SAR, China','Ann','O.','Mary');
INSERT INTO passenger(PID,PassportNo,Sex,DOB,Nationality,Fname,Minit,Lname) VALUES (727,669042475627,'M','1961-09-16','United States','Carol','K.','Tammy');
INSERT INTO passenger(PID,PassportNo,Sex,DOB,Nationality,Fname,Minit,Lname) VALUES (728,587022769689,'F','1960-01-15','Israel','Theresa','K.','Anne');
INSERT INTO passenger(PID,PassportNo,Sex,DOB,Nationality,Fname,Minit,Lname) VALUES (729,988296197021,'M','1982-12-01','Antigua and Barbuda','Todd','N.','Henry');
INSERT INTO passenger(PID,PassportNo,Sex,DOB,Nationality,Fname,Minit,Lname) VALUES (730,200961232896,'M','1973-11-03','Bahrain','Roger','J.','Andrea');
INSERT INTO passenger(PID,PassportNo,Sex,DOB,Nationality,Fname,Minit,Lname) VALUES (731,683455565648,'F','2019-06-09','Mozambique','Carolyn','W.','Clarence');
INSERT INTO passenger(PID,PassportNo,Sex,DOB,Nationality,Fname,Minit,Lname) VALUES (732,684932619790,'M','1990-08-10','Spain','Brenda','P.','William');
INSERT INTO passenger(PID,PassportNo,Sex,DOB,Nationality,Fname,Minit,Lname) VALUES (733,944620821318,'F','1994-01-12','Netherlands','Maria','N.','Jason');
INSERT INTO passenger(PID,PassportNo,Sex,DOB,Nationality,Fname,Minit,Lname) VALUES (734,325829831431,'M','1975-06-03','United States','Lois','L.','Brenda');
INSERT INTO passenger(PID,PassportNo,Sex,DOB,Nationality,Fname,Minit,Lname) VALUES (735,607917828380,'M','1997-07-25','Germany','Nancy','W.','Thomas');
INSERT INTO passenger(PID,PassportNo,Sex,DOB,Nationality,Fname,Minit,Lname) VALUES (736,125873238148,'F','2001-09-18','Iceland','Nancy','M.','Maria');
INSERT INTO passenger(PID,PassportNo,Sex,DOB,Nationality,Fname,Minit,Lname) VALUES (737,482831574818,'M','1958-11-25','Luxembourg','Linda','E.','Andrea');
INSERT INTO passenger(PID,PassportNo,Sex,DOB,Nationality,Fname,Minit,Lname) VALUES (738,348833758251,'F','2012-08-27','Morocco','Cynthia','S.','Jimmy');
INSERT INTO passenger(PID,PassportNo,Sex,DOB,Nationality,Fname,Minit,Lname) VALUES (739,891757251728,'F','1992-06-18','Ethiopia','Daniel','V.','Roy');
INSERT INTO passenger(PID,PassportNo,Sex,DOB,Nationality,Fname,Minit,Lname) VALUES (740,118205624163,'F','1958-10-20','Korea','William','W.','Wayne');
INSERT INTO passenger(PID,PassportNo,Sex,DOB,Nationality,Fname,Minit,Lname) VALUES (741,550010816496,'M','2009-06-15','Chile','Jeremy','Z.','Ernest');
INSERT INTO passenger(PID,PassportNo,Sex,DOB,Nationality,Fname,Minit,Lname) VALUES (742,236522723234,'F','1954-07-29','Australia','Mary','K.','Melissa');
INSERT INTO passenger(PID,PassportNo,Sex,DOB,Nationality,Fname,Minit,Lname) VALUES (743,789647941976,'M','2001-11-03','Antigua and Barbuda','Todd','N.','Henry');
INSERT INTO passenger(PID,PassportNo,Sex,DOB,Nationality,Fname,Minit,Lname) VALUES (744,485431284271,'M','2011-05-04','Japan','Margaret','L.','Rebecca');
INSERT INTO passenger(PID,PassportNo,Sex,DOB,Nationality,Fname,Minit,Lname) VALUES (745,913496949093,'M','1956-05-22','United States','Carol','K.','Tammy');
INSERT INTO passenger(PID,PassportNo,Sex,DOB,Nationality,Fname,Minit,Lname) VALUES (746,223661048947,'F','1952-09-05','Ethiopia','Daniel','V.','Roy');
INSERT INTO passenger(PID,PassportNo,Sex,DOB,Nationality,Fname,Minit,Lname) VALUES (747,335095112152,'F','1951-01-14','India','Mary','V.','Ernest');
INSERT INTO passenger(PID,PassportNo,Sex,DOB,Nationality,Fname,Minit,Lname) VALUES (748,361987656221,'M','2023-04-14','Vanuatu','Deborah','X.','Amy');
INSERT INTO passenger(PID,PassportNo,Sex,DOB,Nationality,Fname,Minit,Lname) VALUES (749,681173623290,'M','2008-02-16','United States','Lois','L.','Brenda');
INSERT INTO passenger(PID,PassportNo,Sex,DOB,Nationality,Fname,Minit,Lname) VALUES (750,387511126522,'M','1961-10-24','Bahamas','Judy','Q.','Harold');
INSERT INTO passenger(PID,PassportNo,Sex,DOB,Nationality,Fname,Minit,Lname) VALUES (751,255072456704,'M','1995-03-01','Iceland','Nancy','M.','Maria');
INSERT INTO passenger(PID,PassportNo,Sex,DOB,Nationality,Fname,Minit,Lname) VALUES (752,641186856665,'F','1981-10-05','Egypt','Ernest','T.','Elizabeth');
INSERT INTO passenger(PID,PassportNo,Sex,DOB,Nationality,Fname,Minit,Lname) VALUES (753,815624316856,'F','1967-09-03','Bahamas','Judy','Q.','Harold');
INSERT INTO passenger(PID,PassportNo,Sex,DOB,Nationality,Fname,Minit,Lname) VALUES (754,931499667403,'F','1988-05-23','Sweden','Ann','D.','Amy');
INSERT INTO passenger(PID,PassportNo,Sex,DOB,Nationality,Fname,Minit,Lname) VALUES (755,837142844325,'M','2013-03-27','Luxembourg','Linda','E.','Andrea');
INSERT INTO passenger(PID,PassportNo,Sex,DOB,Nationality,Fname,Minit,Lname) VALUES (756,490797652438,'F','2022-01-15','Malaysia','Harold','C.','Joe');
INSERT INTO passenger(PID,PassportNo,Sex,DOB,Nationality,Fname,Minit,Lname) VALUES (757,114782860923,'M','1953-09-03','Luxembourg','Linda','E.','Andrea');
INSERT INTO passenger(PID,PassportNo,Sex,DOB,Nationality,Fname,Minit,Lname) VALUES (758,598875997507,'M','1951-04-13','Germany','Janice','P.','William');
INSERT INTO passenger(PID,PassportNo,Sex,DOB,Nationality,Fname,Minit,Lname) VALUES (759,372048893720,'M','1986-02-22','Egypt','Paul','Z.','Judy');
INSERT INTO passenger(PID,PassportNo,Sex,DOB,Nationality,Fname,Minit,Lname) VALUES (760,489666484381,'F','1951-05-25','New Caledonia','Ruby','S.','Alan');
INSERT INTO passenger(PID,PassportNo,Sex,DOB,Nationality,Fname,Minit,Lname) VALUES (761,614130914035,'F','1993-08-02','Egypt','Paul','Z.','Judy');
INSERT INTO passenger(PID,PassportNo,Sex,DOB,Nationality,Fname,Minit,Lname) VALUES (762,141470906787,'M','2020-11-02','Costa Rica','Antonio','B.','Harold');
INSERT INTO passenger(PID,PassportNo,Sex,DOB,Nationality,Fname,Minit,Lname) VALUES (763,612432429280,'M','2020-09-01','Ethiopia','Daniel','V.','Roy');
INSERT INTO passenger(PID,PassportNo,Sex,DOB,Nationality,Fname,Minit,Lname) VALUES (764,145336921939,'F','1978-06-21','New Zealand','Carl','P.','Joyce');
INSERT INTO passenger(PID,PassportNo,Sex,DOB,Nationality,Fname,Minit,Lname) VALUES (765,442341151654,'M','1973-12-22','Indonesia','Sharon','O.','Anne');
INSERT INTO passenger(PID,PassportNo,Sex,DOB,Nationality,Fname,Minit,Lname) VALUES (766,165579658899,'M','1987-05-10','Greece','Joshua','R.','Amy');
INSERT INTO passenger(PID,PassportNo,Sex,DOB,Nationality,Fname,Minit,Lname) VALUES (767,741310463529,'M','2014-03-28','Spain','Brenda','P.','William');
INSERT INTO passenger(PID,PassportNo,Sex,DOB,Nationality,Fname,Minit,Lname) VALUES (768,494841288545,'F','2016-06-11','Japan','Margaret','L.','Rebecca');
INSERT INTO passenger(PID,PassportNo,Sex,DOB,Nationality,Fname,Minit,Lname) VALUES (769,303275271172,'F','1983-01-30','Israel','Theresa','K.','Anne');
INSERT INTO passenger(PID,PassportNo,Sex,DOB,Nationality,Fname,Minit,Lname) VALUES (770,810866569494,'M','1976-11-19','Italy','Amanda','Y.','Elizabeth');
INSERT INTO passenger(PID,PassportNo,Sex,DOB,Nationality,Fname,Minit,Lname) VALUES (771,985841488007,'F','1961-06-08','Japan','Margaret','L.','Rebecca');
INSERT INTO passenger(PID,PassportNo,Sex,DOB,Nationality,Fname,Minit,Lname) VALUES (772,599315128395,'F','1983-10-25','France','Steven','B.','Carol');
INSERT INTO passenger(PID,PassportNo,Sex,DOB,Nationality,Fname,Minit,Lname) VALUES (773,536484540148,'F','2004-03-03','India','Rebecca','D.','Kelly');
INSERT INTO passenger(PID,PassportNo,Sex,DOB,Nationality,Fname,Minit,Lname) VALUES (774,913627508483,'M','2016-12-19','New Caledonia','Ruby','S.','Alan');
INSERT INTO passenger(PID,PassportNo,Sex,DOB,Nationality,Fname,Minit,Lname) VALUES (775,640730375399,'M','2004-05-08','New Caledonia','Ruby','S.','Alan');
INSERT INTO passenger(PID,PassportNo,Sex,DOB,Nationality,Fname,Minit,Lname) VALUES (776,226464946791,'M','1968-06-09','Hong Kong SAR, China','Melissa','J.','Peter');
INSERT INTO passenger(PID,PassportNo,Sex,DOB,Nationality,Fname,Minit,Lname) VALUES (777,336946412037,'F','2003-02-03','Poland','Richard','X.','Clarence');
INSERT INTO passenger(PID,PassportNo,Sex,DOB,Nationality,Fname,Minit,Lname) VALUES (778,683800250107,'M','1955-11-21','Japan','Nancy','U.','Diane');
INSERT INTO passenger(PID,PassportNo,Sex,DOB,Nationality,Fname,Minit,Lname) VALUES (779,393287105767,'F','1977-11-04','Thailand','Eugene','B.','Steven');
INSERT INTO passenger(PID,PassportNo,Sex,DOB,Nationality,Fname,Minit,Lname) VALUES (780,390122232207,'M','1986-02-06','Spain','Brenda','P.','William');
INSERT INTO passenger(PID,PassportNo,Sex,DOB,Nationality,Fname,Minit,Lname) VALUES (781,505380458812,'F','2010-05-29','Greece','Joshua','R.','Amy');
INSERT INTO passenger(PID,PassportNo,Sex,DOB,Nationality,Fname,Minit,Lname) VALUES (782,857907145512,'M','2000-03-31','El Salvador','Jimmy','U.','Amy');
INSERT INTO passenger(PID,PassportNo,Sex,DOB,Nationality,Fname,Minit,Lname) VALUES (783,959243508136,'M','1961-04-15','Turkey','Nicole','X.','Tammy');
INSERT INTO passenger(PID,PassportNo,Sex,DOB,Nationality,Fname,Minit,Lname) VALUES (784,441240831645,'F','1957-05-10','United Kingdom','Clarence','K.','Jeremy');
INSERT INTO passenger(PID,PassportNo,Sex,DOB,Nationality,Fname,Minit,Lname) VALUES (785,821881299997,'F','1951-01-13','Poland','Richard','X.','Clarence');
INSERT INTO passenger(PID,PassportNo,Sex,DOB,Nationality,Fname,Minit,Lname) VALUES (786,413457792315,'F','2002-03-03','United States','Carol','K.','Tammy');
INSERT INTO passenger(PID,PassportNo,Sex,DOB,Nationality,Fname,Minit,Lname) VALUES (787,700651011765,'M','1989-09-10','Japan','Nancy','U.','Diane');
INSERT INTO passenger(PID,PassportNo,Sex,DOB,Nationality,Fname,Minit,Lname) VALUES (788,712004915622,'M','1961-07-17','United States','Lois','L.','Brenda');
INSERT INTO passenger(PID,PassportNo,Sex,DOB,Nationality,Fname,Minit,Lname) VALUES (789,406162159090,'F','1959-01-12','Panama','Jose','P.','Carl');
INSERT INTO passenger(PID,PassportNo,Sex,DOB,Nationality,Fname,Minit,Lname) VALUES (790,246468886708,'F','1978-05-02','Poland','Richard','X.','Clarence');
INSERT INTO passenger(PID,PassportNo,Sex,DOB,Nationality,Fname,Minit,Lname) VALUES (791,122548290308,'F','1986-08-04','Iceland','Nancy','M.','Maria');
INSERT INTO passenger(PID,PassportNo,Sex,DOB,Nationality,Fname,Minit,Lname) VALUES (792,851713667952,'F','2005-04-24','Mauritius','Tammy','P.','Ralph');
INSERT INTO passenger(PID,PassportNo,Sex,DOB,Nationality,Fname,Minit,Lname) VALUES (793,818322537453,'M','2021-02-10','Spain','Diana','C.','Peter');
INSERT INTO passenger(PID,PassportNo,Sex,DOB,Nationality,Fname,Minit,Lname) VALUES (794,804964214216,'M','1989-05-09','Egypt','Ernest','T.','Elizabeth');
INSERT INTO passenger(PID,PassportNo,Sex,DOB,Nationality,Fname,Minit,Lname) VALUES (795,569935951921,'F','2016-01-07','Bahrain','Roger','J.','Andrea');
INSERT INTO passenger(PID,PassportNo,Sex,DOB,Nationality,Fname,Minit,Lname) VALUES (796,737241206318,'F','1995-12-04','Tunisia','Kelly','U.','Phillip');
INSERT INTO passenger(PID,PassportNo,Sex,DOB,Nationality,Fname,Minit,Lname) VALUES (797,689204270900,'M','1987-01-15','Tanzania','Lillian','D.','Andrea');
INSERT INTO passenger(PID,PassportNo,Sex,DOB,Nationality,Fname,Minit,Lname) VALUES (798,937260260026,'F','2013-08-08','Saudi Arabia','Ruby','P.','Roy');
INSERT INTO passenger(PID,PassportNo,Sex,DOB,Nationality,Fname,Minit,Lname) VALUES (799,187357296206,'F','2022-05-29','United States','Benjamin','X.','Pamela');
INSERT INTO passenger(PID,PassportNo,Sex,DOB,Nationality,Fname,Minit,Lname) VALUES (800,159023690335,'F','1982-07-13','Philippines','Roy','A.','Jason');
INSERT INTO passenger(PID,PassportNo,Sex,DOB,Nationality,Fname,Minit,Lname) VALUES (801,358826896429,'F','1970-12-14','Czech Republic','Joan','U.','Larry');
INSERT INTO passenger(PID,PassportNo,Sex,DOB,Nationality,Fname,Minit,Lname) VALUES (802,223894827235,'M','1961-10-15','Italy','Julia','N.','Anne');
INSERT INTO passenger(PID,PassportNo,Sex,DOB,Nationality,Fname,Minit,Lname) VALUES (803,692414941166,'M','2018-03-08','United Arab Emirates','Christopher','Q.','Aaron');
INSERT INTO passenger(PID,PassportNo,Sex,DOB,Nationality,Fname,Minit,Lname) VALUES (804,808233256417,'M','2017-10-30','Luxembourg','Jason','W.','Diane');
INSERT INTO passenger(PID,PassportNo,Sex,DOB,Nationality,Fname,Minit,Lname) VALUES (805,820245775844,'M','2014-09-20','Turkey','Nicole','X.','Tammy');
INSERT INTO passenger(PID,PassportNo,Sex,DOB,Nationality,Fname,Minit,Lname) VALUES (806,303287976120,'M','1991-09-07','Portugal','Paula','X.','Eugene');
INSERT INTO passenger(PID,PassportNo,Sex,DOB,Nationality,Fname,Minit,Lname) VALUES (807,940427007705,'M','1959-05-03','Poland','Richard','X.','Clarence');
INSERT INTO passenger(PID,PassportNo,Sex,DOB,Nationality,Fname,Minit,Lname) VALUES (808,829129685248,'F','1974-03-10','Tunisia','Kelly','U.','Phillip');
INSERT INTO passenger(PID,PassportNo,Sex,DOB,Nationality,Fname,Minit,Lname) VALUES (809,246916687702,'M','2022-08-05','Iceland','Nancy','M.','Maria');
INSERT INTO passenger(PID,PassportNo,Sex,DOB,Nationality,Fname,Minit,Lname) VALUES (810,216858158953,'M','2008-05-25','Israel','Theresa','K.','Anne');
INSERT INTO passenger(PID,PassportNo,Sex,DOB,Nationality,Fname,Minit,Lname) VALUES (811,908219776354,'M','1988-12-16','Democratic People''s Republic of Korea','Peter','M.','Joyce');
INSERT INTO passenger(PID,PassportNo,Sex,DOB,Nationality,Fname,Minit,Lname) VALUES (812,755381514039,'M','1992-07-01','New Caledonia','Ruby','S.','Alan');
INSERT INTO passenger(PID,PassportNo,Sex,DOB,Nationality,Fname,Minit,Lname) VALUES (813,985167830836,'M','1987-10-29','Greece','Joshua','R.','Amy');
INSERT INTO passenger(PID,PassportNo,Sex,DOB,Nationality,Fname,Minit,Lname) VALUES (814,227292264354,'F','2006-08-10','Iran','Joyce','H.','Jack');
INSERT INTO passenger(PID,PassportNo,Sex,DOB,Nationality,Fname,Minit,Lname) VALUES (815,909183447262,'M','2015-08-14','Syrian Arab Republic','Anne','K.','Jeremy');
INSERT INTO passenger(PID,PassportNo,Sex,DOB,Nationality,Fname,Minit,Lname) VALUES (816,934103635650,'F','2002-02-07','Luxembourg','Linda','E.','Andrea');
INSERT INTO passenger(PID,PassportNo,Sex,DOB,Nationality,Fname,Minit,Lname) VALUES (817,467792332956,'F','2022-08-14','Solomon Islands','Dorothy','K.','Elizabeth');
INSERT INTO passenger(PID,PassportNo,Sex,DOB,Nationality,Fname,Minit,Lname) VALUES (818,401111096811,'F','1998-09-08','Tanzania','Ralph','M.','Linda');
INSERT INTO passenger(PID,PassportNo,Sex,DOB,Nationality,Fname,Minit,Lname) VALUES (819,996935676230,'M','1995-03-09','Mexico','Melissa','R.','Harold');
INSERT INTO passenger(PID,PassportNo,Sex,DOB,Nationality,Fname,Minit,Lname) VALUES (820,642530412456,'F','1984-02-28','Malaysia','Harold','C.','Joe');
INSERT INTO passenger(PID,PassportNo,Sex,DOB,Nationality,Fname,Minit,Lname) VALUES (821,875832924329,'M','1957-07-22','Spain','Diana','C.','Peter');
INSERT INTO passenger(PID,PassportNo,Sex,DOB,Nationality,Fname,Minit,Lname) VALUES (822,289897402853,'F','1960-12-28','Netherlands','Anne','P.','Theresa');
INSERT INTO passenger(PID,PassportNo,Sex,DOB,Nationality,Fname,Minit,Lname) VALUES (823,913407480286,'M','2017-03-18','Hong Kong SAR, China','Margaret','T.','Jack');
INSERT INTO passenger(PID,PassportNo,Sex,DOB,Nationality,Fname,Minit,Lname) VALUES (824,607613327769,'M','1986-12-03','Morocco','Cynthia','S.','Jimmy');
INSERT INTO passenger(PID,PassportNo,Sex,DOB,Nationality,Fname,Minit,Lname) VALUES (825,201141334683,'M','1966-01-13','United States','Carol','K.','Tammy');
INSERT INTO passenger(PID,PassportNo,Sex,DOB,Nationality,Fname,Minit,Lname) VALUES (826,470568712339,'F','2018-07-02','Philippines','Roy','A.','Jason');
INSERT INTO passenger(PID,PassportNo,Sex,DOB,Nationality,Fname,Minit,Lname) VALUES (827,829201419442,'F','1957-05-05','United Arab Emirates','Martha','B.','Cheryl');
INSERT INTO passenger(PID,PassportNo,Sex,DOB,Nationality,Fname,Minit,Lname) VALUES (828,487511984521,'F','1978-12-03','Serbia','Larry','K.','Nancy');
INSERT INTO passenger(PID,PassportNo,Sex,DOB,Nationality,Fname,Minit,Lname) VALUES (829,251428902352,'M','2009-11-12','Poland','Richard','X.','Clarence');
INSERT INTO passenger(PID,PassportNo,Sex,DOB,Nationality,Fname,Minit,Lname) VALUES (830,750381408777,'F','1983-12-25','Argentina','Andrea','M.','Rebecca');
INSERT INTO passenger(PID,PassportNo,Sex,DOB,Nationality,Fname,Minit,Lname) VALUES (831,740387691187,'F','1981-04-06','Namibia','Carolyn','Y.','Aaron');
INSERT INTO passenger(PID,PassportNo,Sex,DOB,Nationality,Fname,Minit,Lname) VALUES (832,436015722535,'M','1960-02-20','Bahamas','Judy','Q.','Harold');
INSERT INTO passenger(PID,PassportNo,Sex,DOB,Nationality,Fname,Minit,Lname) VALUES (833,374199880878,'F','2002-01-11','Luxembourg','Jason','W.','Diane');
INSERT INTO passenger(PID,PassportNo,Sex,DOB,Nationality,Fname,Minit,Lname) VALUES (834,665868925549,'M','2008-10-14','United States','Frances','H.','Phillip');
INSERT INTO passenger(PID,PassportNo,Sex,DOB,Nationality,Fname,Minit,Lname) VALUES (835,662524994794,'F','2013-02-17','United Kingdom','Clarence','K.','Jeremy');
INSERT INTO passenger(PID,PassportNo,Sex,DOB,Nationality,Fname,Minit,Lname) VALUES (836,560530023086,'M','1981-12-13','Poland','Richard','X.','Clarence');
INSERT INTO passenger(PID,PassportNo,Sex,DOB,Nationality,Fname,Minit,Lname) VALUES (837,537949079756,'M','2005-08-10','United Arab Emirates','Christopher','Q.','Aaron');
INSERT INTO passenger(PID,PassportNo,Sex,DOB,Nationality,Fname,Minit,Lname) VALUES (838,472903602086,'F','2008-12-18','Suriname','Ernest','S.','Carolyn');
INSERT INTO passenger(PID,PassportNo,Sex,DOB,Nationality,Fname,Minit,Lname) VALUES (839,680716464403,'M','2004-07-14','Greece','Joshua','R.','Amy');
INSERT INTO passenger(PID,PassportNo,Sex,DOB,Nationality,Fname,Minit,Lname) VALUES (840,289836220387,'F','1995-08-25','Chile','Cheryl','Q.','Maria');
INSERT INTO passenger(PID,PassportNo,Sex,DOB,Nationality,Fname,Minit,Lname) VALUES (841,588659858034,'M','1989-10-10','Finland','Alan','R.','Larry');
INSERT INTO passenger(PID,PassportNo,Sex,DOB,Nationality,Fname,Minit,Lname) VALUES (842,440370560918,'M','1973-09-04','Hong Kong SAR, China','Melissa','J.','Peter');
INSERT INTO passenger(PID,PassportNo,Sex,DOB,Nationality,Fname,Minit,Lname) VALUES (843,779646073945,'M','2019-06-20','French Polynesia','Debra','L.','Amy');
INSERT INTO passenger(PID,PassportNo,Sex,DOB,Nationality,Fname,Minit,Lname) VALUES (844,310762998742,'M','1985-10-04','Germany','Nancy','W.','Thomas');
INSERT INTO passenger(PID,PassportNo,Sex,DOB,Nationality,Fname,Minit,Lname) VALUES (845,473043866425,'F','1980-04-05','Greece','Joshua','R.','Amy');
INSERT INTO passenger(PID,PassportNo,Sex,DOB,Nationality,Fname,Minit,Lname) VALUES (846,313902240658,'F','1981-05-19','Indonesia','Sharon','O.','Anne');
INSERT INTO passenger(PID,PassportNo,Sex,DOB,Nationality,Fname,Minit,Lname) VALUES (847,576647044723,'M','1970-04-14','United States','Frances','H.','Phillip');
INSERT INTO passenger(PID,PassportNo,Sex,DOB,Nationality,Fname,Minit,Lname) VALUES (848,551605643517,'F','1981-11-08','Egypt','Paul','Z.','Judy');
INSERT INTO passenger(PID,PassportNo,Sex,DOB,Nationality,Fname,Minit,Lname) VALUES (849,883966816606,'F','1969-10-01','Mexico','Melissa','R.','Harold');
INSERT INTO passenger(PID,PassportNo,Sex,DOB,Nationality,Fname,Minit,Lname) VALUES (850,909987673421,'F','1990-05-26','Lebanon','Lillian','A.','Douglas');
INSERT INTO passenger(PID,PassportNo,Sex,DOB,Nationality,Fname,Minit,Lname) VALUES (851,408084306278,'M','1953-11-01','Costa Rica','Antonio','B.','Harold');
INSERT INTO passenger(PID,PassportNo,Sex,DOB,Nationality,Fname,Minit,Lname) VALUES (852,606803423687,'M','1987-02-01','United States','Joe','V.','Ralph');
INSERT INTO passenger(PID,PassportNo,Sex,DOB,Nationality,Fname,Minit,Lname) VALUES (853,755577197305,'F','1974-03-22','French Polynesia','Debra','L.','Amy');
INSERT INTO passenger(PID,PassportNo,Sex,DOB,Nationality,Fname,Minit,Lname) VALUES (854,311496109664,'F','1961-09-13','Argentina','Andrea','M.','Rebecca');
INSERT INTO passenger(PID,PassportNo,Sex,DOB,Nationality,Fname,Minit,Lname) VALUES (855,725649741200,'F','2012-07-03','India','Mary','V.','Ernest');
INSERT INTO passenger(PID,PassportNo,Sex,DOB,Nationality,Fname,Minit,Lname) VALUES (856,798447670999,'M','2000-04-13','Luxembourg','Linda','E.','Andrea');
INSERT INTO passenger(PID,PassportNo,Sex,DOB,Nationality,Fname,Minit,Lname) VALUES (857,189581341802,'M','1950-12-08','Luxembourg','Jason','W.','Diane');
INSERT INTO passenger(PID,PassportNo,Sex,DOB,Nationality,Fname,Minit,Lname) VALUES (858,267751289788,'M','1979-03-18','United States','Benjamin','X.','Pamela');
INSERT INTO passenger(PID,PassportNo,Sex,DOB,Nationality,Fname,Minit,Lname) VALUES (859,538340932614,'F','2020-06-02','Qatar','Cynthia','K.','Larry');
INSERT INTO passenger(PID,PassportNo,Sex,DOB,Nationality,Fname,Minit,Lname) VALUES (860,888447788090,'F','1967-05-20','India','Rebecca','D.','Kelly');
INSERT INTO passenger(PID,PassportNo,Sex,DOB,Nationality,Fname,Minit,Lname) VALUES (861,201741037346,'M','2004-04-16','Portugal','Paula','X.','Eugene');
INSERT INTO passenger(PID,PassportNo,Sex,DOB,Nationality,Fname,Minit,Lname) VALUES (862,292287018040,'M','1972-04-03','Chile','Jeremy','Z.','Ernest');
INSERT INTO passenger(PID,PassportNo,Sex,DOB,Nationality,Fname,Minit,Lname) VALUES (863,979633963181,'M','2021-01-31','Tanzania','Ralph','M.','Linda');
INSERT INTO passenger(PID,PassportNo,Sex,DOB,Nationality,Fname,Minit,Lname) VALUES (864,498176989092,'M','1978-03-29','Lebanon','Lillian','A.','Douglas');
INSERT INTO passenger(PID,PassportNo,Sex,DOB,Nationality,Fname,Minit,Lname) VALUES (865,959204659498,'M','1993-10-21','Finland','Alan','R.','Larry');
INSERT INTO passenger(PID,PassportNo,Sex,DOB,Nationality,Fname,Minit,Lname) VALUES (866,642015107868,'F','1998-05-31','United States','Cheryl','P.','Melissa');
INSERT INTO passenger(PID,PassportNo,Sex,DOB,Nationality,Fname,Minit,Lname) VALUES (867,902052024144,'M','1990-05-07','New Caledonia','Ruby','S.','Alan');
INSERT INTO passenger(PID,PassportNo,Sex,DOB,Nationality,Fname,Minit,Lname) VALUES (868,139208560097,'M','1998-11-16','India','Mary','V.','Ernest');
INSERT INTO passenger(PID,PassportNo,Sex,DOB,Nationality,Fname,Minit,Lname) VALUES (869,217670253864,'F','1996-01-18','Portugal','Paula','X.','Eugene');
INSERT INTO passenger(PID,PassportNo,Sex,DOB,Nationality,Fname,Minit,Lname) VALUES (870,772182599926,'F','1955-01-02','Mexico','Melissa','R.','Harold');
INSERT INTO passenger(PID,PassportNo,Sex,DOB,Nationality,Fname,Minit,Lname) VALUES (871,424833554107,'F','1976-11-29','Chile','Cheryl','Q.','Maria');
INSERT INTO passenger(PID,PassportNo,Sex,DOB,Nationality,Fname,Minit,Lname) VALUES (872,745353320523,'M','1964-12-03','Angola','Judy','S.','Amanda');
INSERT INTO passenger(PID,PassportNo,Sex,DOB,Nationality,Fname,Minit,Lname) VALUES (873,157186793993,'F','1967-05-22','Syrian Arab Republic','Anne','K.','Jeremy');
INSERT INTO passenger(PID,PassportNo,Sex,DOB,Nationality,Fname,Minit,Lname) VALUES (874,876575857555,'F','1983-03-12','Israel','Pamela','I.','Paula');
INSERT INTO passenger(PID,PassportNo,Sex,DOB,Nationality,Fname,Minit,Lname) VALUES (875,911519583759,'F','1959-12-15','Iceland','Nancy','M.','Maria');
INSERT INTO passenger(PID,PassportNo,Sex,DOB,Nationality,Fname,Minit,Lname) VALUES (876,395098296229,'F','2022-02-24','Israel','Theresa','K.','Anne');
INSERT INTO passenger(PID,PassportNo,Sex,DOB,Nationality,Fname,Minit,Lname) VALUES (877,375062583896,'F','2019-04-01','Argentina','Wayne','O.','Nancy');
INSERT INTO passenger(PID,PassportNo,Sex,DOB,Nationality,Fname,Minit,Lname) VALUES (878,410343428609,'F','1993-01-17','New Caledonia','Matthew','L.','Linda');
INSERT INTO passenger(PID,PassportNo,Sex,DOB,Nationality,Fname,Minit,Lname) VALUES (879,798295105886,'F','1969-01-21','Canada','Diane','U.','Maria');
INSERT INTO passenger(PID,PassportNo,Sex,DOB,Nationality,Fname,Minit,Lname) VALUES (880,624156270751,'M','1969-06-30','Japan','Margaret','L.','Rebecca');
INSERT INTO passenger(PID,PassportNo,Sex,DOB,Nationality,Fname,Minit,Lname) VALUES (881,540559257693,'M','2009-11-21','Suriname','Ernest','S.','Carolyn');
INSERT INTO passenger(PID,PassportNo,Sex,DOB,Nationality,Fname,Minit,Lname) VALUES (882,720653617676,'F','1988-05-04','Japan','Nancy','U.','Diane');
INSERT INTO passenger(PID,PassportNo,Sex,DOB,Nationality,Fname,Minit,Lname) VALUES (883,315230228584,'F','1962-10-24','South Africa','Douglas','O.','Joe');
INSERT INTO passenger(PID,PassportNo,Sex,DOB,Nationality,Fname,Minit,Lname) VALUES (884,199617160745,'F','1994-12-13','Sweden','Ann','D.','Amy');
INSERT INTO passenger(PID,PassportNo,Sex,DOB,Nationality,Fname,Minit,Lname) VALUES (885,391370303801,'F','1965-03-31','Luxembourg','Jason','W.','Diane');
INSERT INTO passenger(PID,PassportNo,Sex,DOB,Nationality,Fname,Minit,Lname) VALUES (886,678394070822,'M','2002-05-04','Ireland','Theresa','K.','Christopher');
INSERT INTO passenger(PID,PassportNo,Sex,DOB,Nationality,Fname,Minit,Lname) VALUES (887,750291275443,'M','1991-01-08','United States','Carol','K.','Tammy');
INSERT INTO passenger(PID,PassportNo,Sex,DOB,Nationality,Fname,Minit,Lname) VALUES (888,229167349240,'F','1967-03-10','United States','Frances','H.','Phillip');
INSERT INTO passenger(PID,PassportNo,Sex,DOB,Nationality,Fname,Minit,Lname) VALUES (889,313190262621,'F','1979-12-19','Korea','William','W.','Wayne');
INSERT INTO passenger(PID,PassportNo,Sex,DOB,Nationality,Fname,Minit,Lname) VALUES (890,279501310961,'M','1957-09-19','United States','Joe','V.','Ralph');
INSERT INTO passenger(PID,PassportNo,Sex,DOB,Nationality,Fname,Minit,Lname) VALUES (891,531334643160,'M','2000-06-25','Israel','Pamela','I.','Paula');
INSERT INTO passenger(PID,PassportNo,Sex,DOB,Nationality,Fname,Minit,Lname) VALUES (892,266234550613,'M','2003-03-07','United States','Carol','K.','Tammy');
INSERT INTO passenger(PID,PassportNo,Sex,DOB,Nationality,Fname,Minit,Lname) VALUES (893,978475009652,'M','1985-12-24','Antigua and Barbuda','Todd','N.','Henry');
INSERT INTO passenger(PID,PassportNo,Sex,DOB,Nationality,Fname,Minit,Lname) VALUES (894,325782850080,'M','1997-03-13','Korea','William','W.','Wayne');
INSERT INTO passenger(PID,PassportNo,Sex,DOB,Nationality,Fname,Minit,Lname) VALUES (895,824836102422,'M','1987-12-01','Lebanon','Lillian','A.','Douglas');
INSERT INTO passenger(PID,PassportNo,Sex,DOB,Nationality,Fname,Minit,Lname) VALUES (896,699753164514,'F','1981-12-02','United States','Lois','L.','Brenda');
INSERT INTO passenger(PID,PassportNo,Sex,DOB,Nationality,Fname,Minit,Lname) VALUES (897,741942838349,'F','1956-03-08','Philippines','Roy','A.','Jason');
INSERT INTO passenger(PID,PassportNo,Sex,DOB,Nationality,Fname,Minit,Lname) VALUES (898,391109043927,'F','2008-08-15','Germany','Nancy','W.','Thomas');
INSERT INTO passenger(PID,PassportNo,Sex,DOB,Nationality,Fname,Minit,Lname) VALUES (899,889298864786,'M','1967-11-02','Saudi Arabia','Ruby','P.','Roy');
INSERT INTO passenger(PID,PassportNo,Sex,DOB,Nationality,Fname,Minit,Lname) VALUES (900,487997382193,'M','2009-01-19','Germany','Jack','O.','Diane');
INSERT INTO passenger(PID,PassportNo,Sex,DOB,Nationality,Fname,Minit,Lname) VALUES (901,881649386429,'F','1995-03-08','Luxembourg','Jason','W.','Diane');
INSERT INTO passenger(PID,PassportNo,Sex,DOB,Nationality,Fname,Minit,Lname) VALUES (902,913511422841,'M','1999-10-12','India','Mary','V.','Ernest');
INSERT INTO passenger(PID,PassportNo,Sex,DOB,Nationality,Fname,Minit,Lname) VALUES (903,391822509986,'F','1973-06-14','Germany','Nancy','W.','Thomas');
INSERT INTO passenger(PID,PassportNo,Sex,DOB,Nationality,Fname,Minit,Lname) VALUES (904,311531540723,'M','1957-04-20','Ethiopia','Daniel','V.','Roy');
INSERT INTO passenger(PID,PassportNo,Sex,DOB,Nationality,Fname,Minit,Lname) VALUES (905,512855436874,'F','1972-02-20','United Kingdom','Clarence','K.','Jeremy');
INSERT INTO passenger(PID,PassportNo,Sex,DOB,Nationality,Fname,Minit,Lname) VALUES (906,310624842302,'F','2000-11-14','Germany','Janice','P.','William');
INSERT INTO passenger(PID,PassportNo,Sex,DOB,Nationality,Fname,Minit,Lname) VALUES (907,487188268731,'M','2012-06-26','Cuba','Henry','B.','Joyce');
INSERT INTO passenger(PID,PassportNo,Sex,DOB,Nationality,Fname,Minit,Lname) VALUES (908,738826706127,'M','1993-08-04','Iceland','Nancy','M.','Maria');
INSERT INTO passenger(PID,PassportNo,Sex,DOB,Nationality,Fname,Minit,Lname) VALUES (909,672983006846,'F','1998-01-22','French Polynesia','Debra','L.','Amy');
INSERT INTO passenger(PID,PassportNo,Sex,DOB,Nationality,Fname,Minit,Lname) VALUES (910,435640018625,'F','1964-12-18','United States','Carol','K.','Tammy');
INSERT INTO passenger(PID,PassportNo,Sex,DOB,Nationality,Fname,Minit,Lname) VALUES (911,514064168914,'M','2008-08-31','Canada','Diane','U.','Maria');
INSERT INTO passenger(PID,PassportNo,Sex,DOB,Nationality,Fname,Minit,Lname) VALUES (912,207486235946,'F','1961-08-02','Canada','Diane','U.','Maria');
INSERT INTO passenger(PID,PassportNo,Sex,DOB,Nationality,Fname,Minit,Lname) VALUES (913,977440965376,'F','1963-09-15','Solomon Islands','Dorothy','K.','Elizabeth');
INSERT INTO passenger(PID,PassportNo,Sex,DOB,Nationality,Fname,Minit,Lname) VALUES (914,167991315355,'M','1995-06-18','Pakistan','Janet','W.','Jason');
INSERT INTO passenger(PID,PassportNo,Sex,DOB,Nationality,Fname,Minit,Lname) VALUES (915,148970746917,'F','2004-12-12','Japan','Margaret','L.','Rebecca');
INSERT INTO passenger(PID,PassportNo,Sex,DOB,Nationality,Fname,Minit,Lname) VALUES (916,327116799319,'F','1981-12-28','Angola','Judy','S.','Amanda');
INSERT INTO passenger(PID,PassportNo,Sex,DOB,Nationality,Fname,Minit,Lname) VALUES (917,619419982907,'M','1978-07-12','Tanzania','Lillian','D.','Andrea');
INSERT INTO passenger(PID,PassportNo,Sex,DOB,Nationality,Fname,Minit,Lname) VALUES (918,357150264197,'M','1991-08-16','Argentina','Wayne','O.','Nancy');
INSERT INTO passenger(PID,PassportNo,Sex,DOB,Nationality,Fname,Minit,Lname) VALUES (919,807988405810,'M','2019-07-29','El Salvador','Jimmy','U.','Amy');
INSERT INTO passenger(PID,PassportNo,Sex,DOB,Nationality,Fname,Minit,Lname) VALUES (920,840270925709,'F','2007-07-12','Egypt','Ernest','T.','Elizabeth');
INSERT INTO passenger(PID,PassportNo,Sex,DOB,Nationality,Fname,Minit,Lname) VALUES (921,212720529474,'F','1988-01-08','Costa Rica','Antonio','B.','Harold');
INSERT INTO passenger(PID,PassportNo,Sex,DOB,Nationality,Fname,Minit,Lname) VALUES (922,372081919877,'F','2015-02-24','Panama','Jose','P.','Carl');
INSERT INTO passenger(PID,PassportNo,Sex,DOB,Nationality,Fname,Minit,Lname) VALUES (923,665063022457,'F','2016-12-11','United Kingdom','Clarence','K.','Jeremy');
INSERT INTO passenger(PID,PassportNo,Sex,DOB,Nationality,Fname,Minit,Lname) VALUES (924,562579047981,'M','2012-11-27','United Arab Emirates','Martha','B.','Cheryl');
INSERT INTO passenger(PID,PassportNo,Sex,DOB,Nationality,Fname,Minit,Lname) VALUES (925,793693073616,'M','1952-08-27','New Caledonia','Matthew','L.','Linda');
INSERT INTO passenger(PID,PassportNo,Sex,DOB,Nationality,Fname,Minit,Lname) VALUES (926,327436658436,'M','1965-07-13','Vanuatu','Deborah','X.','Amy');
INSERT INTO passenger(PID,PassportNo,Sex,DOB,Nationality,Fname,Minit,Lname) VALUES (927,124296882198,'F','1969-09-15','Japan','Margaret','L.','Rebecca');
INSERT INTO passenger(PID,PassportNo,Sex,DOB,Nationality,Fname,Minit,Lname) VALUES (928,809386923327,'M','1966-11-30','Cameroon','Jack','J.','Ryan');
INSERT INTO passenger(PID,PassportNo,Sex,DOB,Nationality,Fname,Minit,Lname) VALUES (929,160408147690,'F','1959-02-08','Hong Kong SAR, China','Margaret','T.','Jack');
INSERT INTO passenger(PID,PassportNo,Sex,DOB,Nationality,Fname,Minit,Lname) VALUES (930,990432207613,'M','1958-08-13','Cameroon','Jack','J.','Ryan');
INSERT INTO passenger(PID,PassportNo,Sex,DOB,Nationality,Fname,Minit,Lname) VALUES (931,894051736242,'F','2021-01-23','France','Steven','B.','Carol');
INSERT INTO passenger(PID,PassportNo,Sex,DOB,Nationality,Fname,Minit,Lname) VALUES (932,690307883603,'F','1983-05-22','French Polynesia','Debra','L.','Amy');
INSERT INTO passenger(PID,PassportNo,Sex,DOB,Nationality,Fname,Minit,Lname) VALUES (933,284372724505,'M','2010-08-28','Egypt','Paul','Z.','Judy');
INSERT INTO passenger(PID,PassportNo,Sex,DOB,Nationality,Fname,Minit,Lname) VALUES (934,907368803297,'M','2015-04-21','Ethiopia','Daniel','V.','Roy');
INSERT INTO passenger(PID,PassportNo,Sex,DOB,Nationality,Fname,Minit,Lname) VALUES (935,117081386495,'F','1994-12-27','New Zealand','Carl','P.','Joyce');
INSERT INTO passenger(PID,PassportNo,Sex,DOB,Nationality,Fname,Minit,Lname) VALUES (936,288451752533,'M','1992-08-07','France','Steven','B.','Carol');
INSERT INTO passenger(PID,PassportNo,Sex,DOB,Nationality,Fname,Minit,Lname) VALUES (937,573652623994,'M','2017-12-10','United States','Carol','K.','Tammy');
INSERT INTO passenger(PID,PassportNo,Sex,DOB,Nationality,Fname,Minit,Lname) VALUES (938,999890276246,'M','1998-05-15','South Africa','Donna','S.','Carl');
INSERT INTO passenger(PID,PassportNo,Sex,DOB,Nationality,Fname,Minit,Lname) VALUES (939,693304662618,'M','2011-05-18','Japan','Margaret','L.','Rebecca');
INSERT INTO passenger(PID,PassportNo,Sex,DOB,Nationality,Fname,Minit,Lname) VALUES (940,255982636715,'F','1973-07-03','Turkey','Nicole','X.','Tammy');
INSERT INTO passenger(PID,PassportNo,Sex,DOB,Nationality,Fname,Minit,Lname) VALUES (941,174865235030,'F','2015-04-06','Israel','Pamela','I.','Paula');
INSERT INTO passenger(PID,PassportNo,Sex,DOB,Nationality,Fname,Minit,Lname) VALUES (942,654372613493,'F','1995-05-15','United Arab Emirates','Christopher','Q.','Aaron');
INSERT INTO passenger(PID,PassportNo,Sex,DOB,Nationality,Fname,Minit,Lname) VALUES (943,576628558424,'M','2020-10-16','Democratic People''s Republic of Korea','Peter','M.','Joyce');
INSERT INTO passenger(PID,PassportNo,Sex,DOB,Nationality,Fname,Minit,Lname) VALUES (944,524073135913,'F','1966-03-17','India','Rebecca','D.','Kelly');
INSERT INTO passenger(PID,PassportNo,Sex,DOB,Nationality,Fname,Minit,Lname) VALUES (945,503469032810,'M','2006-01-07','Kuwait','Phillip','Q.','Anne');
INSERT INTO passenger(PID,PassportNo,Sex,DOB,Nationality,Fname,Minit,Lname) VALUES (946,645679322557,'M','1967-01-18','Seychelles','Carol','X.','Thomas');
INSERT INTO passenger(PID,PassportNo,Sex,DOB,Nationality,Fname,Minit,Lname) VALUES (947,155862852445,'F','2005-12-15','United Kingdom','Clarence','K.','Jeremy');
INSERT INTO passenger(PID,PassportNo,Sex,DOB,Nationality,Fname,Minit,Lname) VALUES (948,462775454726,'M','1964-10-18','China','Nancy','F.','Carl');
INSERT INTO passenger(PID,PassportNo,Sex,DOB,Nationality,Fname,Minit,Lname) VALUES (949,194285326396,'M','1950-07-10','China','Nancy','F.','Carl');
INSERT INTO passenger(PID,PassportNo,Sex,DOB,Nationality,Fname,Minit,Lname) VALUES (950,904771546580,'M','1974-06-18','Qatar','Cynthia','K.','Larry');
INSERT INTO passenger(PID,PassportNo,Sex,DOB,Nationality,Fname,Minit,Lname) VALUES (951,367058896453,'M','1961-10-14','Suriname','Ernest','S.','Carolyn');
INSERT INTO passenger(PID,PassportNo,Sex,DOB,Nationality,Fname,Minit,Lname) VALUES (952,353280513276,'F','2020-08-30','Chile','Jeremy','Z.','Ernest');
INSERT INTO passenger(PID,PassportNo,Sex,DOB,Nationality,Fname,Minit,Lname) VALUES (953,764986818885,'M','1987-07-09','Thailand','Eugene','B.','Steven');
INSERT INTO passenger(PID,PassportNo,Sex,DOB,Nationality,Fname,Minit,Lname) VALUES (954,420747810213,'F','1971-02-20','Trinidad and Tobago','Elizabeth','X.','Jimmy');
INSERT INTO passenger(PID,PassportNo,Sex,DOB,Nationality,Fname,Minit,Lname) VALUES (955,354113380046,'M','1990-12-20','Luxembourg','Jason','W.','Diane');
INSERT INTO passenger(PID,PassportNo,Sex,DOB,Nationality,Fname,Minit,Lname) VALUES (956,275689101999,'F','1969-01-25','Vanuatu','Deborah','X.','Amy');
INSERT INTO passenger(PID,PassportNo,Sex,DOB,Nationality,Fname,Minit,Lname) VALUES (957,383556718404,'F','2016-03-09','Costa Rica','Antonio','B.','Harold');
INSERT INTO passenger(PID,PassportNo,Sex,DOB,Nationality,Fname,Minit,Lname) VALUES (958,721918295457,'F','1965-07-08','New Zealand','Carl','P.','Joyce');
INSERT INTO passenger(PID,PassportNo,Sex,DOB,Nationality,Fname,Minit,Lname) VALUES (959,158694939327,'M','1975-07-27','Netherlands','Maria','N.','Jason');
INSERT INTO passenger(PID,PassportNo,Sex,DOB,Nationality,Fname,Minit,Lname) VALUES (960,533702329179,'F','1958-01-02','Poland','Richard','X.','Clarence');
INSERT INTO passenger(PID,PassportNo,Sex,DOB,Nationality,Fname,Minit,Lname) VALUES (961,650496563754,'M','2014-06-10','Iran','Joyce','H.','Jack');
INSERT INTO passenger(PID,PassportNo,Sex,DOB,Nationality,Fname,Minit,Lname) VALUES (962,592151548836,'M','1960-07-07','Trinidad and Tobago','Elizabeth','X.','Jimmy');
INSERT INTO passenger(PID,PassportNo,Sex,DOB,Nationality,Fname,Minit,Lname) VALUES (963,726748742676,'M','2000-09-11','Serbia','Larry','K.','Nancy');
INSERT INTO passenger(PID,PassportNo,Sex,DOB,Nationality,Fname,Minit,Lname) VALUES (964,805490928688,'F','2007-12-09','Costa Rica','Antonio','B.','Harold');
INSERT INTO passenger(PID,PassportNo,Sex,DOB,Nationality,Fname,Minit,Lname) VALUES (965,598179836126,'F','1972-03-06','Netherlands','Anne','P.','Theresa');
INSERT INTO passenger(PID,PassportNo,Sex,DOB,Nationality,Fname,Minit,Lname) VALUES (966,590625015948,'F','1955-08-06','Turkey','Nicole','X.','Tammy');
INSERT INTO passenger(PID,PassportNo,Sex,DOB,Nationality,Fname,Minit,Lname) VALUES (967,615290928029,'F','2017-09-18','Morocco','Cynthia','S.','Jimmy');
INSERT INTO passenger(PID,PassportNo,Sex,DOB,Nationality,Fname,Minit,Lname) VALUES (968,127932311167,'M','2001-01-01','Angola','Judy','S.','Amanda');
INSERT INTO passenger(PID,PassportNo,Sex,DOB,Nationality,Fname,Minit,Lname) VALUES (969,320369870238,'F','1964-07-20','Netherlands','Anne','P.','Theresa');
INSERT INTO passenger(PID,PassportNo,Sex,DOB,Nationality,Fname,Minit,Lname) VALUES (970,927457343991,'M','2013-06-24','South Africa','Douglas','O.','Joe');
INSERT INTO passenger(PID,PassportNo,Sex,DOB,Nationality,Fname,Minit,Lname) VALUES (971,865921403661,'M','2013-07-28','Belgium','Aaron','L.','Nicole');
INSERT INTO passenger(PID,PassportNo,Sex,DOB,Nationality,Fname,Minit,Lname) VALUES (972,517871456066,'M','1990-08-16','Spain','Diana','C.','Peter');
INSERT INTO passenger(PID,PassportNo,Sex,DOB,Nationality,Fname,Minit,Lname) VALUES (973,819788514175,'F','1950-04-20','Angola','Judy','S.','Amanda');
INSERT INTO passenger(PID,PassportNo,Sex,DOB,Nationality,Fname,Minit,Lname) VALUES (974,584787157525,'M','1982-02-02','United Arab Emirates','Christopher','Q.','Aaron');
INSERT INTO passenger(PID,PassportNo,Sex,DOB,Nationality,Fname,Minit,Lname) VALUES (975,627337185335,'M','1994-12-03','Japan','Nancy','U.','Diane');
INSERT INTO passenger(PID,PassportNo,Sex,DOB,Nationality,Fname,Minit,Lname) VALUES (976,633691284585,'F','2009-12-01','New Zealand','Carl','P.','Joyce');
INSERT INTO passenger(PID,PassportNo,Sex,DOB,Nationality,Fname,Minit,Lname) VALUES (977,782363992993,'M','2000-11-10','Poland','Richard','X.','Clarence');
INSERT INTO passenger(PID,PassportNo,Sex,DOB,Nationality,Fname,Minit,Lname) VALUES (978,768716993271,'F','1959-07-01','United Kingdom','Clarence','K.','Jeremy');
INSERT INTO passenger(PID,PassportNo,Sex,DOB,Nationality,Fname,Minit,Lname) VALUES (979,969957997255,'M','1993-08-25','Czech Republic','Joan','U.','Larry');
INSERT INTO passenger(PID,PassportNo,Sex,DOB,Nationality,Fname,Minit,Lname) VALUES (980,863962178246,'M','1989-01-07','Morocco','Cynthia','S.','Jimmy');
INSERT INTO passenger(PID,PassportNo,Sex,DOB,Nationality,Fname,Minit,Lname) VALUES (981,572375207344,'M','2018-08-27','South Africa','Douglas','O.','Joe');
INSERT INTO passenger(PID,PassportNo,Sex,DOB,Nationality,Fname,Minit,Lname) VALUES (982,338144255177,'M','1965-06-29','Serbia','Larry','K.','Nancy');
INSERT INTO passenger(PID,PassportNo,Sex,DOB,Nationality,Fname,Minit,Lname) VALUES (983,882051686117,'M','1975-11-09','Portugal','Paula','X.','Eugene');
INSERT INTO passenger(PID,PassportNo,Sex,DOB,Nationality,Fname,Minit,Lname) VALUES (984,734362704680,'M','1988-05-12','Luxembourg','Linda','E.','Andrea');
INSERT INTO passenger(PID,PassportNo,Sex,DOB,Nationality,Fname,Minit,Lname) VALUES (985,713529327904,'M','2004-08-22','South Africa','Donna','S.','Carl');
INSERT INTO passenger(PID,PassportNo,Sex,DOB,Nationality,Fname,Minit,Lname) VALUES (986,826867649635,'F','2023-02-26','Finland','Alan','R.','Larry');
INSERT INTO passenger(PID,PassportNo,Sex,DOB,Nationality,Fname,Minit,Lname) VALUES (987,315516813420,'F','2000-03-11','Bahrain','Roger','J.','Andrea');
INSERT INTO passenger(PID,PassportNo,Sex,DOB,Nationality,Fname,Minit,Lname) VALUES (988,471738943060,'M','1958-03-30','Saudi Arabia','Ruby','P.','Roy');
INSERT INTO passenger(PID,PassportNo,Sex,DOB,Nationality,Fname,Minit,Lname) VALUES (989,836741823101,'F','1967-12-06','Czech Republic','Joan','U.','Larry');
INSERT INTO passenger(PID,PassportNo,Sex,DOB,Nationality,Fname,Minit,Lname) VALUES (990,419785121049,'F','2008-08-07','Tanzania','Ralph','M.','Linda');
INSERT INTO passenger(PID,PassportNo,Sex,DOB,Nationality,Fname,Minit,Lname) VALUES (991,445086701488,'M','1968-06-11','Qatar','Cynthia','K.','Larry');
INSERT INTO passenger(PID,PassportNo,Sex,DOB,Nationality,Fname,Minit,Lname) VALUES (992,883696155518,'M','1968-01-17','Tunisia','Kelly','U.','Phillip');
INSERT INTO passenger(PID,PassportNo,Sex,DOB,Nationality,Fname,Minit,Lname) VALUES (993,635973639881,'F','2001-07-11','Kuwait','Phillip','Q.','Anne');
INSERT INTO passenger(PID,PassportNo,Sex,DOB,Nationality,Fname,Minit,Lname) VALUES (994,784132733038,'M','2001-12-29','Italy','Brenda','K.','Jimmy');
INSERT INTO passenger(PID,PassportNo,Sex,DOB,Nationality,Fname,Minit,Lname) VALUES (995,670010529276,'M','1992-11-13','Hong Kong SAR, China','Melissa','J.','Peter');
INSERT INTO passenger(PID,PassportNo,Sex,DOB,Nationality,Fname,Minit,Lname) VALUES (996,794791609475,'F','1987-11-11','China','Patrick','R.','Deborah');
INSERT INTO passenger(PID,PassportNo,Sex,DOB,Nationality,Fname,Minit,Lname) VALUES (997,497115972971,'M','2019-10-23','Russian Federation','Ryan','K.','Linda');
INSERT INTO passenger(PID,PassportNo,Sex,DOB,Nationality,Fname,Minit,Lname) VALUES (998,332262623017,'F','1975-09-19','Sweden','Ann','D.','Amy');
INSERT INTO passenger(PID,PassportNo,Sex,DOB,Nationality,Fname,Minit,Lname) VALUES (999,393533312643,'M','2021-08-30','United States','Lois','L.','Brenda');
INSERT INTO passenger(PID,PassportNo,Sex,DOB,Nationality,Fname,Minit,Lname) VALUES (1000,310515731438,'F','1991-10-09','Indonesia','Sharon','O.','Anne');


-- -----------------------------

INSERT INTO passenger_phone(PID,Phone) VALUES (555,7851519604);
INSERT INTO passenger_phone(PID,Phone) VALUES (36,3137544033);
INSERT INTO passenger_phone(PID,Phone) VALUES (132,4543220286);
INSERT INTO passenger_phone(PID,Phone) VALUES (100,2793405655);
INSERT INTO passenger_phone(PID,Phone) VALUES (226,3422327141);
INSERT INTO passenger_phone(PID,Phone) VALUES (931,6402448042);
INSERT INTO passenger_phone(PID,Phone) VALUES (862,0863148627);
INSERT INTO passenger_phone(PID,Phone) VALUES (501,8854200897);
INSERT INTO passenger_phone(PID,Phone) VALUES (529,1435845903);
INSERT INTO passenger_phone(PID,Phone) VALUES (642,6155299666);
INSERT INTO passenger_phone(PID,Phone) VALUES (231,2476023025);
INSERT INTO passenger_phone(PID,Phone) VALUES (104,1342294692);
INSERT INTO passenger_phone(PID,Phone) VALUES (677,3774066158);
INSERT INTO passenger_phone(PID,Phone) VALUES (463,3830024875);
INSERT INTO passenger_phone(PID,Phone) VALUES (678,8243308511);
INSERT INTO passenger_phone(PID,Phone) VALUES (720,4191575405);
INSERT INTO passenger_phone(PID,Phone) VALUES (915,9748916427);
INSERT INTO passenger_phone(PID,Phone) VALUES (162,8653920046);
INSERT INTO passenger_phone(PID,Phone) VALUES (297,2077966913);
INSERT INTO passenger_phone(PID,Phone) VALUES (67,0656547468);
INSERT INTO passenger_phone(PID,Phone) VALUES (309,7816319420);
INSERT INTO passenger_phone(PID,Phone) VALUES (212,9056787001);
INSERT INTO passenger_phone(PID,Phone) VALUES (814,2211730901);
INSERT INTO passenger_phone(PID,Phone) VALUES (374,2454790518);
INSERT INTO passenger_phone(PID,Phone) VALUES (557,5945097306);
INSERT INTO passenger_phone(PID,Phone) VALUES (965,2592008471);
INSERT INTO passenger_phone(PID,Phone) VALUES (490,2970755799);
INSERT INTO passenger_phone(PID,Phone) VALUES (854,3531381053);
INSERT INTO passenger_phone(PID,Phone) VALUES (23,9647091560);
INSERT INTO passenger_phone(PID,Phone) VALUES (597,0941794721);
INSERT INTO passenger_phone(PID,Phone) VALUES (439,7008815645);
INSERT INTO passenger_phone(PID,Phone) VALUES (930,2741243539);
INSERT INTO passenger_phone(PID,Phone) VALUES (414,5657192057);
INSERT INTO passenger_phone(PID,Phone) VALUES (21,7254617441);
INSERT INTO passenger_phone(PID,Phone) VALUES (474,6357305204);
INSERT INTO passenger_phone(PID,Phone) VALUES (532,9681523446);
INSERT INTO passenger_phone(PID,Phone) VALUES (107,1329639997);
INSERT INTO passenger_phone(PID,Phone) VALUES (144,9813150313);
INSERT INTO passenger_phone(PID,Phone) VALUES (543,3805723986);
INSERT INTO passenger_phone(PID,Phone) VALUES (29,2927858399);
INSERT INTO passenger_phone(PID,Phone) VALUES (664,5274688751);
INSERT INTO passenger_phone(PID,Phone) VALUES (937,3202445440);
INSERT INTO passenger_phone(PID,Phone) VALUES (784,2241507760);
INSERT INTO passenger_phone(PID,Phone) VALUES (224,8264872446);
INSERT INTO passenger_phone(PID,Phone) VALUES (184,2978277512);
INSERT INTO passenger_phone(PID,Phone) VALUES (873,8549617392);
INSERT INTO passenger_phone(PID,Phone) VALUES (482,5303434964);
INSERT INTO passenger_phone(PID,Phone) VALUES (28,7246942587);
INSERT INTO passenger_phone(PID,Phone) VALUES (617,2503506558);
INSERT INTO passenger_phone(PID,Phone) VALUES (607,3705913958);
INSERT INTO passenger_phone(PID,Phone) VALUES (863,0739646332);
INSERT INTO passenger_phone(PID,Phone) VALUES (355,7463712987);
INSERT INTO passenger_phone(PID,Phone) VALUES (352,0615729434);
INSERT INTO passenger_phone(PID,Phone) VALUES (643,0474708110);
INSERT INTO passenger_phone(PID,Phone) VALUES (877,1642281040);
INSERT INTO passenger_phone(PID,Phone) VALUES (122,0597362144);
INSERT INTO passenger_phone(PID,Phone) VALUES (995,6799686767);
INSERT INTO passenger_phone(PID,Phone) VALUES (460,2488384589);
INSERT INTO passenger_phone(PID,Phone) VALUES (898,8555433618);
INSERT INTO passenger_phone(PID,Phone) VALUES (208,3895778676);
INSERT INTO passenger_phone(PID,Phone) VALUES (494,9219256594);
INSERT INTO passenger_phone(PID,Phone) VALUES (671,9989300127);
INSERT INTO passenger_phone(PID,Phone) VALUES (249,3957375822);
INSERT INTO passenger_phone(PID,Phone) VALUES (543,2923793228);
INSERT INTO passenger_phone(PID,Phone) VALUES (613,1685212079);
INSERT INTO passenger_phone(PID,Phone) VALUES (779,7454094620);
INSERT INTO passenger_phone(PID,Phone) VALUES (225,8521388349);
INSERT INTO passenger_phone(PID,Phone) VALUES (425,6335523154);
INSERT INTO passenger_phone(PID,Phone) VALUES (873,8960378852);
INSERT INTO passenger_phone(PID,Phone) VALUES (24,7997200764);
INSERT INTO passenger_phone(PID,Phone) VALUES (415,1306186256);
INSERT INTO passenger_phone(PID,Phone) VALUES (880,4812051793);
INSERT INTO passenger_phone(PID,Phone) VALUES (38,6600764316);
INSERT INTO passenger_phone(PID,Phone) VALUES (622,3806675508);
INSERT INTO passenger_phone(PID,Phone) VALUES (730,2595214010);
INSERT INTO passenger_phone(PID,Phone) VALUES (920,7793657790);
INSERT INTO passenger_phone(PID,Phone) VALUES (398,8407114884);
INSERT INTO passenger_phone(PID,Phone) VALUES (817,0380819885);
INSERT INTO passenger_phone(PID,Phone) VALUES (537,3626911538);
INSERT INTO passenger_phone(PID,Phone) VALUES (299,3274183484);
INSERT INTO passenger_phone(PID,Phone) VALUES (805,0114619484);
INSERT INTO passenger_phone(PID,Phone) VALUES (489,3600685963);
INSERT INTO passenger_phone(PID,Phone) VALUES (409,8726994473);
INSERT INTO passenger_phone(PID,Phone) VALUES (750,9562150705);
INSERT INTO passenger_phone(PID,Phone) VALUES (976,8372031797);
INSERT INTO passenger_phone(PID,Phone) VALUES (932,1512192524);
INSERT INTO passenger_phone(PID,Phone) VALUES (843,5697202307);
INSERT INTO passenger_phone(PID,Phone) VALUES (413,6151858720);
INSERT INTO passenger_phone(PID,Phone) VALUES (317,3455818795);
INSERT INTO passenger_phone(PID,Phone) VALUES (991,8787995383);
INSERT INTO passenger_phone(PID,Phone) VALUES (62,6477424162);
INSERT INTO passenger_phone(PID,Phone) VALUES (463,9450377867);
INSERT INTO passenger_phone(PID,Phone) VALUES (871,9471650758);
INSERT INTO passenger_phone(PID,Phone) VALUES (657,8760195882);
INSERT INTO passenger_phone(PID,Phone) VALUES (411,3917999399);
INSERT INTO passenger_phone(PID,Phone) VALUES (529,2096172882);
INSERT INTO passenger_phone(PID,Phone) VALUES (831,6957564618);
INSERT INTO passenger_phone(PID,Phone) VALUES (139,3959171862);
INSERT INTO passenger_phone(PID,Phone) VALUES (449,9175209719);
INSERT INTO passenger_phone(PID,Phone) VALUES (139,3226241070);
INSERT INTO passenger_phone(PID,Phone) VALUES (974,5983901941);
INSERT INTO passenger_phone(PID,Phone) VALUES (1,2427526924);
INSERT INTO passenger_phone(PID,Phone) VALUES (52,0438065457);
INSERT INTO passenger_phone(PID,Phone) VALUES (928,4802315457);
INSERT INTO passenger_phone(PID,Phone) VALUES (137,1713569352);
INSERT INTO passenger_phone(PID,Phone) VALUES (884,2689626565);
INSERT INTO passenger_phone(PID,Phone) VALUES (911,4895260217);
INSERT INTO passenger_phone(PID,Phone) VALUES (842,6104101453);
INSERT INTO passenger_phone(PID,Phone) VALUES (495,6570354515);
INSERT INTO passenger_phone(PID,Phone) VALUES (917,1169256266);
INSERT INTO passenger_phone(PID,Phone) VALUES (654,9957629883);
INSERT INTO passenger_phone(PID,Phone) VALUES (309,7000960112);
INSERT INTO passenger_phone(PID,Phone) VALUES (135,6000646016);
INSERT INTO passenger_phone(PID,Phone) VALUES (353,7401969217);
INSERT INTO passenger_phone(PID,Phone) VALUES (195,1729517150);
INSERT INTO passenger_phone(PID,Phone) VALUES (644,9948379424);
INSERT INTO passenger_phone(PID,Phone) VALUES (31,5727182307);
INSERT INTO passenger_phone(PID,Phone) VALUES (675,5611910744);
INSERT INTO passenger_phone(PID,Phone) VALUES (613,4227024630);
INSERT INTO passenger_phone(PID,Phone) VALUES (422,5717055382);
INSERT INTO passenger_phone(PID,Phone) VALUES (475,6013921113);
INSERT INTO passenger_phone(PID,Phone) VALUES (492,4851673070);
INSERT INTO passenger_phone(PID,Phone) VALUES (219,7592071920);
INSERT INTO passenger_phone(PID,Phone) VALUES (432,7869637479);
INSERT INTO passenger_phone(PID,Phone) VALUES (906,5458250140);
INSERT INTO passenger_phone(PID,Phone) VALUES (891,0805155978);
INSERT INTO passenger_phone(PID,Phone) VALUES (461,7367897648);
INSERT INTO passenger_phone(PID,Phone) VALUES (67,8667611307);
INSERT INTO passenger_phone(PID,Phone) VALUES (193,5589912734);
INSERT INTO passenger_phone(PID,Phone) VALUES (458,0907096064);
INSERT INTO passenger_phone(PID,Phone) VALUES (614,9685606484);
INSERT INTO passenger_phone(PID,Phone) VALUES (188,6493059678);
INSERT INTO passenger_phone(PID,Phone) VALUES (542,1099505158);
INSERT INTO passenger_phone(PID,Phone) VALUES (517,2919032699);
INSERT INTO passenger_phone(PID,Phone) VALUES (130,0550056050);
INSERT INTO passenger_phone(PID,Phone) VALUES (151,7536835765);
INSERT INTO passenger_phone(PID,Phone) VALUES (753,5890854173);
INSERT INTO passenger_phone(PID,Phone) VALUES (460,3998280972);
INSERT INTO passenger_phone(PID,Phone) VALUES (663,9500207886);
INSERT INTO passenger_phone(PID,Phone) VALUES (317,6794425958);
INSERT INTO passenger_phone(PID,Phone) VALUES (484,9035974700);
INSERT INTO passenger_phone(PID,Phone) VALUES (989,1085484552);
INSERT INTO passenger_phone(PID,Phone) VALUES (751,4569545419);
INSERT INTO passenger_phone(PID,Phone) VALUES (330,3531290247);
INSERT INTO passenger_phone(PID,Phone) VALUES (799,1542920364);
INSERT INTO passenger_phone(PID,Phone) VALUES (167,4497724851);
INSERT INTO passenger_phone(PID,Phone) VALUES (45,5594260466);
INSERT INTO passenger_phone(PID,Phone) VALUES (811,7299217338);
INSERT INTO passenger_phone(PID,Phone) VALUES (18,6610557121);
INSERT INTO passenger_phone(PID,Phone) VALUES (814,7957501386);
INSERT INTO passenger_phone(PID,Phone) VALUES (150,6658913076);
INSERT INTO passenger_phone(PID,Phone) VALUES (675,1917294363);
INSERT INTO passenger_phone(PID,Phone) VALUES (100,0135559307);
INSERT INTO passenger_phone(PID,Phone) VALUES (511,6767786991);
INSERT INTO passenger_phone(PID,Phone) VALUES (734,5848117209);
INSERT INTO passenger_phone(PID,Phone) VALUES (718,6809225141);
INSERT INTO passenger_phone(PID,Phone) VALUES (427,7597643594);
INSERT INTO passenger_phone(PID,Phone) VALUES (724,4403256571);
INSERT INTO passenger_phone(PID,Phone) VALUES (726,3232823500);
INSERT INTO passenger_phone(PID,Phone) VALUES (137,4047254036);
INSERT INTO passenger_phone(PID,Phone) VALUES (707,2137781912);
INSERT INTO passenger_phone(PID,Phone) VALUES (154,0466660855);
INSERT INTO passenger_phone(PID,Phone) VALUES (817,9437400306);
INSERT INTO passenger_phone(PID,Phone) VALUES (257,9290001328);
INSERT INTO passenger_phone(PID,Phone) VALUES (881,8349464389);
INSERT INTO passenger_phone(PID,Phone) VALUES (147,4336341635);
INSERT INTO passenger_phone(PID,Phone) VALUES (716,9297624632);
INSERT INTO passenger_phone(PID,Phone) VALUES (214,3154659241);
INSERT INTO passenger_phone(PID,Phone) VALUES (348,2705923997);
INSERT INTO passenger_phone(PID,Phone) VALUES (300,3033749680);
INSERT INTO passenger_phone(PID,Phone) VALUES (133,1206539234);
INSERT INTO passenger_phone(PID,Phone) VALUES (935,4873252204);
INSERT INTO passenger_phone(PID,Phone) VALUES (781,3499170775);
INSERT INTO passenger_phone(PID,Phone) VALUES (812,3547182175);
INSERT INTO passenger_phone(PID,Phone) VALUES (375,3253030959);
INSERT INTO passenger_phone(PID,Phone) VALUES (800,7794626886);
INSERT INTO passenger_phone(PID,Phone) VALUES (460,2993408731);
INSERT INTO passenger_phone(PID,Phone) VALUES (178,7565513677);
INSERT INTO passenger_phone(PID,Phone) VALUES (500,1470296930);
INSERT INTO passenger_phone(PID,Phone) VALUES (10,8686416563);
INSERT INTO passenger_phone(PID,Phone) VALUES (983,3981657158);
INSERT INTO passenger_phone(PID,Phone) VALUES (526,8286915765);
INSERT INTO passenger_phone(PID,Phone) VALUES (785,5704726062);
INSERT INTO passenger_phone(PID,Phone) VALUES (815,1998460292);
INSERT INTO passenger_phone(PID,Phone) VALUES (262,8179491714);
INSERT INTO passenger_phone(PID,Phone) VALUES (187,0146222656);
INSERT INTO passenger_phone(PID,Phone) VALUES (998,6461551418);
INSERT INTO passenger_phone(PID,Phone) VALUES (100,5041313001);
INSERT INTO passenger_phone(PID,Phone) VALUES (409,8114583818);
INSERT INTO passenger_phone(PID,Phone) VALUES (944,0212484906);
INSERT INTO passenger_phone(PID,Phone) VALUES (42,8687948238);
INSERT INTO passenger_phone(PID,Phone) VALUES (885,9862856857);
INSERT INTO passenger_phone(PID,Phone) VALUES (990,8463281806);
INSERT INTO passenger_phone(PID,Phone) VALUES (900,4752144389);
INSERT INTO passenger_phone(PID,Phone) VALUES (122,7402193355);
INSERT INTO passenger_phone(PID,Phone) VALUES (309,6570146039);
INSERT INTO passenger_phone(PID,Phone) VALUES (249,0602317562);
INSERT INTO passenger_phone(PID,Phone) VALUES (631,4983559403);
INSERT INTO passenger_phone(PID,Phone) VALUES (731,4561596976);
INSERT INTO passenger_phone(PID,Phone) VALUES (374,6587054058);
INSERT INTO passenger_phone(PID,Phone) VALUES (248,8383584952);
INSERT INTO passenger_phone(PID,Phone) VALUES (522,0332656507);
INSERT INTO passenger_phone(PID,Phone) VALUES (968,5710593170);
INSERT INTO passenger_phone(PID,Phone) VALUES (212,3920051097);
INSERT INTO passenger_phone(PID,Phone) VALUES (805,2100426450);
INSERT INTO passenger_phone(PID,Phone) VALUES (330,1739418158);
INSERT INTO passenger_phone(PID,Phone) VALUES (941,3106630966);
INSERT INTO passenger_phone(PID,Phone) VALUES (254,9737737689);
INSERT INTO passenger_phone(PID,Phone) VALUES (522,7602722366);
INSERT INTO passenger_phone(PID,Phone) VALUES (98,9716878172);
INSERT INTO passenger_phone(PID,Phone) VALUES (322,8338931017);
INSERT INTO passenger_phone(PID,Phone) VALUES (196,7544000622);
INSERT INTO passenger_phone(PID,Phone) VALUES (985,9055783814);
INSERT INTO passenger_phone(PID,Phone) VALUES (606,8625541607);
INSERT INTO passenger_phone(PID,Phone) VALUES (317,2279589636);
INSERT INTO passenger_phone(PID,Phone) VALUES (873,5900478443);
INSERT INTO passenger_phone(PID,Phone) VALUES (423,2987035733);
INSERT INTO passenger_phone(PID,Phone) VALUES (127,5677935605);
INSERT INTO passenger_phone(PID,Phone) VALUES (528,1854082114);
INSERT INTO passenger_phone(PID,Phone) VALUES (343,3458058545);
INSERT INTO passenger_phone(PID,Phone) VALUES (858,9974735909);
INSERT INTO passenger_phone(PID,Phone) VALUES (102,6133487644);
INSERT INTO passenger_phone(PID,Phone) VALUES (772,3341509806);
INSERT INTO passenger_phone(PID,Phone) VALUES (589,8324932131);
INSERT INTO passenger_phone(PID,Phone) VALUES (41,5803168162);
INSERT INTO passenger_phone(PID,Phone) VALUES (964,2756943925);
INSERT INTO passenger_phone(PID,Phone) VALUES (435,0164977768);
INSERT INTO passenger_phone(PID,Phone) VALUES (409,0108905316);
INSERT INTO passenger_phone(PID,Phone) VALUES (865,4860744112);
INSERT INTO passenger_phone(PID,Phone) VALUES (149,2265630047);
INSERT INTO passenger_phone(PID,Phone) VALUES (57,9611947262);
INSERT INTO passenger_phone(PID,Phone) VALUES (40,5835167452);
INSERT INTO passenger_phone(PID,Phone) VALUES (650,1790225658);
INSERT INTO passenger_phone(PID,Phone) VALUES (254,1840860627);
INSERT INTO passenger_phone(PID,Phone) VALUES (262,1339219478);
INSERT INTO passenger_phone(PID,Phone) VALUES (912,1498748527);
INSERT INTO passenger_phone(PID,Phone) VALUES (579,0391286002);
INSERT INTO passenger_phone(PID,Phone) VALUES (173,9533618233);
INSERT INTO passenger_phone(PID,Phone) VALUES (29,0050938853);
INSERT INTO passenger_phone(PID,Phone) VALUES (443,6054042833);
INSERT INTO passenger_phone(PID,Phone) VALUES (782,4128358709);
INSERT INTO passenger_phone(PID,Phone) VALUES (238,7070473947);
INSERT INTO passenger_phone(PID,Phone) VALUES (357,2324181658);
INSERT INTO passenger_phone(PID,Phone) VALUES (465,4923709407);
INSERT INTO passenger_phone(PID,Phone) VALUES (596,0355992345);
INSERT INTO passenger_phone(PID,Phone) VALUES (120,1946541580);
INSERT INTO passenger_phone(PID,Phone) VALUES (631,2512178974);
INSERT INTO passenger_phone(PID,Phone) VALUES (808,1308162781);
INSERT INTO passenger_phone(PID,Phone) VALUES (615,4922087648);
INSERT INTO passenger_phone(PID,Phone) VALUES (24,5977342648);
INSERT INTO passenger_phone(PID,Phone) VALUES (851,0885725616);
INSERT INTO passenger_phone(PID,Phone) VALUES (333,0803128248);
INSERT INTO passenger_phone(PID,Phone) VALUES (733,8128647187);
INSERT INTO passenger_phone(PID,Phone) VALUES (866,4796685378);
INSERT INTO passenger_phone(PID,Phone) VALUES (825,4017123443);
INSERT INTO passenger_phone(PID,Phone) VALUES (402,1019064851);
INSERT INTO passenger_phone(PID,Phone) VALUES (379,8741749730);
INSERT INTO passenger_phone(PID,Phone) VALUES (243,9381654532);
INSERT INTO passenger_phone(PID,Phone) VALUES (559,4439935059);
INSERT INTO passenger_phone(PID,Phone) VALUES (589,4461514444);
INSERT INTO passenger_phone(PID,Phone) VALUES (978,7474386848);
INSERT INTO passenger_phone(PID,Phone) VALUES (679,7295548763);
INSERT INTO passenger_phone(PID,Phone) VALUES (646,0135714000);
INSERT INTO passenger_phone(PID,Phone) VALUES (601,2727770599);
INSERT INTO passenger_phone(PID,Phone) VALUES (455,0895955777);
INSERT INTO passenger_phone(PID,Phone) VALUES (603,0214247502);
INSERT INTO passenger_phone(PID,Phone) VALUES (236,1789526723);
INSERT INTO passenger_phone(PID,Phone) VALUES (302,9708553888);
INSERT INTO passenger_phone(PID,Phone) VALUES (110,5842752971);
INSERT INTO passenger_phone(PID,Phone) VALUES (388,8847368001);
INSERT INTO passenger_phone(PID,Phone) VALUES (765,2030973266);
INSERT INTO passenger_phone(PID,Phone) VALUES (598,9322057164);
INSERT INTO passenger_phone(PID,Phone) VALUES (60,6166506624);
INSERT INTO passenger_phone(PID,Phone) VALUES (935,9037419537);
INSERT INTO passenger_phone(PID,Phone) VALUES (665,0225404530);
INSERT INTO passenger_phone(PID,Phone) VALUES (385,9564184967);
INSERT INTO passenger_phone(PID,Phone) VALUES (111,1272866447);
INSERT INTO passenger_phone(PID,Phone) VALUES (355,5656802065);
INSERT INTO passenger_phone(PID,Phone) VALUES (111,7518756397);
INSERT INTO passenger_phone(PID,Phone) VALUES (303,8941316179);
INSERT INTO passenger_phone(PID,Phone) VALUES (857,1767864025);
INSERT INTO passenger_phone(PID,Phone) VALUES (326,5954323090);
INSERT INTO passenger_phone(PID,Phone) VALUES (834,3183374748);
INSERT INTO passenger_phone(PID,Phone) VALUES (805,1956311351);
INSERT INTO passenger_phone(PID,Phone) VALUES (217,2021638110);
INSERT INTO passenger_phone(PID,Phone) VALUES (450,4385871243);
INSERT INTO passenger_phone(PID,Phone) VALUES (420,2241550108);
INSERT INTO passenger_phone(PID,Phone) VALUES (196,5357661899);
INSERT INTO passenger_phone(PID,Phone) VALUES (190,2808261165);
INSERT INTO passenger_phone(PID,Phone) VALUES (530,5447445928);
INSERT INTO passenger_phone(PID,Phone) VALUES (288,3213839481);
INSERT INTO passenger_phone(PID,Phone) VALUES (760,1168703456);
INSERT INTO passenger_phone(PID,Phone) VALUES (136,2627360568);
INSERT INTO passenger_phone(PID,Phone) VALUES (55,1576581376);
INSERT INTO passenger_phone(PID,Phone) VALUES (772,4061794617);
INSERT INTO passenger_phone(PID,Phone) VALUES (766,1729229674);
INSERT INTO passenger_phone(PID,Phone) VALUES (125,9607873117);
INSERT INTO passenger_phone(PID,Phone) VALUES (408,3433340768);
INSERT INTO passenger_phone(PID,Phone) VALUES (397,8141264855);
INSERT INTO passenger_phone(PID,Phone) VALUES (673,8388339673);
INSERT INTO passenger_phone(PID,Phone) VALUES (618,0355085470);
INSERT INTO passenger_phone(PID,Phone) VALUES (378,7658735879);
INSERT INTO passenger_phone(PID,Phone) VALUES (606,4970236970);
INSERT INTO passenger_phone(PID,Phone) VALUES (592,1038509480);
INSERT INTO passenger_phone(PID,Phone) VALUES (295,7485669505);
INSERT INTO passenger_phone(PID,Phone) VALUES (974,4646304636);
INSERT INTO passenger_phone(PID,Phone) VALUES (591,8327113459);
INSERT INTO passenger_phone(PID,Phone) VALUES (83,1199519993);
INSERT INTO passenger_phone(PID,Phone) VALUES (906,8648437111);
INSERT INTO passenger_phone(PID,Phone) VALUES (802,7953261377);
INSERT INTO passenger_phone(PID,Phone) VALUES (578,5311736678);
INSERT INTO passenger_phone(PID,Phone) VALUES (734,4951921688);
INSERT INTO passenger_phone(PID,Phone) VALUES (775,7365056284);
INSERT INTO passenger_phone(PID,Phone) VALUES (959,7800215459);
INSERT INTO passenger_phone(PID,Phone) VALUES (442,7324710294);
INSERT INTO passenger_phone(PID,Phone) VALUES (967,3249311953);
INSERT INTO passenger_phone(PID,Phone) VALUES (904,7550652551);
INSERT INTO passenger_phone(PID,Phone) VALUES (863,6699759730);
INSERT INTO passenger_phone(PID,Phone) VALUES (558,4017142648);
INSERT INTO passenger_phone(PID,Phone) VALUES (1000,9338028167);
INSERT INTO passenger_phone(PID,Phone) VALUES (274,3872251393);
INSERT INTO passenger_phone(PID,Phone) VALUES (162,6949349071);
INSERT INTO passenger_phone(PID,Phone) VALUES (431,4907209882);
INSERT INTO passenger_phone(PID,Phone) VALUES (335,3670542044);
INSERT INTO passenger_phone(PID,Phone) VALUES (390,7980079057);
INSERT INTO passenger_phone(PID,Phone) VALUES (395,4356755364);
INSERT INTO passenger_phone(PID,Phone) VALUES (277,0522119838);
INSERT INTO passenger_phone(PID,Phone) VALUES (500,4334601834);
INSERT INTO passenger_phone(PID,Phone) VALUES (720,8944257959);
INSERT INTO passenger_phone(PID,Phone) VALUES (921,3419745418);
INSERT INTO passenger_phone(PID,Phone) VALUES (858,1402126978);
INSERT INTO passenger_phone(PID,Phone) VALUES (514,6045182335);
INSERT INTO passenger_phone(PID,Phone) VALUES (997,8087963049);
INSERT INTO passenger_phone(PID,Phone) VALUES (252,0808504866);
INSERT INTO passenger_phone(PID,Phone) VALUES (213,5807251804);
INSERT INTO passenger_phone(PID,Phone) VALUES (689,0091895297);
INSERT INTO passenger_phone(PID,Phone) VALUES (667,5525948209);
INSERT INTO passenger_phone(PID,Phone) VALUES (30,8203664215);
INSERT INTO passenger_phone(PID,Phone) VALUES (363,7827062972);
INSERT INTO passenger_phone(PID,Phone) VALUES (11,7462646152);
INSERT INTO passenger_phone(PID,Phone) VALUES (391,2706166599);
INSERT INTO passenger_phone(PID,Phone) VALUES (330,4125788798);
INSERT INTO passenger_phone(PID,Phone) VALUES (636,5960021666);
INSERT INTO passenger_phone(PID,Phone) VALUES (185,1671666447);
INSERT INTO passenger_phone(PID,Phone) VALUES (420,0931539135);
INSERT INTO passenger_phone(PID,Phone) VALUES (132,3831589415);
INSERT INTO passenger_phone(PID,Phone) VALUES (421,2349174094);
INSERT INTO passenger_phone(PID,Phone) VALUES (725,1716751303);
INSERT INTO passenger_phone(PID,Phone) VALUES (939,6887947606);
INSERT INTO passenger_phone(PID,Phone) VALUES (23,8106185778);
INSERT INTO passenger_phone(PID,Phone) VALUES (808,0862595950);
INSERT INTO passenger_phone(PID,Phone) VALUES (928,5382327189);
INSERT INTO passenger_phone(PID,Phone) VALUES (659,5321164470);
INSERT INTO passenger_phone(PID,Phone) VALUES (680,4341779352);
INSERT INTO passenger_phone(PID,Phone) VALUES (181,1848562192);
INSERT INTO passenger_phone(PID,Phone) VALUES (521,4211681508);
INSERT INTO passenger_phone(PID,Phone) VALUES (494,9124236290);
INSERT INTO passenger_phone(PID,Phone) VALUES (981,7137615261);
INSERT INTO passenger_phone(PID,Phone) VALUES (322,0072038101);
INSERT INTO passenger_phone(PID,Phone) VALUES (681,1946395353);
INSERT INTO passenger_phone(PID,Phone) VALUES (146,4366981637);
INSERT INTO passenger_phone(PID,Phone) VALUES (218,2875024410);
INSERT INTO passenger_phone(PID,Phone) VALUES (603,2533276083);
INSERT INTO passenger_phone(PID,Phone) VALUES (419,1997066347);
INSERT INTO passenger_phone(PID,Phone) VALUES (88,5047983338);
INSERT INTO passenger_phone(PID,Phone) VALUES (79,4756560192);
INSERT INTO passenger_phone(PID,Phone) VALUES (586,8524255454);
INSERT INTO passenger_phone(PID,Phone) VALUES (873,5554824192);
INSERT INTO passenger_phone(PID,Phone) VALUES (387,1553766030);
INSERT INTO passenger_phone(PID,Phone) VALUES (928,6332100718);
INSERT INTO passenger_phone(PID,Phone) VALUES (730,8372660480);
INSERT INTO passenger_phone(PID,Phone) VALUES (759,5984068646);
INSERT INTO passenger_phone(PID,Phone) VALUES (925,7597318384);
INSERT INTO passenger_phone(PID,Phone) VALUES (672,8036716405);
INSERT INTO passenger_phone(PID,Phone) VALUES (397,3922057799);
INSERT INTO passenger_phone(PID,Phone) VALUES (897,8386771358);
INSERT INTO passenger_phone(PID,Phone) VALUES (635,8323444452);
INSERT INTO passenger_phone(PID,Phone) VALUES (76,4437463879);
INSERT INTO passenger_phone(PID,Phone) VALUES (570,7394097284);
INSERT INTO passenger_phone(PID,Phone) VALUES (334,4807633981);
INSERT INTO passenger_phone(PID,Phone) VALUES (452,5034378708);
INSERT INTO passenger_phone(PID,Phone) VALUES (630,0379028543);
INSERT INTO passenger_phone(PID,Phone) VALUES (181,5538117645);
INSERT INTO passenger_phone(PID,Phone) VALUES (487,4179166586);
INSERT INTO passenger_phone(PID,Phone) VALUES (323,8997748189);
INSERT INTO passenger_phone(PID,Phone) VALUES (248,8743767136);
INSERT INTO passenger_phone(PID,Phone) VALUES (660,2615463325);
INSERT INTO passenger_phone(PID,Phone) VALUES (46,2634561469);
INSERT INTO passenger_phone(PID,Phone) VALUES (449,7814026669);
INSERT INTO passenger_phone(PID,Phone) VALUES (132,3396914260);
INSERT INTO passenger_phone(PID,Phone) VALUES (48,3130735414);
INSERT INTO passenger_phone(PID,Phone) VALUES (189,9377608156);
INSERT INTO passenger_phone(PID,Phone) VALUES (305,6516408666);
INSERT INTO passenger_phone(PID,Phone) VALUES (593,8770438079);
INSERT INTO passenger_phone(PID,Phone) VALUES (506,5503146850);
INSERT INTO passenger_phone(PID,Phone) VALUES (256,2899378680);
INSERT INTO passenger_phone(PID,Phone) VALUES (769,4173779627);
INSERT INTO passenger_phone(PID,Phone) VALUES (635,4194804088);
INSERT INTO passenger_phone(PID,Phone) VALUES (374,1999136175);
INSERT INTO passenger_phone(PID,Phone) VALUES (720,9397982506);
INSERT INTO passenger_phone(PID,Phone) VALUES (751,0690803963);
INSERT INTO passenger_phone(PID,Phone) VALUES (167,8186941387);
INSERT INTO passenger_phone(PID,Phone) VALUES (796,5651610519);
INSERT INTO passenger_phone(PID,Phone) VALUES (950,5727361857);
INSERT INTO passenger_phone(PID,Phone) VALUES (243,9254644676);
INSERT INTO passenger_phone(PID,Phone) VALUES (494,2993609903);
INSERT INTO passenger_phone(PID,Phone) VALUES (285,2819260019);
INSERT INTO passenger_phone(PID,Phone) VALUES (254,3024001687);
INSERT INTO passenger_phone(PID,Phone) VALUES (348,0209609405);
INSERT INTO passenger_phone(PID,Phone) VALUES (378,9122570951);
INSERT INTO passenger_phone(PID,Phone) VALUES (282,7776432321);
INSERT INTO passenger_phone(PID,Phone) VALUES (892,8668987886);
INSERT INTO passenger_phone(PID,Phone) VALUES (487,4152846068);
INSERT INTO passenger_phone(PID,Phone) VALUES (887,0597398589);
INSERT INTO passenger_phone(PID,Phone) VALUES (592,6077580110);
INSERT INTO passenger_phone(PID,Phone) VALUES (496,5564623686);
INSERT INTO passenger_phone(PID,Phone) VALUES (469,4492610208);
INSERT INTO passenger_phone(PID,Phone) VALUES (580,1861515087);
INSERT INTO passenger_phone(PID,Phone) VALUES (867,5154252282);
INSERT INTO passenger_phone(PID,Phone) VALUES (802,3125557477);
INSERT INTO passenger_phone(PID,Phone) VALUES (742,2224598093);
INSERT INTO passenger_phone(PID,Phone) VALUES (935,9068798535);
INSERT INTO passenger_phone(PID,Phone) VALUES (502,5433631607);
INSERT INTO passenger_phone(PID,Phone) VALUES (215,2055571830);
INSERT INTO passenger_phone(PID,Phone) VALUES (14,0753984174);
INSERT INTO passenger_phone(PID,Phone) VALUES (121,9423995888);
INSERT INTO passenger_phone(PID,Phone) VALUES (154,5649947964);
INSERT INTO passenger_phone(PID,Phone) VALUES (565,9353197448);
INSERT INTO passenger_phone(PID,Phone) VALUES (245,6849166730);
INSERT INTO passenger_phone(PID,Phone) VALUES (94,2565408250);
INSERT INTO passenger_phone(PID,Phone) VALUES (705,2731529215);
INSERT INTO passenger_phone(PID,Phone) VALUES (47,1298888505);
INSERT INTO passenger_phone(PID,Phone) VALUES (690,9500058822);
INSERT INTO passenger_phone(PID,Phone) VALUES (920,7337863455);
INSERT INTO passenger_phone(PID,Phone) VALUES (502,0168791977);
INSERT INTO passenger_phone(PID,Phone) VALUES (947,8905101916);
INSERT INTO passenger_phone(PID,Phone) VALUES (127,9752590531);
INSERT INTO passenger_phone(PID,Phone) VALUES (3,6784945292);
INSERT INTO passenger_phone(PID,Phone) VALUES (802,1926601547);
INSERT INTO passenger_phone(PID,Phone) VALUES (503,4656326971);
INSERT INTO passenger_phone(PID,Phone) VALUES (635,6941738538);
INSERT INTO passenger_phone(PID,Phone) VALUES (25,0909595736);
INSERT INTO passenger_phone(PID,Phone) VALUES (384,5669597656);
INSERT INTO passenger_phone(PID,Phone) VALUES (747,4972796715);
INSERT INTO passenger_phone(PID,Phone) VALUES (848,1791348025);
INSERT INTO passenger_phone(PID,Phone) VALUES (812,0147844741);
INSERT INTO passenger_phone(PID,Phone) VALUES (495,4916641522);
INSERT INTO passenger_phone(PID,Phone) VALUES (671,3882318877);
INSERT INTO passenger_phone(PID,Phone) VALUES (229,3989999674);
INSERT INTO passenger_phone(PID,Phone) VALUES (194,2326781114);
INSERT INTO passenger_phone(PID,Phone) VALUES (922,3592464042);
INSERT INTO passenger_phone(PID,Phone) VALUES (289,4366421136);
INSERT INTO passenger_phone(PID,Phone) VALUES (581,3595159588);
INSERT INTO passenger_phone(PID,Phone) VALUES (338,1205114775);
INSERT INTO passenger_phone(PID,Phone) VALUES (732,7527708321);
INSERT INTO passenger_phone(PID,Phone) VALUES (291,7523351793);
INSERT INTO passenger_phone(PID,Phone) VALUES (811,1628317467);
INSERT INTO passenger_phone(PID,Phone) VALUES (94,3295096211);
INSERT INTO passenger_phone(PID,Phone) VALUES (855,0072382743);
INSERT INTO passenger_phone(PID,Phone) VALUES (891,3788907883);
INSERT INTO passenger_phone(PID,Phone) VALUES (952,8056472935);
INSERT INTO passenger_phone(PID,Phone) VALUES (322,6933780239);
INSERT INTO passenger_phone(PID,Phone) VALUES (35,9027345114);
INSERT INTO passenger_phone(PID,Phone) VALUES (204,0740881956);
INSERT INTO passenger_phone(PID,Phone) VALUES (110,3175066332);
INSERT INTO passenger_phone(PID,Phone) VALUES (671,3744087391);
INSERT INTO passenger_phone(PID,Phone) VALUES (952,8470100774);
INSERT INTO passenger_phone(PID,Phone) VALUES (25,9458814695);
INSERT INTO passenger_phone(PID,Phone) VALUES (516,1482168670);
INSERT INTO passenger_phone(PID,Phone) VALUES (650,1559443277);
INSERT INTO passenger_phone(PID,Phone) VALUES (300,8425319165);
INSERT INTO passenger_phone(PID,Phone) VALUES (761,7147469767);
INSERT INTO passenger_phone(PID,Phone) VALUES (268,5466772762);
INSERT INTO passenger_phone(PID,Phone) VALUES (955,1735095595);
INSERT INTO passenger_phone(PID,Phone) VALUES (385,2741292142);
INSERT INTO passenger_phone(PID,Phone) VALUES (922,8202113064);
INSERT INTO passenger_phone(PID,Phone) VALUES (404,6007509807);
INSERT INTO passenger_phone(PID,Phone) VALUES (543,2871737362);
INSERT INTO passenger_phone(PID,Phone) VALUES (675,9822806946);
INSERT INTO passenger_phone(PID,Phone) VALUES (936,4233476215);
INSERT INTO passenger_phone(PID,Phone) VALUES (469,2915583991);
INSERT INTO passenger_phone(PID,Phone) VALUES (224,3384978366);
INSERT INTO passenger_phone(PID,Phone) VALUES (754,1866194502);
INSERT INTO passenger_phone(PID,Phone) VALUES (945,2709385093);
INSERT INTO passenger_phone(PID,Phone) VALUES (648,4410054029);
INSERT INTO passenger_phone(PID,Phone) VALUES (260,6908720590);
INSERT INTO passenger_phone(PID,Phone) VALUES (459,1034203941);
INSERT INTO passenger_phone(PID,Phone) VALUES (760,7131085645);
INSERT INTO passenger_phone(PID,Phone) VALUES (22,0114599817);
INSERT INTO passenger_phone(PID,Phone) VALUES (362,3177962415);
INSERT INTO passenger_phone(PID,Phone) VALUES (70,5523107606);
INSERT INTO passenger_phone(PID,Phone) VALUES (439,4223042432);
INSERT INTO passenger_phone(PID,Phone) VALUES (398,0779860378);
INSERT INTO passenger_phone(PID,Phone) VALUES (18,2605344198);
INSERT INTO passenger_phone(PID,Phone) VALUES (610,7685457883);
INSERT INTO passenger_phone(PID,Phone) VALUES (521,1846574526);
INSERT INTO passenger_phone(PID,Phone) VALUES (54,9644743340);
INSERT INTO passenger_phone(PID,Phone) VALUES (902,8588492689);
INSERT INTO passenger_phone(PID,Phone) VALUES (465,8640089685);
INSERT INTO passenger_phone(PID,Phone) VALUES (957,9991565888);
INSERT INTO passenger_phone(PID,Phone) VALUES (487,5228806277);
INSERT INTO passenger_phone(PID,Phone) VALUES (289,5563788704);
INSERT INTO passenger_phone(PID,Phone) VALUES (255,8789998864);
INSERT INTO passenger_phone(PID,Phone) VALUES (364,1538288544);
INSERT INTO passenger_phone(PID,Phone) VALUES (873,5797236002);
INSERT INTO passenger_phone(PID,Phone) VALUES (772,2220394559);
INSERT INTO passenger_phone(PID,Phone) VALUES (158,7935009368);
INSERT INTO passenger_phone(PID,Phone) VALUES (887,8332692943);
INSERT INTO passenger_phone(PID,Phone) VALUES (735,3890872063);
INSERT INTO passenger_phone(PID,Phone) VALUES (508,6663186756);
INSERT INTO passenger_phone(PID,Phone) VALUES (554,7567103572);
INSERT INTO passenger_phone(PID,Phone) VALUES (846,6997282183);
INSERT INTO passenger_phone(PID,Phone) VALUES (378,4555157462);
INSERT INTO passenger_phone(PID,Phone) VALUES (269,9086472665);
INSERT INTO passenger_phone(PID,Phone) VALUES (256,8049079380);
INSERT INTO passenger_phone(PID,Phone) VALUES (75,1785333664);
INSERT INTO passenger_phone(PID,Phone) VALUES (115,9467973588);
INSERT INTO passenger_phone(PID,Phone) VALUES (964,2978527995);
INSERT INTO passenger_phone(PID,Phone) VALUES (624,3788854044);
INSERT INTO passenger_phone(PID,Phone) VALUES (921,7164118863);
INSERT INTO passenger_phone(PID,Phone) VALUES (446,6312818711);
INSERT INTO passenger_phone(PID,Phone) VALUES (593,6291568468);
INSERT INTO passenger_phone(PID,Phone) VALUES (678,0914263141);
INSERT INTO passenger_phone(PID,Phone) VALUES (175,7773674813);
INSERT INTO passenger_phone(PID,Phone) VALUES (820,7134899992);
INSERT INTO passenger_phone(PID,Phone) VALUES (558,6036928942);
INSERT INTO passenger_phone(PID,Phone) VALUES (679,9817828175);
INSERT INTO passenger_phone(PID,Phone) VALUES (88,9457016125);
INSERT INTO passenger_phone(PID,Phone) VALUES (585,1658549415);
INSERT INTO passenger_phone(PID,Phone) VALUES (337,0631700139);
INSERT INTO passenger_phone(PID,Phone) VALUES (521,4532968996);
INSERT INTO passenger_phone(PID,Phone) VALUES (708,8626578728);
INSERT INTO passenger_phone(PID,Phone) VALUES (662,0865677827);
INSERT INTO passenger_phone(PID,Phone) VALUES (733,2345951602);
INSERT INTO passenger_phone(PID,Phone) VALUES (122,6256097276);
INSERT INTO passenger_phone(PID,Phone) VALUES (680,7728907047);
INSERT INTO passenger_phone(PID,Phone) VALUES (639,2428939157);
INSERT INTO passenger_phone(PID,Phone) VALUES (73,0462058158);
INSERT INTO passenger_phone(PID,Phone) VALUES (997,4404704479);
INSERT INTO passenger_phone(PID,Phone) VALUES (392,1804331544);
INSERT INTO passenger_phone(PID,Phone) VALUES (604,9151562191);
INSERT INTO passenger_phone(PID,Phone) VALUES (197,5318152549);
INSERT INTO passenger_phone(PID,Phone) VALUES (16,7111599329);
INSERT INTO passenger_phone(PID,Phone) VALUES (977,8385715961);
INSERT INTO passenger_phone(PID,Phone) VALUES (459,6608490124);
INSERT INTO passenger_phone(PID,Phone) VALUES (26,7792673024);
INSERT INTO passenger_phone(PID,Phone) VALUES (764,3937356845);
INSERT INTO passenger_phone(PID,Phone) VALUES (894,8421559417);
INSERT INTO passenger_phone(PID,Phone) VALUES (871,8681765009);
INSERT INTO passenger_phone(PID,Phone) VALUES (366,5987933604);
INSERT INTO passenger_phone(PID,Phone) VALUES (735,6383034181);
INSERT INTO passenger_phone(PID,Phone) VALUES (365,5518716222);
INSERT INTO passenger_phone(PID,Phone) VALUES (128,9250543979);
INSERT INTO passenger_phone(PID,Phone) VALUES (807,3117986635);
INSERT INTO passenger_phone(PID,Phone) VALUES (323,5924603484);
INSERT INTO passenger_phone(PID,Phone) VALUES (105,9345122296);
INSERT INTO passenger_phone(PID,Phone) VALUES (60,3046749381);
INSERT INTO passenger_phone(PID,Phone) VALUES (968,9863776024);
INSERT INTO passenger_phone(PID,Phone) VALUES (995,6981801167);
INSERT INTO passenger_phone(PID,Phone) VALUES (767,2960393088);
INSERT INTO passenger_phone(PID,Phone) VALUES (109,5558198068);
INSERT INTO passenger_phone(PID,Phone) VALUES (830,7826755141);
INSERT INTO passenger_phone(PID,Phone) VALUES (28,5027168112);
INSERT INTO passenger_phone(PID,Phone) VALUES (51,1707800320);
INSERT INTO passenger_phone(PID,Phone) VALUES (36,4971507236);
INSERT INTO passenger_phone(PID,Phone) VALUES (855,8895616867);
INSERT INTO passenger_phone(PID,Phone) VALUES (365,9546977515);
INSERT INTO passenger_phone(PID,Phone) VALUES (552,8358720214);
INSERT INTO passenger_phone(PID,Phone) VALUES (920,2389482629);
INSERT INTO passenger_phone(PID,Phone) VALUES (664,5348531803);
INSERT INTO passenger_phone(PID,Phone) VALUES (883,0977561202);
INSERT INTO passenger_phone(PID,Phone) VALUES (545,7258734750);
INSERT INTO passenger_phone(PID,Phone) VALUES (359,4793953915);
INSERT INTO passenger_phone(PID,Phone) VALUES (871,2133266315);
INSERT INTO passenger_phone(PID,Phone) VALUES (804,8109722594);
INSERT INTO passenger_phone(PID,Phone) VALUES (837,2437843436);
INSERT INTO passenger_phone(PID,Phone) VALUES (555,7257650983);
INSERT INTO passenger_phone(PID,Phone) VALUES (410,4181517118);
INSERT INTO passenger_phone(PID,Phone) VALUES (398,4791490653);
INSERT INTO passenger_phone(PID,Phone) VALUES (750,4497556391);
INSERT INTO passenger_phone(PID,Phone) VALUES (255,3809696883);
INSERT INTO passenger_phone(PID,Phone) VALUES (716,1026042170);
INSERT INTO passenger_phone(PID,Phone) VALUES (584,2623055781);
INSERT INTO passenger_phone(PID,Phone) VALUES (554,5787697690);
INSERT INTO passenger_phone(PID,Phone) VALUES (427,8904667113);
INSERT INTO passenger_phone(PID,Phone) VALUES (248,5056369027);
INSERT INTO passenger_phone(PID,Phone) VALUES (858,5811190689);
INSERT INTO passenger_phone(PID,Phone) VALUES (53,1353120193);
INSERT INTO passenger_phone(PID,Phone) VALUES (126,9780743111);
INSERT INTO passenger_phone(PID,Phone) VALUES (631,8731950082);
INSERT INTO passenger_phone(PID,Phone) VALUES (904,6014315573);
INSERT INTO passenger_phone(PID,Phone) VALUES (902,8625205543);
INSERT INTO passenger_phone(PID,Phone) VALUES (964,7254958717);
INSERT INTO passenger_phone(PID,Phone) VALUES (95,9257798880);
INSERT INTO passenger_phone(PID,Phone) VALUES (406,4993852315);
INSERT INTO passenger_phone(PID,Phone) VALUES (643,7366550329);
INSERT INTO passenger_phone(PID,Phone) VALUES (994,4888063659);
INSERT INTO passenger_phone(PID,Phone) VALUES (943,0935766474);
INSERT INTO passenger_phone(PID,Phone) VALUES (127,2817434379);
INSERT INTO passenger_phone(PID,Phone) VALUES (329,9747316637);
INSERT INTO passenger_phone(PID,Phone) VALUES (315,0461900699);
INSERT INTO passenger_phone(PID,Phone) VALUES (96,4381707375);
INSERT INTO passenger_phone(PID,Phone) VALUES (776,6838281463);
INSERT INTO passenger_phone(PID,Phone) VALUES (243,2191008794);
INSERT INTO passenger_phone(PID,Phone) VALUES (447,1237689475);
INSERT INTO passenger_phone(PID,Phone) VALUES (773,3684177722);
INSERT INTO passenger_phone(PID,Phone) VALUES (539,0338302397);
INSERT INTO passenger_phone(PID,Phone) VALUES (153,8379064087);
INSERT INTO passenger_phone(PID,Phone) VALUES (180,8331460293);
INSERT INTO passenger_phone(PID,Phone) VALUES (820,7154616579);
INSERT INTO passenger_phone(PID,Phone) VALUES (455,8679382878);
INSERT INTO passenger_phone(PID,Phone) VALUES (969,5661523971);
INSERT INTO passenger_phone(PID,Phone) VALUES (396,7566851127);
INSERT INTO passenger_phone(PID,Phone) VALUES (193,1277023922);
INSERT INTO passenger_phone(PID,Phone) VALUES (615,0872023463);
INSERT INTO passenger_phone(PID,Phone) VALUES (275,6733223743);
INSERT INTO passenger_phone(PID,Phone) VALUES (661,9491614216);
INSERT INTO passenger_phone(PID,Phone) VALUES (226,5687136533);
INSERT INTO passenger_phone(PID,Phone) VALUES (93,1694177691);
INSERT INTO passenger_phone(PID,Phone) VALUES (209,9175119821);
INSERT INTO passenger_phone(PID,Phone) VALUES (96,7934309749);
INSERT INTO passenger_phone(PID,Phone) VALUES (125,9493300711);
INSERT INTO passenger_phone(PID,Phone) VALUES (371,6659874036);
INSERT INTO passenger_phone(PID,Phone) VALUES (908,9013866614);
INSERT INTO passenger_phone(PID,Phone) VALUES (840,3337924056);
INSERT INTO passenger_phone(PID,Phone) VALUES (921,1783714124);
INSERT INTO passenger_phone(PID,Phone) VALUES (734,7234893902);
INSERT INTO passenger_phone(PID,Phone) VALUES (752,4437846155);
INSERT INTO passenger_phone(PID,Phone) VALUES (245,6713467635);
INSERT INTO passenger_phone(PID,Phone) VALUES (706,2229786008);
INSERT INTO passenger_phone(PID,Phone) VALUES (396,7744511536);
INSERT INTO passenger_phone(PID,Phone) VALUES (471,4042423821);
INSERT INTO passenger_phone(PID,Phone) VALUES (487,5389981217);
INSERT INTO passenger_phone(PID,Phone) VALUES (505,9422963098);
INSERT INTO passenger_phone(PID,Phone) VALUES (623,1617023960);
INSERT INTO passenger_phone(PID,Phone) VALUES (657,8432970334);
INSERT INTO passenger_phone(PID,Phone) VALUES (269,5793738233);
INSERT INTO passenger_phone(PID,Phone) VALUES (487,2350609975);
INSERT INTO passenger_phone(PID,Phone) VALUES (511,5941483949);
INSERT INTO passenger_phone(PID,Phone) VALUES (656,4598065264);
INSERT INTO passenger_phone(PID,Phone) VALUES (800,8392635712);
INSERT INTO passenger_phone(PID,Phone) VALUES (989,0983781899);
INSERT INTO passenger_phone(PID,Phone) VALUES (589,2037120406);
INSERT INTO passenger_phone(PID,Phone) VALUES (561,2492588331);
INSERT INTO passenger_phone(PID,Phone) VALUES (956,1022803903);
INSERT INTO passenger_phone(PID,Phone) VALUES (769,6541580989);
INSERT INTO passenger_phone(PID,Phone) VALUES (447,5736187829);
INSERT INTO passenger_phone(PID,Phone) VALUES (453,4774921830);
INSERT INTO passenger_phone(PID,Phone) VALUES (89,3750127733);
INSERT INTO passenger_phone(PID,Phone) VALUES (125,9733517558);
INSERT INTO passenger_phone(PID,Phone) VALUES (495,7456746274);
INSERT INTO passenger_phone(PID,Phone) VALUES (150,8952320938);
INSERT INTO passenger_phone(PID,Phone) VALUES (73,3558600637);
INSERT INTO passenger_phone(PID,Phone) VALUES (168,5252478573);
INSERT INTO passenger_phone(PID,Phone) VALUES (963,8134255824);
INSERT INTO passenger_phone(PID,Phone) VALUES (5,0235552118);
INSERT INTO passenger_phone(PID,Phone) VALUES (207,8516243841);
INSERT INTO passenger_phone(PID,Phone) VALUES (582,3160158073);
INSERT INTO passenger_phone(PID,Phone) VALUES (623,7068598245);
INSERT INTO passenger_phone(PID,Phone) VALUES (868,6727067093);
INSERT INTO passenger_phone(PID,Phone) VALUES (225,8739393809);
INSERT INTO passenger_phone(PID,Phone) VALUES (472,6527144184);
INSERT INTO passenger_phone(PID,Phone) VALUES (472,5088177605);
INSERT INTO passenger_phone(PID,Phone) VALUES (443,7480128549);
INSERT INTO passenger_phone(PID,Phone) VALUES (657,5146545547);
INSERT INTO passenger_phone(PID,Phone) VALUES (940,0737365136);
INSERT INTO passenger_phone(PID,Phone) VALUES (777,3839847160);
INSERT INTO passenger_phone(PID,Phone) VALUES (911,4286170820);
INSERT INTO passenger_phone(PID,Phone) VALUES (888,3132279407);
INSERT INTO passenger_phone(PID,Phone) VALUES (294,9534928163);
INSERT INTO passenger_phone(PID,Phone) VALUES (99,5530086078);
INSERT INTO passenger_phone(PID,Phone) VALUES (50,3273389202);
INSERT INTO passenger_phone(PID,Phone) VALUES (731,5876546613);
INSERT INTO passenger_phone(PID,Phone) VALUES (351,6490356630);
INSERT INTO passenger_phone(PID,Phone) VALUES (444,3496697166);
INSERT INTO passenger_phone(PID,Phone) VALUES (278,0669793946);
INSERT INTO passenger_phone(PID,Phone) VALUES (1000,3788129102);
INSERT INTO passenger_phone(PID,Phone) VALUES (639,4300012693);
INSERT INTO passenger_phone(PID,Phone) VALUES (944,3026583826);
INSERT INTO passenger_phone(PID,Phone) VALUES (504,1721580152);
INSERT INTO passenger_phone(PID,Phone) VALUES (988,4267412568);
INSERT INTO passenger_phone(PID,Phone) VALUES (391,3214765846);
INSERT INTO passenger_phone(PID,Phone) VALUES (227,5308277158);
INSERT INTO passenger_phone(PID,Phone) VALUES (590,0978327092);
INSERT INTO passenger_phone(PID,Phone) VALUES (241,8853689499);
INSERT INTO passenger_phone(PID,Phone) VALUES (671,2677794450);
INSERT INTO passenger_phone(PID,Phone) VALUES (963,9920923837);
INSERT INTO passenger_phone(PID,Phone) VALUES (957,6731252322);
INSERT INTO passenger_phone(PID,Phone) VALUES (358,1531030700);
INSERT INTO passenger_phone(PID,Phone) VALUES (655,9708748001);
INSERT INTO passenger_phone(PID,Phone) VALUES (753,0238010026);
INSERT INTO passenger_phone(PID,Phone) VALUES (858,1195848851);
INSERT INTO passenger_phone(PID,Phone) VALUES (308,4917314981);
INSERT INTO passenger_phone(PID,Phone) VALUES (683,1667403683);
INSERT INTO passenger_phone(PID,Phone) VALUES (822,1075203218);
INSERT INTO passenger_phone(PID,Phone) VALUES (581,2077941215);
INSERT INTO passenger_phone(PID,Phone) VALUES (687,3685306724);
INSERT INTO passenger_phone(PID,Phone) VALUES (951,7391028277);
INSERT INTO passenger_phone(PID,Phone) VALUES (826,7962900665);
INSERT INTO passenger_phone(PID,Phone) VALUES (739,1949083159);
INSERT INTO passenger_phone(PID,Phone) VALUES (739,2665865180);
INSERT INTO passenger_phone(PID,Phone) VALUES (376,0080088290);
INSERT INTO passenger_phone(PID,Phone) VALUES (909,5220898929);
INSERT INTO passenger_phone(PID,Phone) VALUES (788,7728806230);
INSERT INTO passenger_phone(PID,Phone) VALUES (949,1119336562);
INSERT INTO passenger_phone(PID,Phone) VALUES (470,3783467017);
INSERT INTO passenger_phone(PID,Phone) VALUES (506,4612263071);
INSERT INTO passenger_phone(PID,Phone) VALUES (81,9628931059);
INSERT INTO passenger_phone(PID,Phone) VALUES (743,8175772977);
INSERT INTO passenger_phone(PID,Phone) VALUES (687,1844576424);
INSERT INTO passenger_phone(PID,Phone) VALUES (118,7354492104);
INSERT INTO passenger_phone(PID,Phone) VALUES (82,7856963455);
INSERT INTO passenger_phone(PID,Phone) VALUES (313,9623267488);
INSERT INTO passenger_phone(PID,Phone) VALUES (457,8992496545);
INSERT INTO passenger_phone(PID,Phone) VALUES (491,8725000964);
INSERT INTO passenger_phone(PID,Phone) VALUES (739,5456864840);
INSERT INTO passenger_phone(PID,Phone) VALUES (727,6483835436);
INSERT INTO passenger_phone(PID,Phone) VALUES (142,9130985932);
INSERT INTO passenger_phone(PID,Phone) VALUES (295,8012308169);
INSERT INTO passenger_phone(PID,Phone) VALUES (931,9643140804);
INSERT INTO passenger_phone(PID,Phone) VALUES (126,3227096224);
INSERT INTO passenger_phone(PID,Phone) VALUES (181,1658129895);
INSERT INTO passenger_phone(PID,Phone) VALUES (865,9811353221);
INSERT INTO passenger_phone(PID,Phone) VALUES (910,6216469765);
INSERT INTO passenger_phone(PID,Phone) VALUES (680,0657475006);
INSERT INTO passenger_phone(PID,Phone) VALUES (621,8068721287);
INSERT INTO passenger_phone(PID,Phone) VALUES (655,3271436269);
INSERT INTO passenger_phone(PID,Phone) VALUES (530,7250755779);
INSERT INTO passenger_phone(PID,Phone) VALUES (601,6193493557);
INSERT INTO passenger_phone(PID,Phone) VALUES (858,7427547877);
INSERT INTO passenger_phone(PID,Phone) VALUES (360,4241276580);
INSERT INTO passenger_phone(PID,Phone) VALUES (730,4906507200);
INSERT INTO passenger_phone(PID,Phone) VALUES (841,1193200981);
INSERT INTO passenger_phone(PID,Phone) VALUES (666,1830219077);
INSERT INTO passenger_phone(PID,Phone) VALUES (90,2489664315);
INSERT INTO passenger_phone(PID,Phone) VALUES (385,5462350506);
INSERT INTO passenger_phone(PID,Phone) VALUES (290,1948891237);
INSERT INTO passenger_phone(PID,Phone) VALUES (786,1651332771);
INSERT INTO passenger_phone(PID,Phone) VALUES (162,6429793525);
INSERT INTO passenger_phone(PID,Phone) VALUES (891,6678576015);
INSERT INTO passenger_phone(PID,Phone) VALUES (723,4776656255);
INSERT INTO passenger_phone(PID,Phone) VALUES (629,6154847364);
INSERT INTO passenger_phone(PID,Phone) VALUES (224,0712178380);
INSERT INTO passenger_phone(PID,Phone) VALUES (723,0976953393);
INSERT INTO passenger_phone(PID,Phone) VALUES (184,4690615362);
INSERT INTO passenger_phone(PID,Phone) VALUES (321,2441566892);
INSERT INTO passenger_phone(PID,Phone) VALUES (271,0409275813);
INSERT INTO passenger_phone(PID,Phone) VALUES (487,9890929036);
INSERT INTO passenger_phone(PID,Phone) VALUES (718,0416486608);
INSERT INTO passenger_phone(PID,Phone) VALUES (736,0543704026);
INSERT INTO passenger_phone(PID,Phone) VALUES (987,8178490954);
INSERT INTO passenger_phone(PID,Phone) VALUES (117,0284366491);
INSERT INTO passenger_phone(PID,Phone) VALUES (662,3940345619);
INSERT INTO passenger_phone(PID,Phone) VALUES (131,2421353527);
INSERT INTO passenger_phone(PID,Phone) VALUES (836,8777697516);
INSERT INTO passenger_phone(PID,Phone) VALUES (295,4971887594);
INSERT INTO passenger_phone(PID,Phone) VALUES (137,8593985970);
INSERT INTO passenger_phone(PID,Phone) VALUES (682,0995723645);
INSERT INTO passenger_phone(PID,Phone) VALUES (541,8456368729);
INSERT INTO passenger_phone(PID,Phone) VALUES (361,3484684696);
INSERT INTO passenger_phone(PID,Phone) VALUES (147,7201166179);
INSERT INTO passenger_phone(PID,Phone) VALUES (823,7242788590);
INSERT INTO passenger_phone(PID,Phone) VALUES (524,1639805147);
INSERT INTO passenger_phone(PID,Phone) VALUES (74,0935072404);
INSERT INTO passenger_phone(PID,Phone) VALUES (152,2150663634);
INSERT INTO passenger_phone(PID,Phone) VALUES (236,0671163125);
INSERT INTO passenger_phone(PID,Phone) VALUES (497,7104535444);
INSERT INTO passenger_phone(PID,Phone) VALUES (170,3159709464);
INSERT INTO passenger_phone(PID,Phone) VALUES (565,5704732386);
INSERT INTO passenger_phone(PID,Phone) VALUES (238,7498292727);
INSERT INTO passenger_phone(PID,Phone) VALUES (984,4206937129);
INSERT INTO passenger_phone(PID,Phone) VALUES (523,3538965263);
INSERT INTO passenger_phone(PID,Phone) VALUES (333,4103792740);
INSERT INTO passenger_phone(PID,Phone) VALUES (218,7139482727);
INSERT INTO passenger_phone(PID,Phone) VALUES (344,9126569983);
INSERT INTO passenger_phone(PID,Phone) VALUES (136,5485282495);
INSERT INTO passenger_phone(PID,Phone) VALUES (561,4005965397);
INSERT INTO passenger_phone(PID,Phone) VALUES (595,0426496578);
INSERT INTO passenger_phone(PID,Phone) VALUES (404,9646901809);
INSERT INTO passenger_phone(PID,Phone) VALUES (734,6118905058);
INSERT INTO passenger_phone(PID,Phone) VALUES (497,9623424626);
INSERT INTO passenger_phone(PID,Phone) VALUES (524,4279907750);
INSERT INTO passenger_phone(PID,Phone) VALUES (184,3233461035);
INSERT INTO passenger_phone(PID,Phone) VALUES (380,0174517957);
INSERT INTO passenger_phone(PID,Phone) VALUES (823,5013642623);
INSERT INTO passenger_phone(PID,Phone) VALUES (887,5313939605);
INSERT INTO passenger_phone(PID,Phone) VALUES (504,6392849106);
INSERT INTO passenger_phone(PID,Phone) VALUES (842,5647273985);
INSERT INTO passenger_phone(PID,Phone) VALUES (681,1796302060);
INSERT INTO passenger_phone(PID,Phone) VALUES (294,0656807391);
INSERT INTO passenger_phone(PID,Phone) VALUES (545,0970909009);
INSERT INTO passenger_phone(PID,Phone) VALUES (62,6719042259);
INSERT INTO passenger_phone(PID,Phone) VALUES (124,2013323964);
INSERT INTO passenger_phone(PID,Phone) VALUES (216,0995826084);
INSERT INTO passenger_phone(PID,Phone) VALUES (346,3796213269);
INSERT INTO passenger_phone(PID,Phone) VALUES (55,0911986424);
INSERT INTO passenger_phone(PID,Phone) VALUES (381,4112962086);
INSERT INTO passenger_phone(PID,Phone) VALUES (150,3741271122);
INSERT INTO passenger_phone(PID,Phone) VALUES (796,9283072017);
INSERT INTO passenger_phone(PID,Phone) VALUES (372,4760339629);
INSERT INTO passenger_phone(PID,Phone) VALUES (933,4076008216);
INSERT INTO passenger_phone(PID,Phone) VALUES (649,5491882933);
INSERT INTO passenger_phone(PID,Phone) VALUES (578,2736710570);
INSERT INTO passenger_phone(PID,Phone) VALUES (374,3044236622);
INSERT INTO passenger_phone(PID,Phone) VALUES (275,0881296808);
INSERT INTO passenger_phone(PID,Phone) VALUES (956,3510429032);
INSERT INTO passenger_phone(PID,Phone) VALUES (917,3261256087);
INSERT INTO passenger_phone(PID,Phone) VALUES (391,2281005329);
INSERT INTO passenger_phone(PID,Phone) VALUES (32,3864559713);
INSERT INTO passenger_phone(PID,Phone) VALUES (711,0120951589);
INSERT INTO passenger_phone(PID,Phone) VALUES (866,9771458902);
INSERT INTO passenger_phone(PID,Phone) VALUES (285,8095824109);
INSERT INTO passenger_phone(PID,Phone) VALUES (973,8429875026);
INSERT INTO passenger_phone(PID,Phone) VALUES (311,7005313267);
INSERT INTO passenger_phone(PID,Phone) VALUES (198,4398249195);
INSERT INTO passenger_phone(PID,Phone) VALUES (815,7326172179);
INSERT INTO passenger_phone(PID,Phone) VALUES (869,8284311668);
INSERT INTO passenger_phone(PID,Phone) VALUES (893,2070101126);
INSERT INTO passenger_phone(PID,Phone) VALUES (562,5887808164);
INSERT INTO passenger_phone(PID,Phone) VALUES (2,4123095951);
INSERT INTO passenger_phone(PID,Phone) VALUES (170,1081351885);
INSERT INTO passenger_phone(PID,Phone) VALUES (820,4485759538);
INSERT INTO passenger_phone(PID,Phone) VALUES (155,8764811202);
INSERT INTO passenger_phone(PID,Phone) VALUES (732,5600243465);
INSERT INTO passenger_phone(PID,Phone) VALUES (743,2599293614);
INSERT INTO passenger_phone(PID,Phone) VALUES (340,7790577174);
INSERT INTO passenger_phone(PID,Phone) VALUES (41,3526422840);
INSERT INTO passenger_phone(PID,Phone) VALUES (334,3347203900);
INSERT INTO passenger_phone(PID,Phone) VALUES (107,9712625046);
INSERT INTO passenger_phone(PID,Phone) VALUES (777,2228606922);
INSERT INTO passenger_phone(PID,Phone) VALUES (650,9686592254);
INSERT INTO passenger_phone(PID,Phone) VALUES (861,9954541396);
INSERT INTO passenger_phone(PID,Phone) VALUES (486,8941064648);
INSERT INTO passenger_phone(PID,Phone) VALUES (98,5285134181);
INSERT INTO passenger_phone(PID,Phone) VALUES (105,4574441330);
INSERT INTO passenger_phone(PID,Phone) VALUES (526,4082592843);
INSERT INTO passenger_phone(PID,Phone) VALUES (462,2522501356);
INSERT INTO passenger_phone(PID,Phone) VALUES (296,8296505397);
INSERT INTO passenger_phone(PID,Phone) VALUES (452,6208812851);
INSERT INTO passenger_phone(PID,Phone) VALUES (701,2103823920);
INSERT INTO passenger_phone(PID,Phone) VALUES (661,8297826419);
INSERT INTO passenger_phone(PID,Phone) VALUES (461,9050315202);
INSERT INTO passenger_phone(PID,Phone) VALUES (573,5879274879);
INSERT INTO passenger_phone(PID,Phone) VALUES (65,5228093859);
INSERT INTO passenger_phone(PID,Phone) VALUES (482,8810641172);
INSERT INTO passenger_phone(PID,Phone) VALUES (829,8272535562);
INSERT INTO passenger_phone(PID,Phone) VALUES (432,2606460942);
INSERT INTO passenger_phone(PID,Phone) VALUES (863,9051413915);
INSERT INTO passenger_phone(PID,Phone) VALUES (332,8740484904);
INSERT INTO passenger_phone(PID,Phone) VALUES (156,1834245815);
INSERT INTO passenger_phone(PID,Phone) VALUES (366,7032984824);
INSERT INTO passenger_phone(PID,Phone) VALUES (551,1601355276);
INSERT INTO passenger_phone(PID,Phone) VALUES (368,0810643592);
INSERT INTO passenger_phone(PID,Phone) VALUES (264,0831175388);
INSERT INTO passenger_phone(PID,Phone) VALUES (491,8498992632);
INSERT INTO passenger_phone(PID,Phone) VALUES (555,2146861274);
INSERT INTO passenger_phone(PID,Phone) VALUES (385,0407515318);
INSERT INTO passenger_phone(PID,Phone) VALUES (788,6008999096);
INSERT INTO passenger_phone(PID,Phone) VALUES (738,3884933993);
INSERT INTO passenger_phone(PID,Phone) VALUES (617,0117616886);
INSERT INTO passenger_phone(PID,Phone) VALUES (922,0398626438);
INSERT INTO passenger_phone(PID,Phone) VALUES (191,3955169620);
INSERT INTO passenger_phone(PID,Phone) VALUES (54,2173421669);
INSERT INTO passenger_phone(PID,Phone) VALUES (638,6558754350);
INSERT INTO passenger_phone(PID,Phone) VALUES (411,4465035725);
INSERT INTO passenger_phone(PID,Phone) VALUES (56,8995843724);
INSERT INTO passenger_phone(PID,Phone) VALUES (708,0658827873);
INSERT INTO passenger_phone(PID,Phone) VALUES (900,9436972622);
INSERT INTO passenger_phone(PID,Phone) VALUES (298,0009734215);
INSERT INTO passenger_phone(PID,Phone) VALUES (239,3067212829);
INSERT INTO passenger_phone(PID,Phone) VALUES (395,0721492286);
INSERT INTO passenger_phone(PID,Phone) VALUES (432,4159545624);
INSERT INTO passenger_phone(PID,Phone) VALUES (962,4569032752);
INSERT INTO passenger_phone(PID,Phone) VALUES (644,9026391300);
INSERT INTO passenger_phone(PID,Phone) VALUES (928,4378640761);
INSERT INTO passenger_phone(PID,Phone) VALUES (523,3213007457);
INSERT INTO passenger_phone(PID,Phone) VALUES (446,5199111025);
INSERT INTO passenger_phone(PID,Phone) VALUES (654,1984932918);
INSERT INTO passenger_phone(PID,Phone) VALUES (45,8305706997);
INSERT INTO passenger_phone(PID,Phone) VALUES (153,7875151399);
INSERT INTO passenger_phone(PID,Phone) VALUES (680,3587739487);
INSERT INTO passenger_phone(PID,Phone) VALUES (53,8621613669);
INSERT INTO passenger_phone(PID,Phone) VALUES (111,4253709755);
INSERT INTO passenger_phone(PID,Phone) VALUES (260,5790822215);
INSERT INTO passenger_phone(PID,Phone) VALUES (631,3137364042);
INSERT INTO passenger_phone(PID,Phone) VALUES (778,4182849135);
INSERT INTO passenger_phone(PID,Phone) VALUES (489,7628049235);
INSERT INTO passenger_phone(PID,Phone) VALUES (788,0233334256);
INSERT INTO passenger_phone(PID,Phone) VALUES (702,3158479480);
INSERT INTO passenger_phone(PID,Phone) VALUES (520,5468346487);
INSERT INTO passenger_phone(PID,Phone) VALUES (844,3476605194);
INSERT INTO passenger_phone(PID,Phone) VALUES (57,2871878541);
INSERT INTO passenger_phone(PID,Phone) VALUES (491,4124919069);
INSERT INTO passenger_phone(PID,Phone) VALUES (84,3439819069);
INSERT INTO passenger_phone(PID,Phone) VALUES (91,3173971390);
INSERT INTO passenger_phone(PID,Phone) VALUES (89,4104082391);
INSERT INTO passenger_phone(PID,Phone) VALUES (405,4589914932);
INSERT INTO passenger_phone(PID,Phone) VALUES (541,9305927789);
INSERT INTO passenger_phone(PID,Phone) VALUES (671,9109100415);
INSERT INTO passenger_phone(PID,Phone) VALUES (351,9713101618);
INSERT INTO passenger_phone(PID,Phone) VALUES (251,5666869385);
INSERT INTO passenger_phone(PID,Phone) VALUES (717,9194563650);
INSERT INTO passenger_phone(PID,Phone) VALUES (748,5230896845);
INSERT INTO passenger_phone(PID,Phone) VALUES (43,9848064621);
INSERT INTO passenger_phone(PID,Phone) VALUES (789,8564518436);
INSERT INTO passenger_phone(PID,Phone) VALUES (185,8821944360);
INSERT INTO passenger_phone(PID,Phone) VALUES (453,0101520159);
INSERT INTO passenger_phone(PID,Phone) VALUES (913,8578490288);
INSERT INTO passenger_phone(PID,Phone) VALUES (630,6215389966);
INSERT INTO passenger_phone(PID,Phone) VALUES (94,6528726535);
INSERT INTO passenger_phone(PID,Phone) VALUES (834,8013128378);
INSERT INTO passenger_phone(PID,Phone) VALUES (47,1695665067);
INSERT INTO passenger_phone(PID,Phone) VALUES (95,3621051505);
INSERT INTO passenger_phone(PID,Phone) VALUES (29,0888841599);
INSERT INTO passenger_phone(PID,Phone) VALUES (353,6899840121);
INSERT INTO passenger_phone(PID,Phone) VALUES (82,0755567236);
INSERT INTO passenger_phone(PID,Phone) VALUES (450,9847049164);
INSERT INTO passenger_phone(PID,Phone) VALUES (62,5316667240);
INSERT INTO passenger_phone(PID,Phone) VALUES (563,6546941731);
INSERT INTO passenger_phone(PID,Phone) VALUES (325,8506122923);
INSERT INTO passenger_phone(PID,Phone) VALUES (972,3888516573);
INSERT INTO passenger_phone(PID,Phone) VALUES (14,5921994144);
INSERT INTO passenger_phone(PID,Phone) VALUES (995,0472502491);
INSERT INTO passenger_phone(PID,Phone) VALUES (538,4911128868);
INSERT INTO passenger_phone(PID,Phone) VALUES (766,4562383797);
INSERT INTO passenger_phone(PID,Phone) VALUES (869,4013755526);
INSERT INTO passenger_phone(PID,Phone) VALUES (928,9823762406);
INSERT INTO passenger_phone(PID,Phone) VALUES (195,0120566667);
INSERT INTO passenger_phone(PID,Phone) VALUES (8,6644877458);
INSERT INTO passenger_phone(PID,Phone) VALUES (360,6416104929);
INSERT INTO passenger_phone(PID,Phone) VALUES (438,1129048255);
INSERT INTO passenger_phone(PID,Phone) VALUES (131,6362717183);
INSERT INTO passenger_phone(PID,Phone) VALUES (786,3024347173);
INSERT INTO passenger_phone(PID,Phone) VALUES (800,4851965276);
INSERT INTO passenger_phone(PID,Phone) VALUES (216,4867958636);
INSERT INTO passenger_phone(PID,Phone) VALUES (668,2300109694);
INSERT INTO passenger_phone(PID,Phone) VALUES (386,1203694342);
INSERT INTO passenger_phone(PID,Phone) VALUES (985,1256379385);
INSERT INTO passenger_phone(PID,Phone) VALUES (735,6222360631);
INSERT INTO passenger_phone(PID,Phone) VALUES (260,4555155684);
INSERT INTO passenger_phone(PID,Phone) VALUES (535,9096887294);
INSERT INTO passenger_phone(PID,Phone) VALUES (673,1202827544);
INSERT INTO passenger_phone(PID,Phone) VALUES (946,2989777744);
INSERT INTO passenger_phone(PID,Phone) VALUES (476,8828064651);
INSERT INTO passenger_phone(PID,Phone) VALUES (435,5648857150);
INSERT INTO passenger_phone(PID,Phone) VALUES (760,6080325182);
INSERT INTO passenger_phone(PID,Phone) VALUES (132,1430648325);
INSERT INTO passenger_phone(PID,Phone) VALUES (929,4456345130);
INSERT INTO passenger_phone(PID,Phone) VALUES (46,0397148623);
INSERT INTO passenger_phone(PID,Phone) VALUES (478,3613742720);
INSERT INTO passenger_phone(PID,Phone) VALUES (638,3603678874);
INSERT INTO passenger_phone(PID,Phone) VALUES (300,8901340945);
INSERT INTO passenger_phone(PID,Phone) VALUES (810,8228310067);
INSERT INTO passenger_phone(PID,Phone) VALUES (711,4159891135);
INSERT INTO passenger_phone(PID,Phone) VALUES (485,1681130221);
INSERT INTO passenger_phone(PID,Phone) VALUES (621,7729408920);
INSERT INTO passenger_phone(PID,Phone) VALUES (303,6446857537);
INSERT INTO passenger_phone(PID,Phone) VALUES (389,5732719162);
INSERT INTO passenger_phone(PID,Phone) VALUES (228,4983173960);
INSERT INTO passenger_phone(PID,Phone) VALUES (952,1340506766);
INSERT INTO passenger_phone(PID,Phone) VALUES (162,5541836794);
INSERT INTO passenger_phone(PID,Phone) VALUES (524,1379219584);
INSERT INTO passenger_phone(PID,Phone) VALUES (952,8369781882);
INSERT INTO passenger_phone(PID,Phone) VALUES (279,4560603345);
INSERT INTO passenger_phone(PID,Phone) VALUES (461,8399735388);
INSERT INTO passenger_phone(PID,Phone) VALUES (670,6264353125);
INSERT INTO passenger_phone(PID,Phone) VALUES (47,3087432683);
INSERT INTO passenger_phone(PID,Phone) VALUES (416,3949622389);
INSERT INTO passenger_phone(PID,Phone) VALUES (335,4592510099);
INSERT INTO passenger_phone(PID,Phone) VALUES (681,6259586092);
INSERT INTO passenger_phone(PID,Phone) VALUES (163,9860120393);
INSERT INTO passenger_phone(PID,Phone) VALUES (745,6814447183);
INSERT INTO passenger_phone(PID,Phone) VALUES (337,7989771865);
INSERT INTO passenger_phone(PID,Phone) VALUES (267,0849420112);
INSERT INTO passenger_phone(PID,Phone) VALUES (223,3578590576);
INSERT INTO passenger_phone(PID,Phone) VALUES (987,0772279349);
INSERT INTO passenger_phone(PID,Phone) VALUES (583,4991746534);
INSERT INTO passenger_phone(PID,Phone) VALUES (831,2915394553);
INSERT INTO passenger_phone(PID,Phone) VALUES (699,9265584637);
INSERT INTO passenger_phone(PID,Phone) VALUES (54,5715573995);
INSERT INTO passenger_phone(PID,Phone) VALUES (552,8043681642);
INSERT INTO passenger_phone(PID,Phone) VALUES (844,9294189991);
INSERT INTO passenger_phone(PID,Phone) VALUES (251,7130588251);
INSERT INTO passenger_phone(PID,Phone) VALUES (904,1036719724);
INSERT INTO passenger_phone(PID,Phone) VALUES (215,7927882025);
INSERT INTO passenger_phone(PID,Phone) VALUES (559,4249705602);
INSERT INTO passenger_phone(PID,Phone) VALUES (523,0246905808);
INSERT INTO passenger_phone(PID,Phone) VALUES (342,3782358341);
INSERT INTO passenger_phone(PID,Phone) VALUES (670,2723335785);
INSERT INTO passenger_phone(PID,Phone) VALUES (577,4086524404);
INSERT INTO passenger_phone(PID,Phone) VALUES (263,1841245311);
INSERT INTO passenger_phone(PID,Phone) VALUES (748,8717857577);
INSERT INTO passenger_phone(PID,Phone) VALUES (555,0055327591);
INSERT INTO passenger_phone(PID,Phone) VALUES (390,1932403847);
INSERT INTO passenger_phone(PID,Phone) VALUES (135,5226097059);
INSERT INTO passenger_phone(PID,Phone) VALUES (918,7420163283);
INSERT INTO passenger_phone(PID,Phone) VALUES (731,9501082864);
INSERT INTO passenger_phone(PID,Phone) VALUES (582,5708830710);
INSERT INTO passenger_phone(PID,Phone) VALUES (167,0701086690);
INSERT INTO passenger_phone(PID,Phone) VALUES (368,2103410899);
INSERT INTO passenger_phone(PID,Phone) VALUES (362,9975039300);
INSERT INTO passenger_phone(PID,Phone) VALUES (612,8731219718);
INSERT INTO passenger_phone(PID,Phone) VALUES (351,3736225544);
INSERT INTO passenger_phone(PID,Phone) VALUES (553,0604561618);
INSERT INTO passenger_phone(PID,Phone) VALUES (647,6513724125);
INSERT INTO passenger_phone(PID,Phone) VALUES (785,3311749071);
INSERT INTO passenger_phone(PID,Phone) VALUES (857,1526280909);
INSERT INTO passenger_phone(PID,Phone) VALUES (929,5081372325);
INSERT INTO passenger_phone(PID,Phone) VALUES (697,4546904401);
INSERT INTO passenger_phone(PID,Phone) VALUES (21,7710123092);
INSERT INTO passenger_phone(PID,Phone) VALUES (109,3838338101);
INSERT INTO passenger_phone(PID,Phone) VALUES (145,3361501456);
INSERT INTO passenger_phone(PID,Phone) VALUES (34,3770037848);
INSERT INTO passenger_phone(PID,Phone) VALUES (44,4582189316);
INSERT INTO passenger_phone(PID,Phone) VALUES (689,9257758081);
INSERT INTO passenger_phone(PID,Phone) VALUES (589,7695262992);
INSERT INTO passenger_phone(PID,Phone) VALUES (114,9052115840);
INSERT INTO passenger_phone(PID,Phone) VALUES (447,9612762661);
INSERT INTO passenger_phone(PID,Phone) VALUES (486,1688128395);
INSERT INTO passenger_phone(PID,Phone) VALUES (717,9274000868);
INSERT INTO passenger_phone(PID,Phone) VALUES (378,8628932239);
INSERT INTO passenger_phone(PID,Phone) VALUES (237,8568823195);
INSERT INTO passenger_phone(PID,Phone) VALUES (25,6058485274);
INSERT INTO passenger_phone(PID,Phone) VALUES (292,7989814909);
INSERT INTO passenger_phone(PID,Phone) VALUES (874,4425133563);
INSERT INTO passenger_phone(PID,Phone) VALUES (656,0359297584);
INSERT INTO passenger_phone(PID,Phone) VALUES (385,2288997861);
INSERT INTO passenger_phone(PID,Phone) VALUES (322,7144372481);
INSERT INTO passenger_phone(PID,Phone) VALUES (635,3099180127);
INSERT INTO passenger_phone(PID,Phone) VALUES (189,7784671753);
INSERT INTO passenger_phone(PID,Phone) VALUES (748,8995247924);
INSERT INTO passenger_phone(PID,Phone) VALUES (501,7122963423);
INSERT INTO passenger_phone(PID,Phone) VALUES (79,1324325708);
INSERT INTO passenger_phone(PID,Phone) VALUES (564,9719764704);
INSERT INTO passenger_phone(PID,Phone) VALUES (334,7822827079);
INSERT INTO passenger_phone(PID,Phone) VALUES (8,9576583700);
INSERT INTO passenger_phone(PID,Phone) VALUES (785,0578428944);
INSERT INTO passenger_phone(PID,Phone) VALUES (166,6149695594);
INSERT INTO passenger_phone(PID,Phone) VALUES (394,8156811097);
INSERT INTO passenger_phone(PID,Phone) VALUES (238,6216902857);
INSERT INTO passenger_phone(PID,Phone) VALUES (429,0436759846);
INSERT INTO passenger_phone(PID,Phone) VALUES (56,8948095724);
INSERT INTO passenger_phone(PID,Phone) VALUES (241,4123442909);
INSERT INTO passenger_phone(PID,Phone) VALUES (493,0971161350);
INSERT INTO passenger_phone(PID,Phone) VALUES (475,4352354889);
INSERT INTO passenger_phone(PID,Phone) VALUES (567,1150645893);
INSERT INTO passenger_phone(PID,Phone) VALUES (340,3891134764);
INSERT INTO passenger_phone(PID,Phone) VALUES (771,8723054295);
INSERT INTO passenger_phone(PID,Phone) VALUES (78,5726986048);
INSERT INTO passenger_phone(PID,Phone) VALUES (881,0830456003);
INSERT INTO passenger_phone(PID,Phone) VALUES (787,9290069611);
INSERT INTO passenger_phone(PID,Phone) VALUES (136,7290719150);
INSERT INTO passenger_phone(PID,Phone) VALUES (44,3633346392);
INSERT INTO passenger_phone(PID,Phone) VALUES (494,8398743870);
INSERT INTO passenger_phone(PID,Phone) VALUES (99,6433994422);
INSERT INTO passenger_phone(PID,Phone) VALUES (185,0198950143);
INSERT INTO passenger_phone(PID,Phone) VALUES (432,9885307556);
INSERT INTO passenger_phone(PID,Phone) VALUES (594,5813215756);
INSERT INTO passenger_phone(PID,Phone) VALUES (852,8799768220);
INSERT INTO passenger_phone(PID,Phone) VALUES (95,4127683838);
INSERT INTO passenger_phone(PID,Phone) VALUES (12,0474856389);
INSERT INTO passenger_phone(PID,Phone) VALUES (985,2714027360);
INSERT INTO passenger_phone(PID,Phone) VALUES (62,7436775243);
INSERT INTO passenger_phone(PID,Phone) VALUES (74,9235115574);
INSERT INTO passenger_phone(PID,Phone) VALUES (726,9505547946);
INSERT INTO passenger_phone(PID,Phone) VALUES (928,6165944573);
INSERT INTO passenger_phone(PID,Phone) VALUES (797,7836201506);
INSERT INTO passenger_phone(PID,Phone) VALUES (489,0958631727);
INSERT INTO passenger_phone(PID,Phone) VALUES (330,1810691967);
INSERT INTO passenger_phone(PID,Phone) VALUES (699,6652222353);
INSERT INTO passenger_phone(PID,Phone) VALUES (771,7229460596);
INSERT INTO passenger_phone(PID,Phone) VALUES (418,1599845915);
INSERT INTO passenger_phone(PID,Phone) VALUES (143,1155054704);
INSERT INTO passenger_phone(PID,Phone) VALUES (829,5478996600);
INSERT INTO passenger_phone(PID,Phone) VALUES (711,4839464389);
INSERT INTO passenger_phone(PID,Phone) VALUES (727,7635374335);
INSERT INTO passenger_phone(PID,Phone) VALUES (810,5966353991);
INSERT INTO passenger_phone(PID,Phone) VALUES (383,9680896836);
INSERT INTO passenger_phone(PID,Phone) VALUES (733,7439879030);
INSERT INTO passenger_phone(PID,Phone) VALUES (170,1934534165);
INSERT INTO passenger_phone(PID,Phone) VALUES (520,0922796672);
INSERT INTO passenger_phone(PID,Phone) VALUES (258,8118861082);
INSERT INTO passenger_phone(PID,Phone) VALUES (767,9389453565);
INSERT INTO passenger_phone(PID,Phone) VALUES (208,6710092961);
INSERT INTO passenger_phone(PID,Phone) VALUES (648,0634627583);
INSERT INTO passenger_phone(PID,Phone) VALUES (134,3297865590);
INSERT INTO passenger_phone(PID,Phone) VALUES (553,6853871267);
INSERT INTO passenger_phone(PID,Phone) VALUES (62,9529447774);
INSERT INTO passenger_phone(PID,Phone) VALUES (139,6736051798);
INSERT INTO passenger_phone(PID,Phone) VALUES (450,8386584948);
INSERT INTO passenger_phone(PID,Phone) VALUES (852,8527322723);
INSERT INTO passenger_phone(PID,Phone) VALUES (853,0902905946);
INSERT INTO passenger_phone(PID,Phone) VALUES (16,5588098382);
INSERT INTO passenger_phone(PID,Phone) VALUES (458,1882258983);
INSERT INTO passenger_phone(PID,Phone) VALUES (493,9124276020);
INSERT INTO passenger_phone(PID,Phone) VALUES (371,6325878258);
INSERT INTO passenger_phone(PID,Phone) VALUES (860,2960225439);
INSERT INTO passenger_phone(PID,Phone) VALUES (927,1469120265);
INSERT INTO passenger_phone(PID,Phone) VALUES (798,2664401639);
INSERT INTO passenger_phone(PID,Phone) VALUES (358,3567309743);
INSERT INTO passenger_phone(PID,Phone) VALUES (612,8487196580);
INSERT INTO passenger_phone(PID,Phone) VALUES (750,7124193803);
INSERT INTO passenger_phone(PID,Phone) VALUES (707,3525865249);
INSERT INTO passenger_phone(PID,Phone) VALUES (516,8583147346);
INSERT INTO passenger_phone(PID,Phone) VALUES (313,0465137216);
INSERT INTO passenger_phone(PID,Phone) VALUES (886,8024857996);
INSERT INTO passenger_phone(PID,Phone) VALUES (703,6133962967);
INSERT INTO passenger_phone(PID,Phone) VALUES (832,2110056603);
INSERT INTO passenger_phone(PID,Phone) VALUES (801,0129657656);
INSERT INTO passenger_phone(PID,Phone) VALUES (55,4611085857);
INSERT INTO passenger_phone(PID,Phone) VALUES (965,4787835740);
INSERT INTO passenger_phone(PID,Phone) VALUES (272,5031136975);
INSERT INTO passenger_phone(PID,Phone) VALUES (158,9492192850);
INSERT INTO passenger_phone(PID,Phone) VALUES (218,3377657564);
INSERT INTO passenger_phone(PID,Phone) VALUES (192,3037839633);
INSERT INTO passenger_phone(PID,Phone) VALUES (225,5629047440);
INSERT INTO passenger_phone(PID,Phone) VALUES (463,8808178915);
INSERT INTO passenger_phone(PID,Phone) VALUES (582,4835945753);
INSERT INTO passenger_phone(PID,Phone) VALUES (83,1868873314);
INSERT INTO passenger_phone(PID,Phone) VALUES (367,0239244091);
INSERT INTO passenger_phone(PID,Phone) VALUES (905,5510277455);
INSERT INTO passenger_phone(PID,Phone) VALUES (19,8596202752);
INSERT INTO passenger_phone(PID,Phone) VALUES (359,8091179062);
INSERT INTO passenger_phone(PID,Phone) VALUES (235,6086257133);
INSERT INTO passenger_phone(PID,Phone) VALUES (112,7268825942);
INSERT INTO passenger_phone(PID,Phone) VALUES (926,4021433434);
INSERT INTO passenger_phone(PID,Phone) VALUES (522,1036902356);
INSERT INTO passenger_phone(PID,Phone) VALUES (530,4327173781);
INSERT INTO passenger_phone(PID,Phone) VALUES (747,0356260950);
INSERT INTO passenger_phone(PID,Phone) VALUES (615,7637018261);
INSERT INTO passenger_phone(PID,Phone) VALUES (631,6584366498);
INSERT INTO passenger_phone(PID,Phone) VALUES (2,9950846456);
INSERT INTO passenger_phone(PID,Phone) VALUES (760,2795455492);
INSERT INTO passenger_phone(PID,Phone) VALUES (760,8659298148);
INSERT INTO passenger_phone(PID,Phone) VALUES (908,5456796323);
INSERT INTO passenger_phone(PID,Phone) VALUES (762,5452272669);
INSERT INTO passenger_phone(PID,Phone) VALUES (991,1000409012);
INSERT INTO passenger_phone(PID,Phone) VALUES (407,5571687309);
INSERT INTO passenger_phone(PID,Phone) VALUES (995,7524825816);
INSERT INTO passenger_phone(PID,Phone) VALUES (891,8366555900);
INSERT INTO passenger_phone(PID,Phone) VALUES (859,1902470220);
INSERT INTO passenger_phone(PID,Phone) VALUES (682,8262014862);
INSERT INTO passenger_phone(PID,Phone) VALUES (312,9137699644);
INSERT INTO passenger_phone(PID,Phone) VALUES (476,5804840275);
INSERT INTO passenger_phone(PID,Phone) VALUES (257,9607486196);
INSERT INTO passenger_phone(PID,Phone) VALUES (993,7664047282);
INSERT INTO passenger_phone(PID,Phone) VALUES (43,0094406066);
INSERT INTO passenger_phone(PID,Phone) VALUES (94,4049284940);
INSERT INTO passenger_phone(PID,Phone) VALUES (997,5221773719);
INSERT INTO passenger_phone(PID,Phone) VALUES (156,2421294419);
INSERT INTO passenger_phone(PID,Phone) VALUES (910,3994155510);
INSERT INTO passenger_phone(PID,Phone) VALUES (408,3222258635);
INSERT INTO passenger_phone(PID,Phone) VALUES (381,0085348807);
INSERT INTO passenger_phone(PID,Phone) VALUES (248,9658106336);
INSERT INTO passenger_phone(PID,Phone) VALUES (533,0405212491);
INSERT INTO passenger_phone(PID,Phone) VALUES (678,0237117777);
INSERT INTO passenger_phone(PID,Phone) VALUES (98,5349375159);
INSERT INTO passenger_phone(PID,Phone) VALUES (894,3560214279);
INSERT INTO passenger_phone(PID,Phone) VALUES (744,3892431900);
INSERT INTO passenger_phone(PID,Phone) VALUES (815,3399642680);
INSERT INTO passenger_phone(PID,Phone) VALUES (168,3118416181);
INSERT INTO passenger_phone(PID,Phone) VALUES (708,7848011448);
INSERT INTO passenger_phone(PID,Phone) VALUES (210,8804077960);
INSERT INTO passenger_phone(PID,Phone) VALUES (47,3938182758);
INSERT INTO passenger_phone(PID,Phone) VALUES (798,9228689303);
INSERT INTO passenger_phone(PID,Phone) VALUES (688,2712253378);
INSERT INTO passenger_phone(PID,Phone) VALUES (4,5685209349);
INSERT INTO passenger_phone(PID,Phone) VALUES (352,9914184668);
INSERT INTO passenger_phone(PID,Phone) VALUES (305,9954001840);
INSERT INTO passenger_phone(PID,Phone) VALUES (91,8797042642);
INSERT INTO passenger_phone(PID,Phone) VALUES (118,6932789350);
INSERT INTO passenger_phone(PID,Phone) VALUES (266,2643828838);
INSERT INTO passenger_phone(PID,Phone) VALUES (60,7832043648);
INSERT INTO passenger_phone(PID,Phone) VALUES (420,0945678403);
INSERT INTO passenger_phone(PID,Phone) VALUES (961,8802683357);
INSERT INTO passenger_phone(PID,Phone) VALUES (787,4017936644);
INSERT INTO passenger_phone(PID,Phone) VALUES (584,0471212545);
INSERT INTO passenger_phone(PID,Phone) VALUES (495,1610792641);
INSERT INTO passenger_phone(PID,Phone) VALUES (328,1926447701);
INSERT INTO passenger_phone(PID,Phone) VALUES (172,6629314836);
INSERT INTO passenger_phone(PID,Phone) VALUES (542,2449463603);
INSERT INTO passenger_phone(PID,Phone) VALUES (670,5678681166);
INSERT INTO passenger_phone(PID,Phone) VALUES (29,2453493674);
INSERT INTO passenger_phone(PID,Phone) VALUES (674,2745546515);
INSERT INTO passenger_phone(PID,Phone) VALUES (232,1540858701);
INSERT INTO passenger_phone(PID,Phone) VALUES (213,3345302731);
INSERT INTO passenger_phone(PID,Phone) VALUES (535,3764132135);
INSERT INTO passenger_phone(PID,Phone) VALUES (521,4470321696);
INSERT INTO passenger_phone(PID,Phone) VALUES (714,5178504112);
INSERT INTO passenger_phone(PID,Phone) VALUES (877,6209809213);
INSERT INTO passenger_phone(PID,Phone) VALUES (77,0561263625);
INSERT INTO passenger_phone(PID,Phone) VALUES (613,6742241002);
INSERT INTO passenger_phone(PID,Phone) VALUES (440,7414696435);
INSERT INTO passenger_phone(PID,Phone) VALUES (649,6328700440);
INSERT INTO passenger_phone(PID,Phone) VALUES (319,0571397600);
INSERT INTO passenger_phone(PID,Phone) VALUES (515,8451592057);
INSERT INTO passenger_phone(PID,Phone) VALUES (986,2489206910);
INSERT INTO passenger_phone(PID,Phone) VALUES (966,0785429597);
INSERT INTO passenger_phone(PID,Phone) VALUES (940,9408094334);
INSERT INTO passenger_phone(PID,Phone) VALUES (992,9478192151);
INSERT INTO passenger_phone(PID,Phone) VALUES (683,1806894722);
INSERT INTO passenger_phone(PID,Phone) VALUES (4,6950212126);
INSERT INTO passenger_phone(PID,Phone) VALUES (418,5372124683);
INSERT INTO passenger_phone(PID,Phone) VALUES (201,0933110088);
INSERT INTO passenger_phone(PID,Phone) VALUES (539,6062565296);
INSERT INTO passenger_phone(PID,Phone) VALUES (206,5315298893);
INSERT INTO passenger_phone(PID,Phone) VALUES (410,5817699300);
INSERT INTO passenger_phone(PID,Phone) VALUES (275,3210569185);
INSERT INTO passenger_phone(PID,Phone) VALUES (9,3864785044);
INSERT INTO passenger_phone(PID,Phone) VALUES (953,2135893363);
INSERT INTO passenger_phone(PID,Phone) VALUES (186,3696095495);
INSERT INTO passenger_phone(PID,Phone) VALUES (360,8670271065);
INSERT INTO passenger_phone(PID,Phone) VALUES (888,9881048337);
INSERT INTO passenger_phone(PID,Phone) VALUES (354,4002850787);
INSERT INTO passenger_phone(PID,Phone) VALUES (439,7757280761);
INSERT INTO passenger_phone(PID,Phone) VALUES (302,6587631165);
INSERT INTO passenger_phone(PID,Phone) VALUES (116,5059448873);
INSERT INTO passenger_phone(PID,Phone) VALUES (971,0614194977);
INSERT INTO passenger_phone(PID,Phone) VALUES (729,9181444901);
INSERT INTO passenger_phone(PID,Phone) VALUES (58,6421238028);
INSERT INTO passenger_phone(PID,Phone) VALUES (175,9122386883);
INSERT INTO passenger_phone(PID,Phone) VALUES (373,4855826314);
INSERT INTO passenger_phone(PID,Phone) VALUES (933,8743608534);
INSERT INTO passenger_phone(PID,Phone) VALUES (261,0530418617);
INSERT INTO passenger_phone(PID,Phone) VALUES (396,7704287185);
INSERT INTO passenger_phone(PID,Phone) VALUES (34,7808011473);
INSERT INTO passenger_phone(PID,Phone) VALUES (985,5891189083);
INSERT INTO passenger_phone(PID,Phone) VALUES (496,7899293754);
INSERT INTO passenger_phone(PID,Phone) VALUES (402,0146367025);
INSERT INTO passenger_phone(PID,Phone) VALUES (43,9402140472);
INSERT INTO passenger_phone(PID,Phone) VALUES (809,1948631557);
INSERT INTO passenger_phone(PID,Phone) VALUES (654,3419342469);
INSERT INTO passenger_phone(PID,Phone) VALUES (822,8684410156);
INSERT INTO passenger_phone(PID,Phone) VALUES (661,7905898218);
INSERT INTO passenger_phone(PID,Phone) VALUES (131,2785973551);
INSERT INTO passenger_phone(PID,Phone) VALUES (115,0529202592);
INSERT INTO passenger_phone(PID,Phone) VALUES (290,1365096831);
INSERT INTO passenger_phone(PID,Phone) VALUES (857,6510457568);
INSERT INTO passenger_phone(PID,Phone) VALUES (448,3844328509);
INSERT INTO passenger_phone(PID,Phone) VALUES (466,1116056317);
INSERT INTO passenger_phone(PID,Phone) VALUES (752,3960478904);
INSERT INTO passenger_phone(PID,Phone) VALUES (802,5269231254);
INSERT INTO passenger_phone(PID,Phone) VALUES (451,8284536632);
INSERT INTO passenger_phone(PID,Phone) VALUES (266,0668831513);
INSERT INTO passenger_phone(PID,Phone) VALUES (771,4620896991);
INSERT INTO passenger_phone(PID,Phone) VALUES (777,0109172455);
INSERT INTO passenger_phone(PID,Phone) VALUES (399,0659889417);
INSERT INTO passenger_phone(PID,Phone) VALUES (471,6681612215);
INSERT INTO passenger_phone(PID,Phone) VALUES (867,2735667754);
INSERT INTO passenger_phone(PID,Phone) VALUES (5,5082493962);
INSERT INTO passenger_phone(PID,Phone) VALUES (875,5606074425);
INSERT INTO passenger_phone(PID,Phone) VALUES (707,0238991585);
INSERT INTO passenger_phone(PID,Phone) VALUES (711,0202353078);
INSERT INTO passenger_phone(PID,Phone) VALUES (811,1002373106);
INSERT INTO passenger_phone(PID,Phone) VALUES (50,5026566823);
INSERT INTO passenger_phone(PID,Phone) VALUES (973,2065554611);
INSERT INTO passenger_phone(PID,Phone) VALUES (515,1937594323);
INSERT INTO passenger_phone(PID,Phone) VALUES (272,3330981633);
INSERT INTO passenger_phone(PID,Phone) VALUES (580,2972180902);
INSERT INTO passenger_phone(PID,Phone) VALUES (932,5601718340);
INSERT INTO passenger_phone(PID,Phone) VALUES (189,3004946421);
INSERT INTO passenger_phone(PID,Phone) VALUES (658,3587026633);
INSERT INTO passenger_phone(PID,Phone) VALUES (962,5240355941);
INSERT INTO passenger_phone(PID,Phone) VALUES (224,9048300310);
INSERT INTO passenger_phone(PID,Phone) VALUES (856,9715367806);
INSERT INTO passenger_phone(PID,Phone) VALUES (677,9546259285);
INSERT INTO passenger_phone(PID,Phone) VALUES (179,6611283895);
INSERT INTO passenger_phone(PID,Phone) VALUES (844,4280033858);
INSERT INTO passenger_phone(PID,Phone) VALUES (190,0258675560);
INSERT INTO passenger_phone(PID,Phone) VALUES (784,9468057677);
INSERT INTO passenger_phone(PID,Phone) VALUES (941,0140269647);
INSERT INTO passenger_phone(PID,Phone) VALUES (180,2573771517);
INSERT INTO passenger_phone(PID,Phone) VALUES (96,3972370237);
INSERT INTO passenger_phone(PID,Phone) VALUES (437,8705689243);
INSERT INTO passenger_phone(PID,Phone) VALUES (373,1147587112);
INSERT INTO passenger_phone(PID,Phone) VALUES (551,3761091209);
INSERT INTO passenger_phone(PID,Phone) VALUES (608,1409441045);
INSERT INTO passenger_phone(PID,Phone) VALUES (420,9434290311);
INSERT INTO passenger_phone(PID,Phone) VALUES (687,9175847726);
INSERT INTO passenger_phone(PID,Phone) VALUES (806,1249626401);
INSERT INTO passenger_phone(PID,Phone) VALUES (909,1599365841);
INSERT INTO passenger_phone(PID,Phone) VALUES (478,6812962220);
INSERT INTO passenger_phone(PID,Phone) VALUES (773,3908803012);
INSERT INTO passenger_phone(PID,Phone) VALUES (853,5505727340);
INSERT INTO passenger_phone(PID,Phone) VALUES (540,1239183506);
INSERT INTO passenger_phone(PID,Phone) VALUES (933,2214235389);
INSERT INTO passenger_phone(PID,Phone) VALUES (28,6534094720);
INSERT INTO passenger_phone(PID,Phone) VALUES (175,5198422891);
INSERT INTO passenger_phone(PID,Phone) VALUES (366,3754012100);
INSERT INTO passenger_phone(PID,Phone) VALUES (2,6482433400);
INSERT INTO passenger_phone(PID,Phone) VALUES (641,3984125972);
INSERT INTO passenger_phone(PID,Phone) VALUES (791,3291768856);
INSERT INTO passenger_phone(PID,Phone) VALUES (788,9746876375);
INSERT INTO passenger_phone(PID,Phone) VALUES (17,9627738308);
INSERT INTO passenger_phone(PID,Phone) VALUES (3,2221346164);
INSERT INTO passenger_phone(PID,Phone) VALUES (593,6973505456);
INSERT INTO passenger_phone(PID,Phone) VALUES (325,0080789955);
INSERT INTO passenger_phone(PID,Phone) VALUES (332,4789510415);
INSERT INTO passenger_phone(PID,Phone) VALUES (539,0109437140);
INSERT INTO passenger_phone(PID,Phone) VALUES (273,6335485997);
INSERT INTO passenger_phone(PID,Phone) VALUES (787,9476016034);
INSERT INTO passenger_phone(PID,Phone) VALUES (107,0288058229);
INSERT INTO passenger_phone(PID,Phone) VALUES (501,0042126224);
INSERT INTO passenger_phone(PID,Phone) VALUES (948,9539273135);
INSERT INTO passenger_phone(PID,Phone) VALUES (65,7928698631);
INSERT INTO passenger_phone(PID,Phone) VALUES (429,0355623068);
INSERT INTO passenger_phone(PID,Phone) VALUES (89,2604322415);
INSERT INTO passenger_phone(PID,Phone) VALUES (561,1234541686);
INSERT INTO passenger_phone(PID,Phone) VALUES (267,3779320868);
INSERT INTO passenger_phone(PID,Phone) VALUES (376,6249137392);
INSERT INTO passenger_phone(PID,Phone) VALUES (675,6394353347);
INSERT INTO passenger_phone(PID,Phone) VALUES (755,0622017389);
INSERT INTO passenger_phone(PID,Phone) VALUES (589,0482233513);
INSERT INTO passenger_phone(PID,Phone) VALUES (258,5715743362);
INSERT INTO passenger_phone(PID,Phone) VALUES (837,6498411456);
INSERT INTO passenger_phone(PID,Phone) VALUES (647,8665554781);
INSERT INTO passenger_phone(PID,Phone) VALUES (13,0198062470);
INSERT INTO passenger_phone(PID,Phone) VALUES (179,5646090323);
INSERT INTO passenger_phone(PID,Phone) VALUES (722,8235022455);
INSERT INTO passenger_phone(PID,Phone) VALUES (822,1359823038);
INSERT INTO passenger_phone(PID,Phone) VALUES (892,8720806253);
INSERT INTO passenger_phone(PID,Phone) VALUES (7,3082705820);
INSERT INTO passenger_phone(PID,Phone) VALUES (778,3050990670);
INSERT INTO passenger_phone(PID,Phone) VALUES (771,8295840302);
INSERT INTO passenger_phone(PID,Phone) VALUES (455,0716277550);
INSERT INTO passenger_phone(PID,Phone) VALUES (410,2339685741);
INSERT INTO passenger_phone(PID,Phone) VALUES (516,6216991246);
INSERT INTO passenger_phone(PID,Phone) VALUES (636,8250079309);
INSERT INTO passenger_phone(PID,Phone) VALUES (25,3985712223);
INSERT INTO passenger_phone(PID,Phone) VALUES (99,6862127606);
INSERT INTO passenger_phone(PID,Phone) VALUES (600,0782728647);
INSERT INTO passenger_phone(PID,Phone) VALUES (570,3088491253);
INSERT INTO passenger_phone(PID,Phone) VALUES (530,8209386178);
INSERT INTO passenger_phone(PID,Phone) VALUES (875,2170016768);
INSERT INTO passenger_phone(PID,Phone) VALUES (9,6637833393);
INSERT INTO passenger_phone(PID,Phone) VALUES (197,8457658846);
INSERT INTO passenger_phone(PID,Phone) VALUES (785,5986475811);
INSERT INTO passenger_phone(PID,Phone) VALUES (18,1544600772);
INSERT INTO passenger_phone(PID,Phone) VALUES (212,3662746291);
INSERT INTO passenger_phone(PID,Phone) VALUES (195,5499447941);
INSERT INTO passenger_phone(PID,Phone) VALUES (951,5626658932);
INSERT INTO passenger_phone(PID,Phone) VALUES (678,5876176150);
INSERT INTO passenger_phone(PID,Phone) VALUES (17,4307644506);
INSERT INTO passenger_phone(PID,Phone) VALUES (429,1404921368);
INSERT INTO passenger_phone(PID,Phone) VALUES (790,3953276876);
INSERT INTO passenger_phone(PID,Phone) VALUES (264,8991494263);
INSERT INTO passenger_phone(PID,Phone) VALUES (187,9647429597);
INSERT INTO passenger_phone(PID,Phone) VALUES (739,7997146657);
INSERT INTO passenger_phone(PID,Phone) VALUES (408,4486207518);
INSERT INTO passenger_phone(PID,Phone) VALUES (387,0468258270);
INSERT INTO passenger_phone(PID,Phone) VALUES (2,1246035214);
INSERT INTO passenger_phone(PID,Phone) VALUES (156,3823989986);
INSERT INTO passenger_phone(PID,Phone) VALUES (57,3849652626);
INSERT INTO passenger_phone(PID,Phone) VALUES (654,1821841006);
INSERT INTO passenger_phone(PID,Phone) VALUES (235,7098136312);
INSERT INTO passenger_phone(PID,Phone) VALUES (683,7359911333);
INSERT INTO passenger_phone(PID,Phone) VALUES (205,8537917928);
INSERT INTO passenger_phone(PID,Phone) VALUES (445,9085615479);
INSERT INTO passenger_phone(PID,Phone) VALUES (243,1663935676);
INSERT INTO passenger_phone(PID,Phone) VALUES (74,7847870230);
INSERT INTO passenger_phone(PID,Phone) VALUES (792,6809425440);
INSERT INTO passenger_phone(PID,Phone) VALUES (558,3628980221);
INSERT INTO passenger_phone(PID,Phone) VALUES (694,7968270048);
INSERT INTO passenger_phone(PID,Phone) VALUES (872,0866250629);
INSERT INTO passenger_phone(PID,Phone) VALUES (718,0487477163);
INSERT INTO passenger_phone(PID,Phone) VALUES (797,2939898381);
INSERT INTO passenger_phone(PID,Phone) VALUES (111,6200005981);
INSERT INTO passenger_phone(PID,Phone) VALUES (130,4252407645);
INSERT INTO passenger_phone(PID,Phone) VALUES (928,3458852849);
INSERT INTO passenger_phone(PID,Phone) VALUES (614,7803361419);
INSERT INTO passenger_phone(PID,Phone) VALUES (204,8990876742);
INSERT INTO passenger_phone(PID,Phone) VALUES (982,6585846831);
INSERT INTO passenger_phone(PID,Phone) VALUES (1,7439991219);
INSERT INTO passenger_phone(PID,Phone) VALUES (419,3873325545);
INSERT INTO passenger_phone(PID,Phone) VALUES (946,2646514176);
INSERT INTO passenger_phone(PID,Phone) VALUES (617,7502747332);
INSERT INTO passenger_phone(PID,Phone) VALUES (77,3586361857);
INSERT INTO passenger_phone(PID,Phone) VALUES (44,9377385580);
INSERT INTO passenger_phone(PID,Phone) VALUES (838,1548363409);
INSERT INTO passenger_phone(PID,Phone) VALUES (163,7190831554);
INSERT INTO passenger_phone(PID,Phone) VALUES (493,1373590671);
INSERT INTO passenger_phone(PID,Phone) VALUES (161,5919365270);
INSERT INTO passenger_phone(PID,Phone) VALUES (119,6657329658);
INSERT INTO passenger_phone(PID,Phone) VALUES (370,3651921006);
INSERT INTO passenger_phone(PID,Phone) VALUES (590,8789321782);
INSERT INTO passenger_phone(PID,Phone) VALUES (656,4961468925);
INSERT INTO passenger_phone(PID,Phone) VALUES (133,0795972069);
INSERT INTO passenger_phone(PID,Phone) VALUES (619,4592623264);
INSERT INTO passenger_phone(PID,Phone) VALUES (561,4219953460);
INSERT INTO passenger_phone(PID,Phone) VALUES (723,8948377049);
INSERT INTO passenger_phone(PID,Phone) VALUES (439,9930098009);
INSERT INTO passenger_phone(PID,Phone) VALUES (904,3365238096);
INSERT INTO passenger_phone(PID,Phone) VALUES (317,2314170881);
INSERT INTO passenger_phone(PID,Phone) VALUES (8,4499182765);
INSERT INTO passenger_phone(PID,Phone) VALUES (577,1009919859);
INSERT INTO passenger_phone(PID,Phone) VALUES (623,9487750040);
INSERT INTO passenger_phone(PID,Phone) VALUES (828,0009361868);
INSERT INTO passenger_phone(PID,Phone) VALUES (669,9666076929);
INSERT INTO passenger_phone(PID,Phone) VALUES (415,5379724455);
INSERT INTO passenger_phone(PID,Phone) VALUES (287,8875112708);
INSERT INTO passenger_phone(PID,Phone) VALUES (368,0075256247);
INSERT INTO passenger_phone(PID,Phone) VALUES (214,9519279757);
INSERT INTO passenger_phone(PID,Phone) VALUES (726,4756034822);
INSERT INTO passenger_phone(PID,Phone) VALUES (487,9440628843);
INSERT INTO passenger_phone(PID,Phone) VALUES (261,6342991755);
INSERT INTO passenger_phone(PID,Phone) VALUES (891,7509153930);
INSERT INTO passenger_phone(PID,Phone) VALUES (195,5783955947);
INSERT INTO passenger_phone(PID,Phone) VALUES (461,1483903002);
INSERT INTO passenger_phone(PID,Phone) VALUES (244,3625483855);
INSERT INTO passenger_phone(PID,Phone) VALUES (474,5516260007);
INSERT INTO passenger_phone(PID,Phone) VALUES (532,7612045888);
INSERT INTO passenger_phone(PID,Phone) VALUES (83,9028034990);
INSERT INTO passenger_phone(PID,Phone) VALUES (957,3363271719);
INSERT INTO passenger_phone(PID,Phone) VALUES (816,6430772475);
INSERT INTO passenger_phone(PID,Phone) VALUES (812,6880914196);
INSERT INTO passenger_phone(PID,Phone) VALUES (557,0674710093);
INSERT INTO passenger_phone(PID,Phone) VALUES (827,2524833709);
INSERT INTO passenger_phone(PID,Phone) VALUES (597,4405736782);
INSERT INTO passenger_phone(PID,Phone) VALUES (778,3682940050);
INSERT INTO passenger_phone(PID,Phone) VALUES (765,1252860412);
INSERT INTO passenger_phone(PID,Phone) VALUES (238,3645062791);
INSERT INTO passenger_phone(PID,Phone) VALUES (985,4171260284);
INSERT INTO passenger_phone(PID,Phone) VALUES (258,8621229307);
INSERT INTO passenger_phone(PID,Phone) VALUES (893,8454331704);
INSERT INTO passenger_phone(PID,Phone) VALUES (148,6175484523);
INSERT INTO passenger_phone(PID,Phone) VALUES (655,4062566291);
INSERT INTO passenger_phone(PID,Phone) VALUES (13,6492388857);
INSERT INTO passenger_phone(PID,Phone) VALUES (44,1648600322);
INSERT INTO passenger_phone(PID,Phone) VALUES (234,0229101157);
INSERT INTO passenger_phone(PID,Phone) VALUES (934,2549349856);
INSERT INTO passenger_phone(PID,Phone) VALUES (110,2639638344);
INSERT INTO passenger_phone(PID,Phone) VALUES (800,1038209122);
INSERT INTO passenger_phone(PID,Phone) VALUES (422,4737118470);
INSERT INTO passenger_phone(PID,Phone) VALUES (696,4302399388);
INSERT INTO passenger_phone(PID,Phone) VALUES (661,6866215622);
INSERT INTO passenger_phone(PID,Phone) VALUES (784,7549424999);
INSERT INTO passenger_phone(PID,Phone) VALUES (991,6358366132);
INSERT INTO passenger_phone(PID,Phone) VALUES (535,0220024664);
INSERT INTO passenger_phone(PID,Phone) VALUES (797,5235287847);
INSERT INTO passenger_phone(PID,Phone) VALUES (454,4026598383);
INSERT INTO passenger_phone(PID,Phone) VALUES (800,0932699858);
INSERT INTO passenger_phone(PID,Phone) VALUES (607,2725464880);
INSERT INTO passenger_phone(PID,Phone) VALUES (972,4517651824);
INSERT INTO passenger_phone(PID,Phone) VALUES (842,2685254811);
INSERT INTO passenger_phone(PID,Phone) VALUES (868,5156367937);
INSERT INTO passenger_phone(PID,Phone) VALUES (758,3222658240);
INSERT INTO passenger_phone(PID,Phone) VALUES (693,7531070908);
INSERT INTO passenger_phone(PID,Phone) VALUES (226,9930732763);
INSERT INTO passenger_phone(PID,Phone) VALUES (691,0165344730);
INSERT INTO passenger_phone(PID,Phone) VALUES (102,8827305250);
INSERT INTO passenger_phone(PID,Phone) VALUES (13,9993315253);
INSERT INTO passenger_phone(PID,Phone) VALUES (452,1408085140);
INSERT INTO passenger_phone(PID,Phone) VALUES (211,2903978772);
INSERT INTO passenger_phone(PID,Phone) VALUES (781,2410474820);
INSERT INTO passenger_phone(PID,Phone) VALUES (825,0892033875);
INSERT INTO passenger_phone(PID,Phone) VALUES (377,5602770720);
INSERT INTO passenger_phone(PID,Phone) VALUES (102,0746636119);
INSERT INTO passenger_phone(PID,Phone) VALUES (431,3172421823);
INSERT INTO passenger_phone(PID,Phone) VALUES (433,7731906334);
INSERT INTO passenger_phone(PID,Phone) VALUES (695,9855357658);
INSERT INTO passenger_phone(PID,Phone) VALUES (43,4130456919);
INSERT INTO passenger_phone(PID,Phone) VALUES (604,3547580924);
INSERT INTO passenger_phone(PID,Phone) VALUES (506,7131905776);
INSERT INTO passenger_phone(PID,Phone) VALUES (477,6290639432);
INSERT INTO passenger_phone(PID,Phone) VALUES (852,7874459366);
INSERT INTO passenger_phone(PID,Phone) VALUES (262,2017542665);
INSERT INTO passenger_phone(PID,Phone) VALUES (920,4148767974);
INSERT INTO passenger_phone(PID,Phone) VALUES (574,3897987859);
INSERT INTO passenger_phone(PID,Phone) VALUES (169,1425548481);
INSERT INTO passenger_phone(PID,Phone) VALUES (622,7339075120);
INSERT INTO passenger_phone(PID,Phone) VALUES (657,7191129315);
INSERT INTO passenger_phone(PID,Phone) VALUES (856,3073612427);
INSERT INTO passenger_phone(PID,Phone) VALUES (720,5743160656);
INSERT INTO passenger_phone(PID,Phone) VALUES (427,3197186484);
INSERT INTO passenger_phone(PID,Phone) VALUES (409,3162729496);
INSERT INTO passenger_phone(PID,Phone) VALUES (567,2240104628);
INSERT INTO passenger_phone(PID,Phone) VALUES (969,4215045046);
INSERT INTO passenger_phone(PID,Phone) VALUES (662,5173286483);
INSERT INTO passenger_phone(PID,Phone) VALUES (584,7265730772);
INSERT INTO passenger_phone(PID,Phone) VALUES (476,9341071882);
INSERT INTO passenger_phone(PID,Phone) VALUES (95,3882137680);
INSERT INTO passenger_phone(PID,Phone) VALUES (646,6009581246);
INSERT INTO passenger_phone(PID,Phone) VALUES (624,9376119598);
INSERT INTO passenger_phone(PID,Phone) VALUES (59,8428511916);
INSERT INTO passenger_phone(PID,Phone) VALUES (990,8936931481);
INSERT INTO passenger_phone(PID,Phone) VALUES (606,4819494637);
INSERT INTO passenger_phone(PID,Phone) VALUES (160,1654927670);
INSERT INTO passenger_phone(PID,Phone) VALUES (438,7251509356);
INSERT INTO passenger_phone(PID,Phone) VALUES (318,3603261882);
INSERT INTO passenger_phone(PID,Phone) VALUES (432,3715406963);
INSERT INTO passenger_phone(PID,Phone) VALUES (710,9861366340);
INSERT INTO passenger_phone(PID,Phone) VALUES (452,0015892660);
INSERT INTO passenger_phone(PID,Phone) VALUES (347,2183689757);
INSERT INTO passenger_phone(PID,Phone) VALUES (857,1701355042);
INSERT INTO passenger_phone(PID,Phone) VALUES (957,0670437081);
INSERT INTO passenger_phone(PID,Phone) VALUES (936,2412518197);
INSERT INTO passenger_phone(PID,Phone) VALUES (609,0305954949);
INSERT INTO passenger_phone(PID,Phone) VALUES (318,9768131516);
INSERT INTO passenger_phone(PID,Phone) VALUES (806,6081323388);
INSERT INTO passenger_phone(PID,Phone) VALUES (385,3142394732);

INSERT INTO Route(RName) VALUES ('SHJ-VIE');
INSERT INTO Route(RName) VALUES ('SHJ-KJK');
INSERT INTO Route(RName) VALUES ('SHJ-TFU');
INSERT INTO Route(RName) VALUES ('SHJ-CXI');
INSERT INTO Route(RName) VALUES ('SHJ-NEV');
INSERT INTO Route(RName) VALUES ('SHJ-BKO');
INSERT INTO Route(RName) VALUES ('SHJ-PPT');
INSERT INTO Route(RName) VALUES ('SHJ-PZU');
INSERT INTO Route(RName) VALUES ('SHJ-NBE');
INSERT INTO Route(RName) VALUES ('DWC-HEA');
INSERT INTO Route(RName) VALUES ('DWC-BDA');
INSERT INTO Route(RName) VALUES ('DWC-BVB');
INSERT INTO Route(RName) VALUES ('DWC-SYQ');
INSERT INTO Route(RName) VALUES ('DWC-RAI');
INSERT INTO Route(RName) VALUES ('DWC-QUO');
INSERT INTO Route(RName) VALUES ('DWC-MGQ');
INSERT INTO Route(RName) VALUES ('DWC-TPE');
INSERT INTO Route(RName) VALUES ('DWC-ZNZ');
INSERT INTO Route(RName) VALUES ('DWC-PDU');
INSERT INTO Route(RName) VALUES ('KBL-ANU');
INSERT INTO Route(RName) VALUES ('KBL-BGI');
INSERT INTO Route(RName) VALUES ('KBL-BWN');
INSERT INTO Route(RName) VALUES ('KBL-TSN');
INSERT INTO Route(RName) VALUES ('KBL-RAI');
INSERT INTO Route(RName) VALUES ('KBL-ACC');
INSERT INTO Route(RName) VALUES ('KBL-MSU');
INSERT INTO Route(RName) VALUES ('KBL-RIX');
INSERT INTO Route(RName) VALUES ('KBL-CBQ');
INSERT INTO Route(RName) VALUES ('KBL-KTM');
INSERT INTO Route(RName) VALUES ('KBL-INU');
INSERT INTO Route(RName) VALUES ('KBL-ARW');
INSERT INTO Route(RName) VALUES ('KBL-PZU');
INSERT INTO Route(RName) VALUES ('KBL-ASB');
INSERT INTO Route(RName) VALUES ('KBL-NBE');
INSERT INTO Route(RName) VALUES ('KBL-ACY');
INSERT INTO Route(RName) VALUES ('KBL-HPH');
INSERT INTO Route(RName) VALUES ('HEA-BDA');
INSERT INTO Route(RName) VALUES ('HEA-GOU');
INSERT INTO Route(RName) VALUES ('HEA-TSN');
INSERT INTO Route(RName) VALUES ('HEA-NIC');
INSERT INTO Route(RName) VALUES ('HEA-MFM');
INSERT INTO Route(RName) VALUES ('HEA-WOS');
INSERT INTO Route(RName) VALUES ('HEA-BLZ');
INSERT INTO Route(RName) VALUES ('HEA-CRK');
INSERT INTO Route(RName) VALUES ('HEA-IEV');
INSERT INTO Route(RName) VALUES ('HEA-LUN');
INSERT INTO Route(RName) VALUES ('KDH-AUA');
INSERT INTO Route(RName) VALUES ('KDH-ZYL');
INSERT INTO Route(RName) VALUES ('KDH-BVB');
INSERT INTO Route(RName) VALUES ('KDH-PKX');
INSERT INTO Route(RName) VALUES ('KDH-EBL');
INSERT INTO Route(RName) VALUES ('KDH-KIH');
INSERT INTO Route(RName) VALUES ('KDH-PKZ');
INSERT INTO Route(RName) VALUES ('KDH-ASR');
INSERT INTO Route(RName) VALUES ('KDH-KHH');
INSERT INTO Route(RName) VALUES ('KDH-UKS');
INSERT INTO Route(RName) VALUES ('KDH-TAI');
INSERT INTO Route(RName) VALUES ('ANU-EVN');
INSERT INTO Route(RName) VALUES ('ANU-OCJ');
INSERT INTO Route(RName) VALUES ('ANU-PEN');
INSERT INTO Route(RName) VALUES ('ANU-PZU');
INSERT INTO Route(RName) VALUES ('ANU-IEV');
INSERT INTO Route(RName) VALUES ('AXA-VIE');
INSERT INTO Route(RName) VALUES ('AXA-LLK');
INSERT INTO Route(RName) VALUES ('AXA-BGW');
INSERT INTO Route(RName) VALUES ('AXA-MBA');
INSERT INTO Route(RName) VALUES ('AXA-SLP');
INSERT INTO Route(RName) VALUES ('AXA-CEB');
INSERT INTO Route(RName) VALUES ('AXA-DSS');
INSERT INTO Route(RName) VALUES ('AXA-MGQ');
INSERT INTO Route(RName) VALUES ('AXA-HRE');
INSERT INTO Route(RName) VALUES ('EVN-IQQ');
INSERT INTO Route(RName) VALUES ('EVN-CUE');
INSERT INTO Route(RName) VALUES ('EVN-PKZ');
INSERT INTO Route(RName) VALUES ('EVN-PPT');
INSERT INTO Route(RName) VALUES ('EVN-UTP');
INSERT INTO Route(RName) VALUES ('EVN-SFA');
INSERT INTO Route(RName) VALUES ('EVN-UGC');
INSERT INTO Route(RName) VALUES ('PPG-BWN');
INSERT INTO Route(RName) VALUES ('PPG-BON');
INSERT INTO Route(RName) VALUES ('PPG-AJY');
INSERT INTO Route(RName) VALUES ('PPG-LAO');
INSERT INTO Route(RName) VALUES ('PPG-GFK');
INSERT INTO Route(RName) VALUES ('PPG-DZO');
INSERT INTO Route(RName) VALUES ('PPG-PDU');
INSERT INTO Route(RName) VALUES ('PPG-VII');
INSERT INTO Route(RName) VALUES ('VIE-CWB');
INSERT INTO Route(RName) VALUES ('VIE-TFU');
INSERT INTO Route(RName) VALUES ('VIE-SYQ');
INSERT INTO Route(RName) VALUES ('VIE-ILR');
INSERT INTO Route(RName) VALUES ('VIE-VAV');
INSERT INTO Route(RName) VALUES ('VIE-TPE');
INSERT INTO Route(RName) VALUES ('VIE-JRO');
INSERT INTO Route(RName) VALUES ('VIE-DAD');
INSERT INTO Route(RName) VALUES ('AUA-BDA');
INSERT INTO Route(RName) VALUES ('AUA-TCP');
INSERT INTO Route(RName) VALUES ('AUA-NMF');
INSERT INTO Route(RName) VALUES ('AUA-INU');
INSERT INTO Route(RName) VALUES ('AUA-IUE');
INSERT INTO Route(RName) VALUES ('AUA-CEB');
INSERT INTO Route(RName) VALUES ('AUA-DOH');
INSERT INTO Route(RName) VALUES ('AUA-GZT');
INSERT INTO Route(RName) VALUES ('LLK-GOU');
INSERT INTO Route(RName) VALUES ('LLK-UIO');
INSERT INTO Route(RName) VALUES ('LLK-KSA');
INSERT INTO Route(RName) VALUES ('LLK-OSM');
INSERT INTO Route(RName) VALUES ('LLK-NBO');
INSERT INTO Route(RName) VALUES ('LLK-PHC');
INSERT INTO Route(RName) VALUES ('GYD-TGU');
INSERT INTO Route(RName) VALUES ('GYD-SKO');
INSERT INTO Route(RName) VALUES ('GYD-DAD');
INSERT INTO Route(RName) VALUES ('KVD-NGB');
INSERT INTO Route(RName) VALUES ('KVD-PFO');
INSERT INTO Route(RName) VALUES ('KVD-LBV');
INSERT INTO Route(RName) VALUES ('KVD-CGK');
INSERT INTO Route(RName) VALUES ('KVD-JOG');
INSERT INTO Route(RName) VALUES ('KVD-ROP');
INSERT INTO Route(RName) VALUES ('KVD-CHC');
INSERT INTO Route(RName) VALUES ('KVD-KLO');
INSERT INTO Route(RName) VALUES ('KVD-IAS');
INSERT INTO Route(RName) VALUES ('KVD-SBZ');
INSERT INTO Route(RName) VALUES ('KVD-CCS');
INSERT INTO Route(RName) VALUES ('KVD-DZA');
INSERT INTO Route(RName) VALUES ('NAJ-PKX');
INSERT INTO Route(RName) VALUES ('NAJ-UVF');
INSERT INTO Route(RName) VALUES ('NAJ-DOH');
INSERT INTO Route(RName) VALUES ('NAJ-HUI');
INSERT INTO Route(RName) VALUES ('NAJ-DAD');
INSERT INTO Route(RName) VALUES ('BNX-CGP');
INSERT INTO Route(RName) VALUES ('BNX-CBB');
INSERT INTO Route(RName) VALUES ('BNX-GOU');
INSERT INTO Route(RName) VALUES ('BNX-CGK');
INSERT INTO Route(RName) VALUES ('BNX-ABD');
INSERT INTO Route(RName) VALUES ('BNX-DGP');
INSERT INTO Route(RName) VALUES ('BNX-SLP');
INSERT INTO Route(RName) VALUES ('BNX-CBQ');
INSERT INTO Route(RName) VALUES ('BNX-KAN');
INSERT INTO Route(RName) VALUES ('BNX-INU');
INSERT INTO Route(RName) VALUES ('BNX-TGM');
INSERT INTO Route(RName) VALUES ('BNX-CLJ');
INSERT INTO Route(RName) VALUES ('BNX-TPE');
INSERT INTO Route(RName) VALUES ('BNX-SKD');
INSERT INTO Route(RName) VALUES ('BNX-LUN');
INSERT INTO Route(RName) VALUES ('BGI-CGP');
INSERT INTO Route(RName) VALUES ('BGI-BVB');
INSERT INTO Route(RName) VALUES ('BGI-NGB');
INSERT INTO Route(RName) VALUES ('BGI-NBO');
INSERT INTO Route(RName) VALUES ('BGI-SKB');
INSERT INTO Route(RName) VALUES ('BGI-VTE');
INSERT INTO Route(RName) VALUES ('BGI-CBQ');
INSERT INTO Route(RName) VALUES ('BGI-SJU');
INSERT INTO Route(RName) VALUES ('BGI-SBZ');
INSERT INTO Route(RName) VALUES ('BGI-SXM');
INSERT INTO Route(RName) VALUES ('BGI-UTH');
INSERT INTO Route(RName) VALUES ('BGI-POS');
INSERT INTO Route(RName) VALUES ('ZYL-FPO');
INSERT INTO Route(RName) VALUES ('ZYL-STI');
INSERT INTO Route(RName) VALUES ('ZYL-ROP');
INSERT INTO Route(RName) VALUES ('ZYL-SKO');
INSERT INTO Route(RName) VALUES ('ZYL-AQP');
INSERT INTO Route(RName) VALUES ('ZYL-CNX');
INSERT INTO Route(RName) VALUES ('ZYL-DYU');
INSERT INTO Route(RName) VALUES ('ZYL-GAE');
INSERT INTO Route(RName) VALUES ('ZYL-SVZ');
INSERT INTO Route(RName) VALUES ('CGP-NGB');
INSERT INTO Route(RName) VALUES ('CGP-CMW');
INSERT INTO Route(RName) VALUES ('CGP-UIO');
INSERT INTO Route(RName) VALUES ('CGP-AMM');
INSERT INTO Route(RName) VALUES ('CGP-TPQ');
INSERT INTO Route(RName) VALUES ('CGP-CEB');
INSERT INTO Route(RName) VALUES ('CGP-UGC');
INSERT INTO Route(RName) VALUES ('CGP-CCS');
INSERT INTO Route(RName) VALUES ('CGP-VII');
INSERT INTO Route(RName) VALUES ('DAC-CBB');
INSERT INTO Route(RName) VALUES ('DAC-RAI');
INSERT INTO Route(RName) VALUES ('DAC-LRR');
INSERT INTO Route(RName) VALUES ('DAC-UVF');
INSERT INTO Route(RName) VALUES ('DAC-SKO');
INSERT INTO Route(RName) VALUES ('DAC-KAN');
INSERT INTO Route(RName) VALUES ('DAC-DJE');
INSERT INTO Route(RName) VALUES ('DAC-TAI');
INSERT INTO Route(RName) VALUES ('KJK-BVB');
INSERT INTO Route(RName) VALUES ('KJK-ADD');
INSERT INTO Route(RName) VALUES ('KJK-AMM');
INSERT INTO Route(RName) VALUES ('KJK-CXI');
INSERT INTO Route(RName) VALUES ('KJK-ULN');
INSERT INTO Route(RName) VALUES ('KJK-NIM');
INSERT INTO Route(RName) VALUES ('KJK-TGM');
INSERT INTO Route(RName) VALUES ('KJK-KSC');
INSERT INTO Route(RName) VALUES ('KJK-TUN');
INSERT INTO Route(RName) VALUES ('KJK-MLZ');
INSERT INTO Route(RName) VALUES ('KJK-SKD');
INSERT INTO Route(RName) VALUES ('ANR-IQQ');
INSERT INTO Route(RName) VALUES ('ANR-ARI');
INSERT INTO Route(RName) VALUES ('ANR-ASW');
INSERT INTO Route(RName) VALUES ('ANR-TBS');
INSERT INTO Route(RName) VALUES ('ANR-EDL');
INSERT INTO Route(RName) VALUES ('ANR-FRU');
INSERT INTO Route(RName) VALUES ('ANR-CIT');
INSERT INTO Route(RName) VALUES ('ANR-VTE');
INSERT INTO Route(RName) VALUES ('ANR-MSU');
INSERT INTO Route(RName) VALUES ('ANR-QUO');
INSERT INTO Route(RName) VALUES ('ANR-RIH');
INSERT INTO Route(RName) VALUES ('ANR-ROR');
INSERT INTO Route(RName) VALUES ('ANR-CRA');
INSERT INTO Route(RName) VALUES ('ANR-SUJ');
INSERT INTO Route(RName) VALUES ('ANR-DZO');
INSERT INTO Route(RName) VALUES ('ANR-DAD');
INSERT INTO Route(RName) VALUES ('BJM-SDQ');
INSERT INTO Route(RName) VALUES ('BJM-KLO');
INSERT INTO Route(RName) VALUES ('BJM-NDJ');
INSERT INTO Route(RName) VALUES ('BJM-GFK');
INSERT INTO Route(RName) VALUES ('BJM-UGC');
INSERT INTO Route(RName) VALUES ('BJM-DZA');
INSERT INTO Route(RName) VALUES ('BDA-POP');
INSERT INTO Route(RName) VALUES ('BDA-BJL');
INSERT INTO Route(RName) VALUES ('BDA-TGU');
INSERT INTO Route(RName) VALUES ('BDA-CXI');
INSERT INTO Route(RName) VALUES ('BDA-NMF');
INSERT INTO Route(RName) VALUES ('BDA-NDJ');
INSERT INTO Route(RName) VALUES ('BDA-HUI');
INSERT INTO Route(RName) VALUES ('BDA-ADE');
INSERT INTO Route(RName) VALUES ('BWN-TSN');
INSERT INTO Route(RName) VALUES ('BWN-HAV');
INSERT INTO Route(RName) VALUES ('BWN-DEL');
INSERT INTO Route(RName) VALUES ('BWN-CEB');
INSERT INTO Route(RName) VALUES ('BWN-GAE');
INSERT INTO Route(RName) VALUES ('BWN-FEG');
INSERT INTO Route(RName) VALUES ('BWN-HRE');
INSERT INTO Route(RName) VALUES ('CBB-TFU');
INSERT INTO Route(RName) VALUES ('CBB-BAQ');
INSERT INTO Route(RName) VALUES ('CBB-TBS');
INSERT INTO Route(RName) VALUES ('CBB-LPQ');
INSERT INTO Route(RName) VALUES ('CBB-NMF');
INSERT INTO Route(RName) VALUES ('CBB-CJS');
INSERT INTO Route(RName) VALUES ('CBB-RIH');
INSERT INTO Route(RName) VALUES ('CBB-UTH');
INSERT INTO Route(RName) VALUES ('CBB-IEV');
INSERT INTO Route(RName) VALUES ('CBB-PDU');
INSERT INTO Route(RName) VALUES ('CBB-NVI');
INSERT INTO Route(RName) VALUES ('CBB-LUN');
INSERT INTO Route(RName) VALUES ('BON-JIB');
INSERT INTO Route(RName) VALUES ('BON-ULN');
INSERT INTO Route(RName) VALUES ('BON-PPT');
INSERT INTO Route(RName) VALUES ('BON-SXM');
INSERT INTO Route(RName) VALUES ('BON-VAV');
INSERT INTO Route(RName) VALUES ('CWB-TCP');
INSERT INTO Route(RName) VALUES ('CWB-TBZ');
INSERT INTO Route(RName) VALUES ('CWB-LOS');
INSERT INTO Route(RName) VALUES ('CWB-KLO');
INSERT INTO Route(RName) VALUES ('CWB-CLJ');
INSERT INTO Route(RName) VALUES ('CWB-PDU');
INSERT INTO Route(RName) VALUES ('BVB-SYQ');
INSERT INTO Route(RName) VALUES ('BVB-JIB');
INSERT INTO Route(RName) VALUES ('BVB-CZL');
INSERT INTO Route(RName) VALUES ('BVB-DEL');
INSERT INTO Route(RName) VALUES ('BVB-TSE');
INSERT INTO Route(RName) VALUES ('BVB-MGA');
INSERT INTO Route(RName) VALUES ('BVB-ISB');
INSERT INTO Route(RName) VALUES ('BVB-IEV');
INSERT INTO Route(RName) VALUES ('BVB-SVZ');
INSERT INTO Route(RName) VALUES ('NAS-YNT');
INSERT INTO Route(RName) VALUES ('NAS-MFM');
INSERT INTO Route(RName) VALUES ('NAS-NJF');
INSERT INTO Route(RName) VALUES ('NAS-MGQ');
INSERT INTO Route(RName) VALUES ('NAS-NVI');
INSERT INTO Route(RName) VALUES ('NAS-SVZ');
INSERT INTO Route(RName) VALUES ('FPO-SHA');
INSERT INTO Route(RName) VALUES ('FPO-BLZ');
INSERT INTO Route(RName) VALUES ('FPO-RIH');
INSERT INTO Route(RName) VALUES ('FPO-UTH');
INSERT INTO Route(RName) VALUES ('FPO-IEV');
INSERT INTO Route(RName) VALUES ('FPO-MLZ');
INSERT INTO Route(RName) VALUES ('GBE-STI');
INSERT INTO Route(RName) VALUES ('GBE-CUE');
INSERT INTO Route(RName) VALUES ('GBE-FRU');
INSERT INTO Route(RName) VALUES ('GBE-CIT');
INSERT INTO Route(RName) VALUES ('GBE-ENU');
INSERT INTO Route(RName) VALUES ('GBE-VCA');
INSERT INTO Route(RName) VALUES ('GOM-TCP');
INSERT INTO Route(RName) VALUES ('GOM-YIA');
INSERT INTO Route(RName) VALUES ('GOM-JOG');
INSERT INTO Route(RName) VALUES ('GOM-NBO');
INSERT INTO Route(RName) VALUES ('GOM-EDL');
INSERT INTO Route(RName) VALUES ('GOM-RIX');
INSERT INTO Route(RName) VALUES ('GOM-MLE');
INSERT INTO Route(RName) VALUES ('GOM-ROR');
INSERT INTO Route(RName) VALUES ('GOM-SUJ');
INSERT INTO Route(RName) VALUES ('GOM-VKO');
INSERT INTO Route(RName) VALUES ('GOM-GAE');
INSERT INTO Route(RName) VALUES ('FKI-IQQ');
INSERT INTO Route(RName) VALUES ('FKI-STI');
INSERT INTO Route(RName) VALUES ('FKI-DEB');
INSERT INTO Route(RName) VALUES ('FKI-LPX');
INSERT INTO Route(RName) VALUES ('FKI-RIX');
INSERT INTO Route(RName) VALUES ('FKI-KAN');
INSERT INTO Route(RName) VALUES ('FKI-IAS');
INSERT INTO Route(RName) VALUES ('FKI-GAE');
INSERT INTO Route(RName) VALUES ('FKI-TUN');
INSERT INTO Route(RName) VALUES ('FKI-TPE');
INSERT INTO Route(RName) VALUES ('FKI-ACY');
INSERT INTO Route(RName) VALUES ('FKI-SKD');
INSERT INTO Route(RName) VALUES ('BGF-ARI');
INSERT INTO Route(RName) VALUES ('BGF-BJL');
INSERT INTO Route(RName) VALUES ('BGF-NRT');
INSERT INTO Route(RName) VALUES ('BGF-SLP');
INSERT INTO Route(RName) VALUES ('BGF-TPQ');
INSERT INTO Route(RName) VALUES ('BGF-IUE');
INSERT INTO Route(RName) VALUES ('BGF-TMS');
INSERT INTO Route(RName) VALUES ('IQQ-YIA');
INSERT INTO Route(RName) VALUES ('IQQ-CGK');
INSERT INTO Route(RName) VALUES ('IQQ-NBO');
INSERT INTO Route(RName) VALUES ('IQQ-VTE');
INSERT INTO Route(RName) VALUES ('IQQ-RIX');
INSERT INTO Route(RName) VALUES ('IQQ-ARW');
INSERT INTO Route(RName) VALUES ('ARI-SYQ');
INSERT INTO Route(RName) VALUES ('ARI-DBB');
INSERT INTO Route(RName) VALUES ('ARI-ACN');
INSERT INTO Route(RName) VALUES ('ARI-PPT');
INSERT INTO Route(RName) VALUES ('ARI-GAF');
INSERT INTO Route(RName) VALUES ('ARI-TUN');
INSERT INTO Route(RName) VALUES ('GOU-HAV');
INSERT INTO Route(RName) VALUES ('GOU-KIH');
INSERT INTO Route(RName) VALUES ('GOU-SKO');
INSERT INTO Route(RName) VALUES ('GOU-CHC');
INSERT INTO Route(RName) VALUES ('GOU-PPT');
INSERT INTO Route(RName) VALUES ('GOU-BCM');
INSERT INTO Route(RName) VALUES ('GOU-KSC');
INSERT INTO Route(RName) VALUES ('GOU-UGC');
INSERT INTO Route(RName) VALUES ('TFU-KNO');
INSERT INTO Route(RName) VALUES ('TFU-FRU');
INSERT INTO Route(RName) VALUES ('TFU-ULN');
INSERT INTO Route(RName) VALUES ('TFU-TPQ');
INSERT INTO Route(RName) VALUES ('TFU-AQP');
INSERT INTO Route(RName) VALUES ('TFU-VAV');
INSERT INTO Route(RName) VALUES ('TFU-ASR');
INSERT INTO Route(RName) VALUES ('TFU-FUN');
INSERT INTO Route(RName) VALUES ('TFU-GFK');
INSERT INTO Route(RName) VALUES ('TFU-UGC');
INSERT INTO Route(RName) VALUES ('PKX-KNO');
INSERT INTO Route(RName) VALUES ('PKX-BGW');
INSERT INTO Route(RName) VALUES ('PKX-KLO');
INSERT INTO Route(RName) VALUES ('PKX-PZU');
INSERT INTO Route(RName) VALUES ('PKX-MYP');
INSERT INTO Route(RName) VALUES ('PKX-HPH');
INSERT INTO Route(RName) VALUES ('KMG-BJL');
INSERT INTO Route(RName) VALUES ('KMG-ABD');
INSERT INTO Route(RName) VALUES ('KMG-FNJ');
INSERT INTO Route(RName) VALUES ('KMG-KTM');
INSERT INTO Route(RName) VALUES ('KMG-CEB');
INSERT INTO Route(RName) VALUES ('KMG-TUN');
INSERT INTO Route(RName) VALUES ('KMG-GTF');
INSERT INTO Route(RName) VALUES ('KMG-ATI');
INSERT INTO Route(RName) VALUES ('KMG-SVZ');
INSERT INTO Route(RName) VALUES ('KMG-VII');
INSERT INTO Route(RName) VALUES ('KWL-UIO');
INSERT INTO Route(RName) VALUES ('KWL-DBB');
INSERT INTO Route(RName) VALUES ('KWL-ADD');
INSERT INTO Route(RName) VALUES ('KWL-OSM');
INSERT INTO Route(RName) VALUES ('KWL-PEN');
INSERT INTO Route(RName) VALUES ('KWL-QUO');
INSERT INTO Route(RName) VALUES ('KWL-SJU');
INSERT INTO Route(RName) VALUES ('KWL-POS');
INSERT INTO Route(RName) VALUES ('KWL-FUN');
INSERT INTO Route(RName) VALUES ('KWL-SVZ');
INSERT INTO Route(RName) VALUES ('NGB-SYQ');
INSERT INTO Route(RName) VALUES ('NGB-KSA');
INSERT INTO Route(RName) VALUES ('NGB-BJL');
INSERT INTO Route(RName) VALUES ('NGB-OXB');
INSERT INTO Route(RName) VALUES ('NGB-BGW');
INSERT INTO Route(RName) VALUES ('NGB-TSE');
INSERT INTO Route(RName) VALUES ('NGB-LOS');
INSERT INTO Route(RName) VALUES ('NGB-IUE');
INSERT INTO Route(RName) VALUES ('NGB-LRL');
INSERT INTO Route(RName) VALUES ('NGB-UTH');
INSERT INTO Route(RName) VALUES ('NGB-HKT');
INSERT INTO Route(RName) VALUES ('NGB-DZA');
INSERT INTO Route(RName) VALUES ('YNT-RAI');
INSERT INTO Route(RName) VALUES ('YNT-ROP');
INSERT INTO Route(RName) VALUES ('YNT-SFS');
INSERT INTO Route(RName) VALUES ('YNT-GLK');
INSERT INTO Route(RName) VALUES ('YNT-POS');
INSERT INTO Route(RName) VALUES ('TSN-ASW');
INSERT INTO Route(RName) VALUES ('TSN-SKO');
INSERT INTO Route(RName) VALUES ('TSN-RIH');
INSERT INTO Route(RName) VALUES ('TSN-KSC');
INSERT INTO Route(RName) VALUES ('TSN-TUN');
INSERT INTO Route(RName) VALUES ('TSN-GZT');
INSERT INTO Route(RName) VALUES ('TSN-SKD');
INSERT INTO Route(RName) VALUES ('TSN-CCS');
INSERT INTO Route(RName) VALUES ('SHA-IUE');
INSERT INTO Route(RName) VALUES ('SHA-CHC');
INSERT INTO Route(RName) VALUES ('SHA-KLO');
INSERT INTO Route(RName) VALUES ('SHA-TMS');
INSERT INTO Route(RName) VALUES ('SHA-HAN');
INSERT INTO Route(RName) VALUES ('SHA-ADE');
INSERT INTO Route(RName) VALUES ('BGA-AXM');
INSERT INTO Route(RName) VALUES ('BGA-OCJ');
INSERT INTO Route(RName) VALUES ('BGA-PKZ');
INSERT INTO Route(RName) VALUES ('BGA-BEN');
INSERT INTO Route(RName) VALUES ('BGA-MGA');
INSERT INTO Route(RName) VALUES ('BGA-ATI');
INSERT INTO Route(RName) VALUES ('BAQ-ASW');
INSERT INTO Route(RName) VALUES ('BAQ-CIT');
INSERT INTO Route(RName) VALUES ('BAQ-UVF');
INSERT INTO Route(RName) VALUES ('BAQ-RGN');
INSERT INTO Route(RName) VALUES ('BAQ-NDB');
INSERT INTO Route(RName) VALUES ('BAQ-CBQ');
INSERT INTO Route(RName) VALUES ('BAQ-SLC');
INSERT INTO Route(RName) VALUES ('BAQ-GFK');
INSERT INTO Route(RName) VALUES ('AXM-LBV');
INSERT INTO Route(RName) VALUES ('AXM-GAN');
INSERT INTO Route(RName) VALUES ('AXM-MIU');
INSERT INTO Route(RName) VALUES ('AXM-JUL');
INSERT INTO Route(RName) VALUES ('AXM-LRL');
INSERT INTO Route(RName) VALUES ('AXM-GZT');
INSERT INTO Route(RName) VALUES ('AXM-PDU');
INSERT INTO Route(RName) VALUES ('AXM-HRE');
INSERT INTO Route(RName) VALUES ('SYQ-ADD');
INSERT INTO Route(RName) VALUES ('SYQ-LBV');
INSERT INTO Route(RName) VALUES ('SYQ-NMF');
INSERT INTO Route(RName) VALUES ('SYQ-NIM');
INSERT INTO Route(RName) VALUES ('SYQ-SKO');
INSERT INTO Route(RName) VALUES ('SYQ-CEB');
INSERT INTO Route(RName) VALUES ('SYQ-ROR');
INSERT INTO Route(RName) VALUES ('CMW-LPX');
INSERT INTO Route(RName) VALUES ('CMW-TPQ');
INSERT INTO Route(RName) VALUES ('CMW-QUO');
INSERT INTO Route(RName) VALUES ('CMW-ILR');
INSERT INTO Route(RName) VALUES ('CMW-CEB');
INSERT INTO Route(RName) VALUES ('CMW-DOH');
INSERT INTO Route(RName) VALUES ('CMW-LUN');
INSERT INTO Route(RName) VALUES ('HAV-PFO');
INSERT INTO Route(RName) VALUES ('HAV-CFK');
INSERT INTO Route(RName) VALUES ('HAV-EDL');
INSERT INTO Route(RName) VALUES ('HAV-AQP');
INSERT INTO Route(RName) VALUES ('HAV-UTH');
INSERT INTO Route(RName) VALUES ('HAV-JRO');
INSERT INTO Route(RName) VALUES ('HAV-SLC');
INSERT INTO Route(RName) VALUES ('HAV-HRE');
INSERT INTO Route(RName) VALUES ('SCU-BRX');
INSERT INTO Route(RName) VALUES ('SCU-DBB');
INSERT INTO Route(RName) VALUES ('SCU-HMB');
INSERT INTO Route(RName) VALUES ('SCU-CGK');
INSERT INTO Route(RName) VALUES ('SCU-NBO');
INSERT INTO Route(RName) VALUES ('SCU-FNJ');
INSERT INTO Route(RName) VALUES ('SCU-CJS');
INSERT INTO Route(RName) VALUES ('SCU-KLO');
INSERT INTO Route(RName) VALUES ('SCU-SJU');
INSERT INTO Route(RName) VALUES ('SCU-GAE');
INSERT INTO Route(RName) VALUES ('SCU-SGN');
INSERT INTO Route(RName) VALUES ('RAI-ACC');
INSERT INTO Route(RName) VALUES ('RAI-MFM');
INSERT INTO Route(RName) VALUES ('RAI-NBO');
INSERT INTO Route(RName) VALUES ('RAI-RGN');
INSERT INTO Route(RName) VALUES ('RAI-ACN');
INSERT INTO Route(RName) VALUES ('PFO-LTX');
INSERT INTO Route(RName) VALUES ('PFO-PNI');
INSERT INTO Route(RName) VALUES ('PFO-KIV');
INSERT INTO Route(RName) VALUES ('PFO-JUL');
INSERT INTO Route(RName) VALUES ('PFO-CRA');
INSERT INTO Route(RName) VALUES ('PFO-LRL');
INSERT INTO Route(RName) VALUES ('PFO-ATI');
INSERT INTO Route(RName) VALUES ('PFO-HUI');
INSERT INTO Route(RName) VALUES ('PFO-ADE');
INSERT INTO Route(RName) VALUES ('LCA-CXI');
INSERT INTO Route(RName) VALUES ('LCA-VTE');
INSERT INTO Route(RName) VALUES ('LCA-RGN');
INSERT INTO Route(RName) VALUES ('LCA-CRA');
INSERT INTO Route(RName) VALUES ('LCA-TMS');
INSERT INTO Route(RName) VALUES ('LCA-UTH');
INSERT INTO Route(RName) VALUES ('LCA-TOE');
INSERT INTO Route(RName) VALUES ('LCA-MUN');
INSERT INTO Route(RName) VALUES ('LCA-VDO');
INSERT INTO Route(RName) VALUES ('NIC-EDL');
INSERT INTO Route(RName) VALUES ('NIC-CRA');
INSERT INTO Route(RName) VALUES ('NIC-OMR');
INSERT INTO Route(RName) VALUES ('NIC-NDJ');
INSERT INTO Route(RName) VALUES ('NIC-KHH');
INSERT INTO Route(RName) VALUES ('NIC-VII');
INSERT INTO Route(RName) VALUES ('JIB-GAN');
INSERT INTO Route(RName) VALUES ('JIB-GMO');
INSERT INTO Route(RName) VALUES ('JIB-LUN');
INSERT INTO Route(RName) VALUES ('SDQ-MFM');
INSERT INTO Route(RName) VALUES ('SDQ-MBJ');
INSERT INTO Route(RName) VALUES ('SDQ-EDL');
INSERT INTO Route(RName) VALUES ('SDQ-ROP');
INSERT INTO Route(RName) VALUES ('SDQ-CBQ');
INSERT INTO Route(RName) VALUES ('SDQ-BCM');
INSERT INTO Route(RName) VALUES ('SDQ-PZU');
INSERT INTO Route(RName) VALUES ('SDQ-HPH');
INSERT INTO Route(RName) VALUES ('SDQ-DZA');
INSERT INTO Route(RName) VALUES ('BRX-KSA');
INSERT INTO Route(RName) VALUES ('BRX-MKZ');
INSERT INTO Route(RName) VALUES ('BRX-GLK');
INSERT INTO Route(RName) VALUES ('BRX-GTF');
INSERT INTO Route(RName) VALUES ('BRX-SGN');
INSERT INTO Route(RName) VALUES ('STI-DBB');
INSERT INTO Route(RName) VALUES ('STI-TKK');
INSERT INTO Route(RName) VALUES ('STI-DEB');
INSERT INTO Route(RName) VALUES ('STI-AMM');
INSERT INTO Route(RName) VALUES ('STI-NMF');
INSERT INTO Route(RName) VALUES ('STI-MLE');
INSERT INTO Route(RName) VALUES ('STI-GAN');
INSERT INTO Route(RName) VALUES ('STI-ACN');
INSERT INTO Route(RName) VALUES ('STI-PPT');
INSERT INTO Route(RName) VALUES ('STI-GAE');
INSERT INTO Route(RName) VALUES ('STI-GTF');
INSERT INTO Route(RName) VALUES ('POP-ADD');
INSERT INTO Route(RName) VALUES ('POP-MLE');
INSERT INTO Route(RName) VALUES ('POP-ENU');
INSERT INTO Route(RName) VALUES ('POP-VAV');
INSERT INTO Route(RName) VALUES ('CFK-TCP');
INSERT INTO Route(RName) VALUES ('CFK-YIA');
INSERT INTO Route(RName) VALUES ('CFK-KIH');
INSERT INTO Route(RName) VALUES ('CFK-OCJ');
INSERT INTO Route(RName) VALUES ('CFK-FRU');
INSERT INTO Route(RName) VALUES ('CFK-LPQ');
INSERT INTO Route(RName) VALUES ('CFK-LPX');
INSERT INTO Route(RName) VALUES ('CFK-AJY');
INSERT INTO Route(RName) VALUES ('CFK-MGA');
INSERT INTO Route(RName) VALUES ('CFK-PPT');
INSERT INTO Route(RName) VALUES ('CFK-VAV');
INSERT INTO Route(RName) VALUES ('CFK-SLC');
INSERT INTO Route(RName) VALUES ('CZL-TBS');
INSERT INTO Route(RName) VALUES ('CZL-LPX');
INSERT INTO Route(RName) VALUES ('CZL-RIX');
INSERT INTO Route(RName) VALUES ('CZL-AJY');
INSERT INTO Route(RName) VALUES ('CZL-ILR');
INSERT INTO Route(RName) VALUES ('CZL-MYP');
INSERT INTO Route(RName) VALUES ('CZL-GAF');
INSERT INTO Route(RName) VALUES ('CZL-GAE');
INSERT INTO Route(RName) VALUES ('CZL-LUN');
INSERT INTO Route(RName) VALUES ('LTX-DBB');
INSERT INTO Route(RName) VALUES ('LTX-LBV');
INSERT INTO Route(RName) VALUES ('LTX-BGW');
INSERT INTO Route(RName) VALUES ('LTX-KIH');
INSERT INTO Route(RName) VALUES ('LTX-RIX');
INSERT INTO Route(RName) VALUES ('LTX-IUE');
INSERT INTO Route(RName) VALUES ('LTX-LAO');
INSERT INTO Route(RName) VALUES ('LTX-JRO');
INSERT INTO Route(RName) VALUES ('LTX-VDO');
INSERT INTO Route(RName) VALUES ('CUE-BKO');
INSERT INTO Route(RName) VALUES ('CUE-MLE');
INSERT INTO Route(RName) VALUES ('CUE-VKO');
INSERT INTO Route(RName) VALUES ('CUE-HAN');
INSERT INTO Route(RName) VALUES ('UIO-NJF');
INSERT INTO Route(RName) VALUES ('UIO-WOS');
INSERT INTO Route(RName) VALUES ('UIO-LOS');
INSERT INTO Route(RName) VALUES ('UIO-SKO');
INSERT INTO Route(RName) VALUES ('UIO-CHC');
INSERT INTO Route(RName) VALUES ('UIO-GAF');
INSERT INTO Route(RName) VALUES ('UIO-DJE');
INSERT INTO Route(RName) VALUES ('UIO-GZT');
INSERT INTO Route(RName) VALUES ('UIO-HPH');
INSERT INTO Route(RName) VALUES ('TCP-ADD');
INSERT INTO Route(RName) VALUES ('TCP-LRR');
INSERT INTO Route(RName) VALUES ('TCP-EDL');
INSERT INTO Route(RName) VALUES ('TCP-NMF');
INSERT INTO Route(RName) VALUES ('TCP-CBQ');
INSERT INTO Route(RName) VALUES ('TCP-PZU');
INSERT INTO Route(RName) VALUES ('TCP-LRL');
INSERT INTO Route(RName) VALUES ('TCP-IEV');
INSERT INTO Route(RName) VALUES ('TCP-GTF');
INSERT INTO Route(RName) VALUES ('DBB-OCJ');
INSERT INTO Route(RName) VALUES ('DBB-NBO');
INSERT INTO Route(RName) VALUES ('DBB-SFS');
INSERT INTO Route(RName) VALUES ('HMB-MBJ');
INSERT INTO Route(RName) VALUES ('HMB-AMM');
INSERT INTO Route(RName) VALUES ('HMB-PEN');
INSERT INTO Route(RName) VALUES ('HMB-CNX');
INSERT INTO Route(RName) VALUES ('HMB-AEX');
INSERT INTO Route(RName) VALUES ('HMB-ATI');
INSERT INTO Route(RName) VALUES ('HMB-ADE');
INSERT INTO Route(RName) VALUES ('ASW-PEV');
INSERT INTO Route(RName) VALUES ('ASW-ROB');
INSERT INTO Route(RName) VALUES ('ASW-CJS');
INSERT INTO Route(RName) VALUES ('ASW-LOS');
INSERT INTO Route(RName) VALUES ('ASW-CBQ');
INSERT INTO Route(RName) VALUES ('ASW-UKS');
INSERT INTO Route(RName) VALUES ('ADD-DGP');
INSERT INTO Route(RName) VALUES ('ADD-ENU');
INSERT INTO Route(RName) VALUES ('ADD-IUE');
INSERT INTO Route(RName) VALUES ('ADD-SBZ');
INSERT INTO Route(RName) VALUES ('ADD-VKO');
INSERT INTO Route(RName) VALUES ('ADD-DAM');
INSERT INTO Route(RName) VALUES ('ADD-DJE');
INSERT INTO Route(RName) VALUES ('ADD-DZO');
INSERT INTO Route(RName) VALUES ('ADD-SGN');
INSERT INTO Route(RName) VALUES ('TKK-TGU');
INSERT INTO Route(RName) VALUES ('TKK-DEB');
INSERT INTO Route(RName) VALUES ('TKK-JOG');
INSERT INTO Route(RName) VALUES ('TKK-MLE');
INSERT INTO Route(RName) VALUES ('TKK-SFS');
INSERT INTO Route(RName) VALUES ('TKK-MYP');
INSERT INTO Route(RName) VALUES ('TKK-FUN');
INSERT INTO Route(RName) VALUES ('KSA-VTE');
INSERT INTO Route(RName) VALUES ('KSA-SVZ');
INSERT INTO Route(RName) VALUES ('KSA-HUI');
INSERT INTO Route(RName) VALUES ('PNI-BJL');
INSERT INTO Route(RName) VALUES ('PNI-CJS');
INSERT INTO Route(RName) VALUES ('PNI-SFA');
INSERT INTO Route(RName) VALUES ('PNI-GTF');
INSERT INTO Route(RName) VALUES ('LBV-TGU');
INSERT INTO Route(RName) VALUES ('LBV-DEB');
INSERT INTO Route(RName) VALUES ('LBV-BGW');
INSERT INTO Route(RName) VALUES ('LBV-BKO');
INSERT INTO Route(RName) VALUES ('LBV-SLP');
INSERT INTO Route(RName) VALUES ('LBV-PEN');
INSERT INTO Route(RName) VALUES ('LBV-MKZ');
INSERT INTO Route(RName) VALUES ('LBV-LOS');
INSERT INTO Route(RName) VALUES ('LBV-SKO');
INSERT INTO Route(RName) VALUES ('LBV-RIH');
INSERT INTO Route(RName) VALUES ('LBV-CLJ');
INSERT INTO Route(RName) VALUES ('LBV-KSC');
INSERT INTO Route(RName) VALUES ('LBV-UTH');
INSERT INTO Route(RName) VALUES ('LBV-CNX');
INSERT INTO Route(RName) VALUES ('LBV-FEG');
INSERT INTO Route(RName) VALUES ('TBS-NMF');
INSERT INTO Route(RName) VALUES ('TBS-IUE');
INSERT INTO Route(RName) VALUES ('TBS-CHC');
INSERT INTO Route(RName) VALUES ('TBS-TGM');
INSERT INTO Route(RName) VALUES ('TBS-CLJ');
INSERT INTO Route(RName) VALUES ('TBS-DYU');
INSERT INTO Route(RName) VALUES ('TBS-GZT');
INSERT INTO Route(RName) VALUES ('TBS-ATI');
INSERT INTO Route(RName) VALUES ('TBS-HPH');
INSERT INTO Route(RName) VALUES ('ACC-NRT');
INSERT INTO Route(RName) VALUES ('ACC-NEV');
INSERT INTO Route(RName) VALUES ('ACC-MLE');
INSERT INTO Route(RName) VALUES ('ACC-TPQ');
INSERT INTO Route(RName) VALUES ('ACC-GMO');
INSERT INTO Route(RName) VALUES ('ACC-ILO');
INSERT INTO Route(RName) VALUES ('ACC-KSC');
INSERT INTO Route(RName) VALUES ('ACC-DSS');
INSERT INTO Route(RName) VALUES ('ACC-NDJ');
INSERT INTO Route(RName) VALUES ('ACC-TOE');
INSERT INTO Route(RName) VALUES ('ACC-ZNZ');
INSERT INTO Route(RName) VALUES ('ACC-HUI');
INSERT INTO Route(RName) VALUES ('BJL-ROB');
INSERT INTO Route(RName) VALUES ('BJL-MSU');
INSERT INTO Route(RName) VALUES ('BJL-TPQ');
INSERT INTO Route(RName) VALUES ('BJL-MGA');
INSERT INTO Route(RName) VALUES ('BJL-DZO');
INSERT INTO Route(RName) VALUES ('BJL-HAN');
INSERT INTO Route(RName) VALUES ('OXB-LPQ');
INSERT INTO Route(RName) VALUES ('OXB-NIM');
INSERT INTO Route(RName) VALUES ('OXB-CLJ');
INSERT INTO Route(RName) VALUES ('OXB-HUI');
INSERT INTO Route(RName) VALUES ('MFM-MBJ');
INSERT INTO Route(RName) VALUES ('MFM-OCJ');
INSERT INTO Route(RName) VALUES ('MFM-NRT');
INSERT INTO Route(RName) VALUES ('MFM-PKZ');
INSERT INTO Route(RName) VALUES ('MFM-ROP');
INSERT INTO Route(RName) VALUES ('MFM-QUO');
INSERT INTO Route(RName) VALUES ('MFM-GMO');
INSERT INTO Route(RName) VALUES ('MFM-ILR');
INSERT INTO Route(RName) VALUES ('MFM-ILO');
INSERT INTO Route(RName) VALUES ('MFM-ROR');
INSERT INTO Route(RName) VALUES ('MFM-CLJ');
INSERT INTO Route(RName) VALUES ('MFM-PZU');
INSERT INTO Route(RName) VALUES ('MFM-GFK');
INSERT INTO Route(RName) VALUES ('TGU-KIS');
INSERT INTO Route(RName) VALUES ('TGU-PHC');
INSERT INTO Route(RName) VALUES ('TGU-RIH');
INSERT INTO Route(RName) VALUES ('TGU-PDU');
INSERT INTO Route(RName) VALUES ('PEV-OCJ');
INSERT INTO Route(RName) VALUES ('PEV-CIT');
INSERT INTO Route(RName) VALUES ('PEV-PKZ');
INSERT INTO Route(RName) VALUES ('PEV-DGP');
INSERT INTO Route(RName) VALUES ('PEV-ZNZ');
INSERT INTO Route(RName) VALUES ('PEV-CCS');
INSERT INTO Route(RName) VALUES ('DEB-MSU');
INSERT INTO Route(RName) VALUES ('DEB-LPX');
INSERT INTO Route(RName) VALUES ('DEB-MIU');
INSERT INTO Route(RName) VALUES ('DEB-PPT');
INSERT INTO Route(RName) VALUES ('DEB-ROR');
INSERT INTO Route(RName) VALUES ('DEB-DZA');
INSERT INTO Route(RName) VALUES ('YIA-NJF');
INSERT INTO Route(RName) VALUES ('YIA-SLP');
INSERT INTO Route(RName) VALUES ('YIA-SXM');
INSERT INTO Route(RName) VALUES ('YIA-UTH');
INSERT INTO Route(RName) VALUES ('YIA-SFA');
INSERT INTO Route(RName) VALUES ('YIA-SKD');
INSERT INTO Route(RName) VALUES ('KNO-CXI');
INSERT INTO Route(RName) VALUES ('KNO-GLK');
INSERT INTO Route(RName) VALUES ('CGK-BGW');
INSERT INTO Route(RName) VALUES ('CGK-PKZ');
INSERT INTO Route(RName) VALUES ('CGK-MLE');
INSERT INTO Route(RName) VALUES ('CGK-MKZ');
INSERT INTO Route(RName) VALUES ('CGK-RIH');
INSERT INTO Route(RName) VALUES ('CGK-OMR');
INSERT INTO Route(RName) VALUES ('CGK-DAM');
INSERT INTO Route(RName) VALUES ('CGK-ASB');
INSERT INTO Route(RName) VALUES ('CGK-ZNZ');
INSERT INTO Route(RName) VALUES ('CGK-ATI');
INSERT INTO Route(RName) VALUES ('JOG-CHC');
INSERT INTO Route(RName) VALUES ('DEL-LPX');
INSERT INTO Route(RName) VALUES ('DEL-GAN');
INSERT INTO Route(RName) VALUES ('DEL-INU');
INSERT INTO Route(RName) VALUES ('DEL-OMR');
INSERT INTO Route(RName) VALUES ('DEL-UTP');
INSERT INTO Route(RName) VALUES ('DEL-DJE');
INSERT INTO Route(RName) VALUES ('DEL-NBE');
INSERT INTO Route(RName) VALUES ('DEL-JRO');
INSERT INTO Route(RName) VALUES ('DEL-SGN');
INSERT INTO Route(RName) VALUES ('NJF-NEV');
INSERT INTO Route(RName) VALUES ('NJF-AJY');
INSERT INTO Route(RName) VALUES ('NJF-SKO');
INSERT INTO Route(RName) VALUES ('NJF-ATI');
INSERT INTO Route(RName) VALUES ('NJF-SGN');
INSERT INTO Route(RName) VALUES ('BGW-KIH');
INSERT INTO Route(RName) VALUES ('BGW-NRT');
INSERT INTO Route(RName) VALUES ('BGW-CIT');
INSERT INTO Route(RName) VALUES ('BGW-PZU');
INSERT INTO Route(RName) VALUES ('BGW-DSS');
INSERT INTO Route(RName) VALUES ('BGW-GLK');
INSERT INTO Route(RName) VALUES ('BGW-FEG');
INSERT INTO Route(RName) VALUES ('OSM-OCJ');
INSERT INTO Route(RName) VALUES ('OSM-GAN');
INSERT INTO Route(RName) VALUES ('OSM-CEB');
INSERT INTO Route(RName) VALUES ('OSM-UTP');
INSERT INTO Route(RName) VALUES ('OSM-GAF');
INSERT INTO Route(RName) VALUES ('EBL-ACN');
INSERT INTO Route(RName) VALUES ('EBL-RIH');
INSERT INTO Route(RName) VALUES ('EBL-MYP');
INSERT INTO Route(RName) VALUES ('EBL-POS');
INSERT INTO Route(RName) VALUES ('EBL-SLC');
INSERT INTO Route(RName) VALUES ('EBL-VII');
INSERT INTO Route(RName) VALUES ('KIH-WOS');
INSERT INTO Route(RName) VALUES ('KIH-SLP');
INSERT INTO Route(RName) VALUES ('KIH-SKO');
INSERT INTO Route(RName) VALUES ('KIH-CBQ');
INSERT INTO Route(RName) VALUES ('KIH-ILR');
INSERT INTO Route(RName) VALUES ('KIH-LAO');
INSERT INTO Route(RName) VALUES ('KIH-KHH');
INSERT INTO Route(RName) VALUES ('KIH-UGC');
INSERT INTO Route(RName) VALUES ('KIH-SVZ');
INSERT INTO Route(RName) VALUES ('KIH-VDO');
INSERT INTO Route(RName) VALUES ('TBZ-DYU');
INSERT INTO Route(RName) VALUES ('TBZ-VCA');
INSERT INTO Route(RName) VALUES ('ABD-GAN');
INSERT INTO Route(RName) VALUES ('ABD-ILO');
INSERT INTO Route(RName) VALUES ('ABD-SUJ');
INSERT INTO Route(RName) VALUES ('ABD-DJE');
INSERT INTO Route(RName) VALUES ('LRR-FRU');
INSERT INTO Route(RName) VALUES ('LRR-PZU');
INSERT INTO Route(RName) VALUES ('LRR-LRL');
INSERT INTO Route(RName) VALUES ('LRR-HKT');
INSERT INTO Route(RName) VALUES ('LRR-SFA');
INSERT INTO Route(RName) VALUES ('LRR-CCS');
INSERT INTO Route(RName) VALUES ('MBJ-IAS');
INSERT INTO Route(RName) VALUES ('MBJ-SKD');
INSERT INTO Route(RName) VALUES ('OCJ-PEN');
INSERT INTO Route(RName) VALUES ('OCJ-SJU');
INSERT INTO Route(RName) VALUES ('OCJ-KRT');
INSERT INTO Route(RName) VALUES ('OCJ-DAM');
INSERT INTO Route(RName) VALUES ('OCJ-LRL');
INSERT INTO Route(RName) VALUES ('OCJ-UTP');
INSERT INTO Route(RName) VALUES ('OCJ-FEG');
INSERT INTO Route(RName) VALUES ('AMM-NEV');
INSERT INTO Route(RName) VALUES ('AMM-KIV');
INSERT INTO Route(RName) VALUES ('AMM-TPQ');
INSERT INTO Route(RName) VALUES ('AMM-KTM');
INSERT INTO Route(RName) VALUES ('AMM-AQP');
INSERT INTO Route(RName) VALUES ('AMM-UTP');
INSERT INTO Route(RName) VALUES ('AMM-JRO');
INSERT INTO Route(RName) VALUES ('AMM-ATI');
INSERT INTO Route(RName) VALUES ('NRT-AJY');
INSERT INTO Route(RName) VALUES ('NRT-ENU');
INSERT INTO Route(RName) VALUES ('NRT-SUJ');
INSERT INTO Route(RName) VALUES ('NRT-IEV');
INSERT INTO Route(RName) VALUES ('NRT-GTF');
INSERT INTO Route(RName) VALUES ('NRT-VDO');
INSERT INTO Route(RName) VALUES ('NRT-HPH');
INSERT INTO Route(RName) VALUES ('MBA-ROP');
INSERT INTO Route(RName) VALUES ('MBA-QUO');
INSERT INTO Route(RName) VALUES ('MBA-PHC');
INSERT INTO Route(RName) VALUES ('MBA-BCM');
INSERT INTO Route(RName) VALUES ('MBA-VAV');
INSERT INTO Route(RName) VALUES ('MBA-ACY');
INSERT INTO Route(RName) VALUES ('MBA-UGC');
INSERT INTO Route(RName) VALUES ('MBA-VII');
INSERT INTO Route(RName) VALUES ('MBA-TAI');
INSERT INTO Route(RName) VALUES ('MBA-ADE');
INSERT INTO Route(RName) VALUES ('NBO-KIS');
INSERT INTO Route(RName) VALUES ('NBO-MKZ');
INSERT INTO Route(RName) VALUES ('NBO-CNX');
INSERT INTO Route(RName) VALUES ('NBO-ADE');
INSERT INTO Route(RName) VALUES ('EDL-RIX');
INSERT INTO Route(RName) VALUES ('EDL-NDB');
INSERT INTO Route(RName) VALUES ('EDL-SJU');
INSERT INTO Route(RName) VALUES ('EDL-IAS');
INSERT INTO Route(RName) VALUES ('EDL-ARW');
INSERT INTO Route(RName) VALUES ('EDL-CNX');
INSERT INTO Route(RName) VALUES ('EDL-MYP');
INSERT INTO Route(RName) VALUES ('EDL-MUN');
INSERT INTO Route(RName) VALUES ('EDL-HAN');
INSERT INTO Route(RName) VALUES ('EDL-ADE');
INSERT INTO Route(RName) VALUES ('EDL-DZA');
INSERT INTO Route(RName) VALUES ('KIS-ROB');
INSERT INTO Route(RName) VALUES ('KIS-LPX');
INSERT INTO Route(RName) VALUES ('KIS-CJS');
INSERT INTO Route(RName) VALUES ('KIS-KAN');
INSERT INTO Route(RName) VALUES ('KIS-RIH');
INSERT INTO Route(RName) VALUES ('KIS-AQP');
INSERT INTO Route(RName) VALUES ('KIS-ROR');
INSERT INTO Route(RName) VALUES ('KIS-GAF');
INSERT INTO Route(RName) VALUES ('KIS-FEG');
INSERT INTO Route(RName) VALUES ('KIS-VDO');
INSERT INTO Route(RName) VALUES ('FRU-CHC');
INSERT INTO Route(RName) VALUES ('FRU-ILO');
INSERT INTO Route(RName) VALUES ('FRU-ISB');
INSERT INTO Route(RName) VALUES ('FRU-SBZ');
INSERT INTO Route(RName) VALUES ('FRU-KSC');
INSERT INTO Route(RName) VALUES ('FRU-GAF');
INSERT INTO Route(RName) VALUES ('FRU-GAE');
INSERT INTO Route(RName) VALUES ('FRU-NBE');
INSERT INTO Route(RName) VALUES ('CXI-ACN');
INSERT INTO Route(RName) VALUES ('CXI-CRK');
INSERT INTO Route(RName) VALUES ('CXI-CNX');
INSERT INTO Route(RName) VALUES ('CXI-ASR');
INSERT INTO Route(RName) VALUES ('CXI-SLC');
INSERT INTO Route(RName) VALUES ('CXI-GTF');
INSERT INTO Route(RName) VALUES ('CXI-FEG');
INSERT INTO Route(RName) VALUES ('CXI-SKD');
INSERT INTO Route(RName) VALUES ('CXI-LUN');
INSERT INTO Route(RName) VALUES ('NEV-ROP');
INSERT INTO Route(RName) VALUES ('NEV-TPQ');
INSERT INTO Route(RName) VALUES ('NEV-ILR');
INSERT INTO Route(RName) VALUES ('NEV-SXM');
INSERT INTO Route(RName) VALUES ('NEV-GAE');
INSERT INTO Route(RName) VALUES ('SKB-GLK');
INSERT INTO Route(RName) VALUES ('SKB-ZNZ');
INSERT INTO Route(RName) VALUES ('SKB-AEX');
INSERT INTO Route(RName) VALUES ('SKB-ATI');
INSERT INTO Route(RName) VALUES ('SKB-VII');
INSERT INTO Route(RName) VALUES ('WOS-CRK');
INSERT INTO Route(RName) VALUES ('WOS-SUJ');
INSERT INTO Route(RName) VALUES ('WOS-PZU');
INSERT INTO Route(RName) VALUES ('WOS-FUN');
INSERT INTO Route(RName) VALUES ('WOS-JRO');
INSERT INTO Route(RName) VALUES ('WOS-ATI');
INSERT INTO Route(RName) VALUES ('WOS-SVZ');
INSERT INTO Route(RName) VALUES ('FNJ-NMF');
INSERT INTO Route(RName) VALUES ('FNJ-AJY');
INSERT INTO Route(RName) VALUES ('FNJ-IAS');
INSERT INTO Route(RName) VALUES ('FNJ-MGQ');
INSERT INTO Route(RName) VALUES ('FNJ-CNX');
INSERT INTO Route(RName) VALUES ('TSE-ATI');
INSERT INTO Route(RName) VALUES ('TSE-HPH');
INSERT INTO Route(RName) VALUES ('VTE-BEN');
INSERT INTO Route(RName) VALUES ('VTE-ENU');
INSERT INTO Route(RName) VALUES ('VTE-CHC');
INSERT INTO Route(RName) VALUES ('VTE-CRA');
INSERT INTO Route(RName) VALUES ('VTE-VKO');
INSERT INTO Route(RName) VALUES ('VTE-GAE');
INSERT INTO Route(RName) VALUES ('PKZ-GAN');
INSERT INTO Route(RName) VALUES ('PKZ-LOS');
INSERT INTO Route(RName) VALUES ('PKZ-SKO');
INSERT INTO Route(RName) VALUES ('PKZ-CBQ');
INSERT INTO Route(RName) VALUES ('PKZ-VKO');
INSERT INTO Route(RName) VALUES ('PKZ-KSC');
INSERT INTO Route(RName) VALUES ('PKZ-VAV');
INSERT INTO Route(RName) VALUES ('PKZ-HAN');
INSERT INTO Route(RName) VALUES ('PKZ-VII');
INSERT INTO Route(RName) VALUES ('PKZ-LUN');
INSERT INTO Route(RName) VALUES ('LPQ-KIV');
INSERT INTO Route(RName) VALUES ('LPQ-SLP');
INSERT INTO Route(RName) VALUES ('LPQ-IUE');
INSERT INTO Route(RName) VALUES ('LPQ-JRO');
INSERT INTO Route(RName) VALUES ('LPQ-UKS');
INSERT INTO Route(RName) VALUES ('LPQ-ACY');
INSERT INTO Route(RName) VALUES ('LPQ-PDU');
INSERT INTO Route(RName) VALUES ('LPQ-DAD');
INSERT INTO Route(RName) VALUES ('UVF-LOS');
INSERT INTO Route(RName) VALUES ('UVF-CBQ');
INSERT INTO Route(RName) VALUES ('UVF-AQP');
INSERT INTO Route(RName) VALUES ('UVF-ARW');
INSERT INTO Route(RName) VALUES ('UVF-PZU');
INSERT INTO Route(RName) VALUES ('UVF-DAM');
INSERT INTO Route(RName) VALUES ('ROB-LPX');
INSERT INTO Route(RName) VALUES ('ROB-PPT');
INSERT INTO Route(RName) VALUES ('MSU-BKO');
INSERT INTO Route(RName) VALUES ('MSU-IUE');
INSERT INTO Route(RName) VALUES ('MSU-POS');
INSERT INTO Route(RName) VALUES ('MSU-TPE');
INSERT INTO Route(RName) VALUES ('MSU-VII');
INSERT INTO Route(RName) VALUES ('MSU-HRE');
INSERT INTO Route(RName) VALUES ('DGP-MLE');
INSERT INTO Route(RName) VALUES ('DGP-PPT');
INSERT INTO Route(RName) VALUES ('DGP-GAE');
INSERT INTO Route(RName) VALUES ('LPX-KIV');
INSERT INTO Route(RName) VALUES ('LPX-TMS');
INSERT INTO Route(RName) VALUES ('LPX-TPE');
INSERT INTO Route(RName) VALUES ('RIX-GAN');
INSERT INTO Route(RName) VALUES ('RIX-DVO');
INSERT INTO Route(RName) VALUES ('RIX-SJU');
INSERT INTO Route(RName) VALUES ('RIX-TGM');
INSERT INTO Route(RName) VALUES ('RIX-PZU');
INSERT INTO Route(RName) VALUES ('RIX-NBE');
INSERT INTO Route(RName) VALUES ('BEN-UKS');
INSERT INTO Route(RName) VALUES ('KIV-DAM');
INSERT INTO Route(RName) VALUES ('KIV-ASB');
INSERT INTO Route(RName) VALUES ('KIV-DJE');
INSERT INTO Route(RName) VALUES ('BKO-JUL');
INSERT INTO Route(RName) VALUES ('BKO-LAO');
INSERT INTO Route(RName) VALUES ('BKO-DOH');
INSERT INTO Route(RName) VALUES ('BKO-HAN');
INSERT INTO Route(RName) VALUES ('RGN-RIH');
INSERT INTO Route(RName) VALUES ('RGN-POS');
INSERT INTO Route(RName) VALUES ('RGN-ZNZ');
INSERT INTO Route(RName) VALUES ('ULN-ROP');
INSERT INTO Route(RName) VALUES ('ULN-ROR');
INSERT INTO Route(RName) VALUES ('ULN-DOH');
INSERT INTO Route(RName) VALUES ('ULN-UTP');
INSERT INTO Route(RName) VALUES ('ULN-POS');
INSERT INTO Route(RName) VALUES ('ULN-ZNZ');
INSERT INTO Route(RName) VALUES ('ROP-MLE');
INSERT INTO Route(RName) VALUES ('ROP-PEN');
INSERT INTO Route(RName) VALUES ('ROP-NDJ');
INSERT INTO Route(RName) VALUES ('NDB-CRK');
INSERT INTO Route(RName) VALUES ('NDB-DVO');
INSERT INTO Route(RName) VALUES ('NDB-DZA');
INSERT INTO Route(RName) VALUES ('NMF-CBQ');
INSERT INTO Route(RName) VALUES ('NMF-CEB');
INSERT INTO Route(RName) VALUES ('NMF-HKT');
INSERT INTO Route(RName) VALUES ('NMF-GAF');
INSERT INTO Route(RName) VALUES ('NMF-ACY');
INSERT INTO Route(RName) VALUES ('NMF-AEX');
INSERT INTO Route(RName) VALUES ('NMF-FEG');
INSERT INTO Route(RName) VALUES ('MLE-MGA');
INSERT INTO Route(RName) VALUES ('MLE-DZO');
INSERT INTO Route(RName) VALUES ('MLE-PDU');
INSERT INTO Route(RName) VALUES ('MLE-LUN');
INSERT INTO Route(RName) VALUES ('GAN-MGA');
INSERT INTO Route(RName) VALUES ('GAN-NBE');
INSERT INTO Route(RName) VALUES ('GAN-GTF');
INSERT INTO Route(RName) VALUES ('GAN-CCS');
INSERT INTO Route(RName) VALUES ('GAN-MUN');
INSERT INTO Route(RName) VALUES ('BLZ-KAN');
INSERT INTO Route(RName) VALUES ('BLZ-FUN');
INSERT INTO Route(RName) VALUES ('CJS-MIU');
INSERT INTO Route(RName) VALUES ('CJS-UGC');
INSERT INTO Route(RName) VALUES ('CJS-LUN');
INSERT INTO Route(RName) VALUES ('SLP-PHC');
INSERT INTO Route(RName) VALUES ('SLP-AQP');
INSERT INTO Route(RName) VALUES ('ACN-CHC');
INSERT INTO Route(RName) VALUES ('ACN-TGM');
INSERT INTO Route(RName) VALUES ('ACN-CNX');
INSERT INTO Route(RName) VALUES ('ACN-NBE');
INSERT INTO Route(RName) VALUES ('ACN-VAV');
INSERT INTO Route(RName) VALUES ('ACN-VCA');
INSERT INTO Route(RName) VALUES ('ACN-HRE');
INSERT INTO Route(RName) VALUES ('TPQ-GMO');
INSERT INTO Route(RName) VALUES ('TPQ-LAO');
INSERT INTO Route(RName) VALUES ('TPQ-ARW');
INSERT INTO Route(RName) VALUES ('TPQ-SXM');
INSERT INTO Route(RName) VALUES ('TPQ-DJE');
INSERT INTO Route(RName) VALUES ('TPQ-VDO');
INSERT INTO Route(RName) VALUES ('PEN-QUO');
INSERT INTO Route(RName) VALUES ('PEN-GLK');
INSERT INTO Route(RName) VALUES ('PEN-TPE');
INSERT INTO Route(RName) VALUES ('PEN-TAI');
INSERT INTO Route(RName) VALUES ('PEN-ADE');
INSERT INTO Route(RName) VALUES ('MKZ-CEB');
INSERT INTO Route(RName) VALUES ('MKZ-KRT');
INSERT INTO Route(RName) VALUES ('MKZ-ASB');
INSERT INTO Route(RName) VALUES ('MKZ-GFK');
INSERT INTO Route(RName) VALUES ('MKZ-HAN');
INSERT INTO Route(RName) VALUES ('NIM-QUO');
INSERT INTO Route(RName) VALUES ('NIM-SJU');
INSERT INTO Route(RName) VALUES ('NIM-DSS');
INSERT INTO Route(RName) VALUES ('NIM-UTH');
INSERT INTO Route(RName) VALUES ('NIM-ASR');
INSERT INTO Route(RName) VALUES ('NIM-ACY');
INSERT INTO Route(RName) VALUES ('NIM-ATI');
INSERT INTO Route(RName) VALUES ('AJY-SJU');
INSERT INTO Route(RName) VALUES ('AJY-GLK');
INSERT INTO Route(RName) VALUES ('LOS-AQP');
INSERT INTO Route(RName) VALUES ('LOS-LAO');
INSERT INTO Route(RName) VALUES ('QUO-MIU');
INSERT INTO Route(RName) VALUES ('QUO-LAO');
INSERT INTO Route(RName) VALUES ('SKO-MGQ');
INSERT INTO Route(RName) VALUES ('SKO-GZT');
INSERT INTO Route(RName) VALUES ('SKO-FEG');
INSERT INTO Route(RName) VALUES ('SKO-TAI');
INSERT INTO Route(RName) VALUES ('GMO-SXM');
INSERT INTO Route(RName) VALUES ('GMO-LUN');
INSERT INTO Route(RName) VALUES ('CBQ-ILR');
INSERT INTO Route(RName) VALUES ('ENU-ARW');
INSERT INTO Route(RName) VALUES ('ENU-MYP');
INSERT INTO Route(RName) VALUES ('ENU-IEV');
INSERT INTO Route(RName) VALUES ('ENU-GTF');
INSERT INTO Route(RName) VALUES ('ENU-VDO');
INSERT INTO Route(RName) VALUES ('PHC-GZT');
INSERT INTO Route(RName) VALUES ('PHC-SLC');
INSERT INTO Route(RName) VALUES ('PHC-MLZ');
INSERT INTO Route(RName) VALUES ('MIU-JUL');
INSERT INTO Route(RName) VALUES ('MIU-MYP');
INSERT INTO Route(RName) VALUES ('MIU-VAV');
INSERT INTO Route(RName) VALUES ('MIU-PDU');
INSERT INTO Route(RName) VALUES ('MIU-FEG');
INSERT INTO Route(RName) VALUES ('MIU-HUI');
INSERT INTO Route(RName) VALUES ('ILR-TMS');
INSERT INTO Route(RName) VALUES ('ILR-SFA');
INSERT INTO Route(RName) VALUES ('ILR-VCA');
INSERT INTO Route(RName) VALUES ('KAN-MGA');
INSERT INTO Route(RName) VALUES ('KAN-JUL');
INSERT INTO Route(RName) VALUES ('KAN-DSS');
INSERT INTO Route(RName) VALUES ('KAN-SFA');
INSERT INTO Route(RName) VALUES ('KAN-POS');
INSERT INTO Route(RName) VALUES ('MGA-INU');
INSERT INTO Route(RName) VALUES ('MGA-LAO');
INSERT INTO Route(RName) VALUES ('MGA-TOE');
INSERT INTO Route(RName) VALUES ('MGA-GTF');
INSERT INTO Route(RName) VALUES ('KTM-AQP');
INSERT INTO Route(RName) VALUES ('KTM-MGQ');
INSERT INTO Route(RName) VALUES ('KTM-SLC');
INSERT INTO Route(RName) VALUES ('KTM-MLZ');
INSERT INTO Route(RName) VALUES ('INU-KLO');
INSERT INTO Route(RName) VALUES ('INU-OMR');
INSERT INTO Route(RName) VALUES ('INU-MYP');
INSERT INTO Route(RName) VALUES ('INU-ATI');
INSERT INTO Route(RName) VALUES ('IUE-RIH');
INSERT INTO Route(RName) VALUES ('IUE-LAO');
INSERT INTO Route(RName) VALUES ('IUE-CLJ');
INSERT INTO Route(RName) VALUES ('IUE-MYP');
INSERT INTO Route(RName) VALUES ('CHC-IAS');
INSERT INTO Route(RName) VALUES ('CHC-PZU');
INSERT INTO Route(RName) VALUES ('CHC-MGQ');
INSERT INTO Route(RName) VALUES ('CHC-FEG');
INSERT INTO Route(RName) VALUES ('CHC-HAN');
INSERT INTO Route(RName) VALUES ('CHC-HUI');
INSERT INTO Route(RName) VALUES ('RIH-SUJ');
INSERT INTO Route(RName) VALUES ('RIH-SBZ');
INSERT INTO Route(RName) VALUES ('RIH-GAE');
INSERT INTO Route(RName) VALUES ('JUL-SJU');
INSERT INTO Route(RName) VALUES ('JUL-CLJ');
INSERT INTO Route(RName) VALUES ('JUL-TUN');
INSERT INTO Route(RName) VALUES ('JUL-MLZ');
INSERT INTO Route(RName) VALUES ('AQP-ASB');
INSERT INTO Route(RName) VALUES ('AQP-ASR');
INSERT INTO Route(RName) VALUES ('AQP-SVZ');
INSERT INTO Route(RName) VALUES ('PPT-ILO');
INSERT INTO Route(RName) VALUES ('PPT-ROR');
INSERT INTO Route(RName) VALUES ('PPT-GAF');
INSERT INTO Route(RName) VALUES ('PPT-GAE');
INSERT INTO Route(RName) VALUES ('PPT-NBE');
INSERT INTO Route(RName) VALUES ('PPT-TPE');
INSERT INTO Route(RName) VALUES ('PPT-IEV');
INSERT INTO Route(RName) VALUES ('PPT-SLC');
INSERT INTO Route(RName) VALUES ('CRK-IAS');
INSERT INTO Route(RName) VALUES ('CRK-KRT');
INSERT INTO Route(RName) VALUES ('CRK-TMS');
INSERT INTO Route(RName) VALUES ('CRK-FEG');
INSERT INTO Route(RName) VALUES ('CRK-LUN');
INSERT INTO Route(RName) VALUES ('KLO-GAE');
INSERT INTO Route(RName) VALUES ('ILO-CCS');
INSERT INTO Route(RName) VALUES ('LAO-ARW');
INSERT INTO Route(RName) VALUES ('LAO-GTF');
INSERT INTO Route(RName) VALUES ('DVO-BCM');
INSERT INTO Route(RName) VALUES ('DVO-DAM');
INSERT INTO Route(RName) VALUES ('DVO-KHH');
INSERT INTO Route(RName) VALUES ('DVO-UKS');
INSERT INTO Route(RName) VALUES ('DVO-DZO');
INSERT INTO Route(RName) VALUES ('CEB-CLJ');
INSERT INTO Route(RName) VALUES ('CEB-KSC');
INSERT INTO Route(RName) VALUES ('CEB-TOE');
INSERT INTO Route(RName) VALUES ('SFS-OMR');
INSERT INTO Route(RName) VALUES ('SFS-CLJ');
INSERT INTO Route(RName) VALUES ('SFS-PZU');
INSERT INTO Route(RName) VALUES ('SFS-SXM');
INSERT INTO Route(RName) VALUES ('SFS-TUN');
INSERT INTO Route(RName) VALUES ('SFS-GZT');
INSERT INTO Route(RName) VALUES ('SFS-SVZ');
INSERT INTO Route(RName) VALUES ('SFS-VDO');
INSERT INTO Route(RName) VALUES ('SFS-TAI');
INSERT INTO Route(RName) VALUES ('ISB-DYU');
INSERT INTO Route(RName) VALUES ('ISB-GAE');
INSERT INTO Route(RName) VALUES ('ISB-JRO');
INSERT INTO Route(RName) VALUES ('ISB-SKD');
INSERT INTO Route(RName) VALUES ('SJU-TUN');
INSERT INTO Route(RName) VALUES ('SJU-DAD');
INSERT INTO Route(RName) VALUES ('ROR-KSC');
INSERT INTO Route(RName) VALUES ('ROR-TPE');
INSERT INTO Route(RName) VALUES ('ROR-MLZ');
INSERT INTO Route(RName) VALUES ('DOH-UTP');
INSERT INTO Route(RName) VALUES ('DOH-FEG');
INSERT INTO Route(RName) VALUES ('CRA-MLZ');
INSERT INTO Route(RName) VALUES ('OMR-LRL');
INSERT INTO Route(RName) VALUES ('OMR-TOE');
INSERT INTO Route(RName) VALUES ('BCM-LRL');
INSERT INTO Route(RName) VALUES ('BCM-CNX');
INSERT INTO Route(RName) VALUES ('BCM-VAV');
INSERT INTO Route(RName) VALUES ('SUJ-SXM');
INSERT INTO Route(RName) VALUES ('SUJ-IEV');
INSERT INTO Route(RName) VALUES ('SUJ-ATI');
INSERT INTO Route(RName) VALUES ('IAS-KRT');
INSERT INTO Route(RName) VALUES ('IAS-UTP');
INSERT INTO Route(RName) VALUES ('IAS-TOE');
INSERT INTO Route(RName) VALUES ('IAS-VII');
INSERT INTO Route(RName) VALUES ('IAS-VCA');
INSERT INTO Route(RName) VALUES ('TGM-CNX');
INSERT INTO Route(RName) VALUES ('TGM-CCS');
INSERT INTO Route(RName) VALUES ('SBZ-ZNZ');
INSERT INTO Route(RName) VALUES ('ARW-TMS');
INSERT INTO Route(RName) VALUES ('ARW-SXM');
INSERT INTO Route(RName) VALUES ('ARW-HKT');
INSERT INTO Route(RName) VALUES ('ARW-PDU');
INSERT INTO Route(RName) VALUES ('ARW-HUI');
INSERT INTO Route(RName) VALUES ('CLJ-GAE');
INSERT INTO Route(RName) VALUES ('CLJ-SVZ');
INSERT INTO Route(RName) VALUES ('CLJ-VDO');
INSERT INTO Route(RName) VALUES ('VKO-KRT');
INSERT INTO Route(RName) VALUES ('VKO-LRL');
INSERT INTO Route(RName) VALUES ('VKO-TUN');
INSERT INTO Route(RName) VALUES ('VKO-DJE');
INSERT INTO Route(RName) VALUES ('PZU-SXM');
INSERT INTO Route(RName) VALUES ('PZU-SFA');
INSERT INTO Route(RName) VALUES ('PZU-FUN');
INSERT INTO Route(RName) VALUES ('KSC-VDO');
INSERT INTO Route(RName) VALUES ('KSC-HPH');
INSERT INTO Route(RName) VALUES ('DSS-TOE');
INSERT INTO Route(RName) VALUES ('GLK-ASB');
INSERT INTO Route(RName) VALUES ('GLK-AEX');
INSERT INTO Route(RName) VALUES ('MGQ-UTH');
INSERT INTO Route(RName) VALUES ('MGQ-AEX');
INSERT INTO Route(RName) VALUES ('MGQ-MLZ');
INSERT INTO Route(RName) VALUES ('MGQ-NVI');
INSERT INTO Route(RName) VALUES ('MGQ-VDO');
INSERT INTO Route(RName) VALUES ('MGQ-TAI');
INSERT INTO Route(RName) VALUES ('TMS-SFA');
INSERT INTO Route(RName) VALUES ('SXM-TOE');
INSERT INTO Route(RName) VALUES ('SXM-ASR');
INSERT INTO Route(RName) VALUES ('SXM-ATI');
INSERT INTO Route(RName) VALUES ('SXM-HAN');
INSERT INTO Route(RName) VALUES ('DAM-ASR');
INSERT INTO Route(RName) VALUES ('DAM-ACY');
INSERT INTO Route(RName) VALUES ('DAM-UGC');
INSERT INTO Route(RName) VALUES ('DAM-HUI');
INSERT INTO Route(RName) VALUES ('NDJ-TOE');
INSERT INTO Route(RName) VALUES ('NDJ-NBE');
INSERT INTO Route(RName) VALUES ('NDJ-ASR');
INSERT INTO Route(RName) VALUES ('NDJ-GTF');
INSERT INTO Route(RName) VALUES ('NDJ-MLZ');
INSERT INTO Route(RName) VALUES ('LRL-HUI');
INSERT INTO Route(RName) VALUES ('UTH-HRE');
INSERT INTO Route(RName) VALUES ('HKT-DYU');
INSERT INTO Route(RName) VALUES ('HKT-TOE');
INSERT INTO Route(RName) VALUES ('HKT-VAV');
INSERT INTO Route(RName) VALUES ('HKT-VII');
INSERT INTO Route(RName) VALUES ('CNX-FUN');
INSERT INTO Route(RName) VALUES ('CNX-VII');
INSERT INTO Route(RName) VALUES ('CNX-ADE');
INSERT INTO Route(RName) VALUES ('DYU-GZT');
INSERT INTO Route(RName) VALUES ('DYU-AEX');
INSERT INTO Route(RName) VALUES ('MYP-ASB');
INSERT INTO Route(RName) VALUES ('MYP-FUN');
INSERT INTO Route(RName) VALUES ('MYP-VCA');
INSERT INTO Route(RName) VALUES ('GAF-GZT');
INSERT INTO Route(RName) VALUES ('GAE-ZNZ');
INSERT INTO Route(RName) VALUES ('GAE-VDO');
INSERT INTO Route(RName) VALUES ('GAE-DZA');
INSERT INTO Route(RName) VALUES ('TUN-ZNZ');
INSERT INTO Route(RName) VALUES ('TUN-HUI');
INSERT INTO Route(RName) VALUES ('TOE-ACY');
INSERT INTO Route(RName) VALUES ('TOE-SGN');
INSERT INTO Route(RName) VALUES ('SFA-SLC');
INSERT INTO Route(RName) VALUES ('NBE-POS');
INSERT INTO Route(RName) VALUES ('NBE-GFK');
INSERT INTO Route(RName) VALUES ('VAV-DAD');
INSERT INTO Route(RName) VALUES ('GZT-ACY');
INSERT INTO Route(RName) VALUES ('POS-IEV');
INSERT INTO Route(RName) VALUES ('FUN-KHH');
INSERT INTO Route(RName) VALUES ('FUN-IEV');
INSERT INTO Route(RName) VALUES ('FUN-SLC');
INSERT INTO Route(RName) VALUES ('FUN-SVZ');
INSERT INTO Route(RName) VALUES ('FUN-TAI');
INSERT INTO Route(RName) VALUES ('KHH-SVZ');
INSERT INTO Route(RName) VALUES ('KHH-HAN');
INSERT INTO Route(RName) VALUES ('KHH-VCA');
INSERT INTO Route(RName) VALUES ('TPE-GTF');
INSERT INTO Route(RName) VALUES ('TPE-HRE');
INSERT INTO Route(RName) VALUES ('JRO-UKS');
INSERT INTO Route(RName) VALUES ('JRO-HPH');
INSERT INTO Route(RName) VALUES ('ZNZ-IEV');
INSERT INTO Route(RName) VALUES ('ZNZ-GFK');
INSERT INTO Route(RName) VALUES ('IEV-GFK');
INSERT INTO Route(RName) VALUES ('IEV-ATI');
INSERT INTO Route(RName) VALUES ('UKS-MLZ');
INSERT INTO Route(RName) VALUES ('UKS-SKD');
INSERT INTO Route(RName) VALUES ('SLC-NVI');
INSERT INTO Route(RName) VALUES ('GTF-DAD');
INSERT INTO Route(RName) VALUES ('DZO-TAI');
INSERT INTO Route(RName) VALUES ('ATI-CCS');
INSERT INTO Route(RName) VALUES ('ATI-ADE');
INSERT INTO Route(RName) VALUES ('UGC-DZA');
INSERT INTO Route(RName) VALUES ('SKD-HUI');
INSERT INTO Route(RName) VALUES ('SVZ-VII');
INSERT INTO Route(RName) VALUES ('SVZ-VCA');
INSERT INTO Route(RName) VALUES ('VII-DZA');
INSERT INTO Route(RName) VALUES ('VCA-LUN');
INSERT INTO Route(RName) VALUES ('ADE-DZA');
INSERT INTO Route(RName) VALUES ('DZA-HRE');

delimiter //
create procedure populate (in num int)
begin
declare i int default 1;
while i <= num do
insert into Owner (OwnerID) values (i);
set i = i + 1;
end while;
end //
delimiter ;

call populate (100);

INSERT INTO Cooperation(Name,Address,Phone,OwnerID) VALUES ('G & D AVIATION AND MARINE LLC','4900 US HIGHWAY 1 N STE 300',9188071513,1);
INSERT INTO Cooperation(Name,Address,Phone,OwnerID) VALUES ('MORRISON JEFFREY B','1611 JEROME PL',5636770957,2);
INSERT INTO Cooperation(Name,Address,Phone,OwnerID) VALUES ('GENSLER WILLIAM','3239 N GREEN BAY RD',4851163704,3);
INSERT INTO Cooperation(Name,Address,Phone,OwnerID) VALUES ('SHIER AVIATION CORP DBA','3753 JOHN J MONTGOMERY DR STE 2',5509795409,4);
INSERT INTO Cooperation(Name,Address,Phone,OwnerID) VALUES ('LIFESKILLS INC','PO BOX 578',7503188554,5);
INSERT INTO Cooperation(Name,Address,Phone,OwnerID) VALUES ('LAYSON AVIATION LLC','605 PARKVIEW AVE',1210852428,6);
INSERT INTO Cooperation(Name,Address,Phone,OwnerID) VALUES ('TURNER AIRCRAFT WEST','PO BOX 5407',5479375887,7);
INSERT INTO Cooperation(Name,Address,Phone,OwnerID) VALUES ('AIR TRANSPORT INC','8365 SE DOUBLE TREE DR',5028884732,8);
INSERT INTO Cooperation(Name,Address,Phone,OwnerID) VALUES ('TVPX SALES LLC','2352 MAIN ST STE 201',7944405231,9);
INSERT INTO Cooperation(Name,Address,Phone,OwnerID) VALUES ('TORRANCE AIRCRAFT MAINTENANCE LLC','3425 AIRPORT DR HANGAR E',9637532872,10);
INSERT INTO Cooperation(Name,Address,Phone,OwnerID) VALUES ('BT CAROLINA AVIATION CORP','433 TREASURE WAY',6088508918,11);
INSERT INTO Cooperation(Name,Address,Phone,OwnerID) VALUES ('GOLD SEAL AVIATION INC','215 E MARKET ST',1301057960,12);
INSERT INTO Cooperation(Name,Address,Phone,OwnerID) VALUES ('R & C AVIATION INC','293 POLK ROAD 52',5257033439,13);
INSERT INTO Cooperation(Name,Address,Phone,OwnerID) VALUES ('GLOBAL JET AVIATION LLC','6310 LEMMON AVE STE 222',9931540862,14);
INSERT INTO Cooperation(Name,Address,Phone,OwnerID) VALUES ('BRETZ INC','4800 GRANT CREEK RD',5611727503,15);
INSERT INTO Cooperation(Name,Address,Phone,OwnerID) VALUES ('KFLP AIR LLC','999 18TH ST STE 3210',5608925727,16);
INSERT INTO Cooperation(Name,Address,Phone,OwnerID) VALUES ('WAY MAURICE T','1139 INDEPENDENCE TRL APT A',2204761112,17);
INSERT INTO Cooperation(Name,Address,Phone,OwnerID) VALUES ('WEEKS WILLIAM','4652 SPARTA HWY',8989503697,18);
INSERT INTO Cooperation(Name,Address,Phone,OwnerID) VALUES ('HUFFMAN JERALD L','2025 EL RANCHO DR',6067471103,19);
INSERT INTO Cooperation(Name,Address,Phone,OwnerID) VALUES ('ADAMS ALEXANDER BENTLEY','220 SKYLINE DR',7876419347,20);
INSERT INTO Cooperation(Name,Address,Phone,OwnerID) VALUES ('AQUILA AVIATION LLC','4575 CLAIRE CHENNAULT ST',8913706716,21);
INSERT INTO Cooperation(Name,Address,Phone,OwnerID) VALUES ('BEST TRAVEL SERVICES DBA','PO BOX 2369',2576072185,22);
INSERT INTO Cooperation(Name,Address,Phone,OwnerID) VALUES ('GHANBARZADEH MARIA','2980 AIRWAY AVE',7976561183,23);
INSERT INTO Cooperation(Name,Address,Phone,OwnerID) VALUES ('KROGH MICHAEL L','3001 SW COACHLIGHT PL',2925113132,24);
INSERT INTO Cooperation(Name,Address,Phone,OwnerID) VALUES ('CORPORATE HELICOPTERS INC','PO DRAWER 340',8415515209,25);
INSERT INTO Cooperation(Name,Address,Phone,OwnerID) VALUES ('EFERRY','936 CANAL CR',9841912729,26);
INSERT INTO Cooperation(Name,Address,Phone,OwnerID) VALUES ('READYAIR LLC','1453 YOUNGSTOWN-KINGSVILLE RD',7636396761,27);
INSERT INTO Cooperation(Name,Address,Phone,OwnerID) VALUES ('BEDE AERO OF NASHVILLE INC','1437 AIRPORT RD',6256189781,28);
INSERT INTO Cooperation(Name,Address,Phone,OwnerID) VALUES ('SHEPHERD AIRCRAFT HOLDINGS 237 INVENTORY LLC','4201 MITCHELL WAY',1805897795,29);
INSERT INTO Cooperation(Name,Address,Phone,OwnerID) VALUES ('FOOTHILL AIRCRAFT SALES AND SERVICE INC','1749 W 13TH ST',7336596061,30);
INSERT INTO Cooperation(Name,Address,Phone,OwnerID) VALUES ('KINGS AIR INC','3636 TALILUNA AVE APT 137',2909025708,31);
INSERT INTO Cooperation(Name,Address,Phone,OwnerID) VALUES ('AQUILA INVESTMENTS LLC','3201 DALLAS PKWY STE 777',7642374653,32);
INSERT INTO Cooperation(Name,Address,Phone,OwnerID) VALUES ('SWIFT AVIATION SALES INC','2710 E OLD TOWER RD',2509548118,33);
INSERT INTO Cooperation(Name,Address,Phone,OwnerID) VALUES ('CAPROCK AERO LLC','7734 N MADSEN AVE',4757942111,34);
INSERT INTO Cooperation(Name,Address,Phone,OwnerID) VALUES ('LAUTHER PHILLIPS LLC','6404 MANATEE AVE W STE N',1584274965,35);
INSERT INTO Cooperation(Name,Address,Phone,OwnerID) VALUES ('GREER CHARLES','5274 SOLEDAD RD',4674270702,36);
INSERT INTO Cooperation(Name,Address,Phone,OwnerID) VALUES ('LABELL AVIATION LLC','12519 PASCO TRAILS BLVD',3710959421,37);
INSERT INTO Cooperation(Name,Address,Phone,OwnerID) VALUES ('CAROLINA AIRCRAFT ASSOCIATES INC','3670 AIRPORT LOOP',6878657967,38);
INSERT INTO Cooperation(Name,Address,Phone,OwnerID) VALUES ('GROUND TRANSPORT INC','2 AIRPORT ROAD',5846358364,39);
INSERT INTO Cooperation(Name,Address,Phone,OwnerID) VALUES ('SIOUX AIR INC','PO BOX 425',3139142837,40);
INSERT INTO Cooperation(Name,Address,Phone,OwnerID) VALUES ('PHILIPP STEINBACH','8850 SAN GABRIEL RD',9078272273,41);
INSERT INTO Cooperation(Name,Address,Phone,OwnerID) VALUES ('FELDPOUCH RANDAL C DBA','312 N SANGAMON AVE',8676579784,42);
INSERT INTO Cooperation(Name,Address,Phone,OwnerID) VALUES ('FLIPPER MCDANIEL & ASSOCIATES INC','1535 FRESIA WAY',7016899988,43);
INSERT INTO Cooperation(Name,Address,Phone,OwnerID) VALUES ('MID ATLANTIC AIRCRAFT LLC','615 AIRPORT RD STE 109',9150929677,44);
INSERT INTO Cooperation(Name,Address,Phone,OwnerID) VALUES ('SPEARFISH INVESTMENTS CORP','3511 SILVERSIDE RD STE 105',8194078129,45);
INSERT INTO Cooperation(Name,Address,Phone,OwnerID) VALUES ('TONG AIRCRAFT SERVICES INC','5274 SOLEDAD RD',9621335847,46);
INSERT INTO Cooperation(Name,Address,Phone,OwnerID) VALUES ('NONA AVIATION LLC','1154 QUAKER VILLAGE RD',5536289649,47);
INSERT INTO Cooperation(Name,Address,Phone,OwnerID) VALUES ('ANGELINA AIR INC','1209 N ORANGE ST',2569511234,48);
INSERT INTO Cooperation(Name,Address,Phone,OwnerID) VALUES ('SULLUM DEBORAH TRUSTEE','77 HANOVER ST UNIT 16',3227550531,49);
INSERT INTO Cooperation(Name,Address,Phone,OwnerID) VALUES ('WESTERN AVIATION INC','PO BOX 858',3940387717,50);
INSERT INTO Cooperation(Name,Address,Phone,OwnerID) VALUES ('EXECUTIVE AIRCRAFT SERVICES INC','15111 N HAYDEN RD # 160-555',1294938026,51);
INSERT INTO Cooperation(Name,Address,Phone,OwnerID) VALUES ('TASAIR INC','PO BOX 1023',4294602508,52);
INSERT INTO Cooperation(Name,Address,Phone,OwnerID) VALUES ('SOUTH FLORIDA AVIATION INVESTMENTS INC','PO BOX 603',8667238976,53);
INSERT INTO Cooperation(Name,Address,Phone,OwnerID) VALUES ('ESSEX LISA DBA','26792 FRISCO WAY',7410275842,54);
INSERT INTO Cooperation(Name,Address,Phone,OwnerID) VALUES ('LEACH DANIEL G','58 STERUP DR',9823589463,55);
INSERT INTO Cooperation(Name,Address,Phone,OwnerID) VALUES ('BANDIT AVIATION INC','1659 HIGHWAY 104',5745461329,56);
INSERT INTO Cooperation(Name,Address,Phone,OwnerID) VALUES ('CCG LEASING AND SALES LLC','7959 CESSNA DRIVE',5635999886,57);
INSERT INTO Cooperation(Name,Address,Phone,OwnerID) VALUES ('JOHNSON SHELBY','81 INTERVALE RD',8006913951,58);
INSERT INTO Cooperation(Name,Address,Phone,OwnerID) VALUES ('EQUUS AVIATION LLC','4082 CHESTNUT AVE',4603280083,59);
INSERT INTO Cooperation(Name,Address,Phone,OwnerID) VALUES ('P AND N CORP','1710 MARION AIRPORT RD',7095177354,60);
INSERT INTO Cooperation(Name,Address,Phone,OwnerID) VALUES ('PACIFIC RIM ADVENTURES INC','3517 GORDON SMITH RD',5775583304,61);
INSERT INTO Cooperation(Name,Address,Phone,OwnerID) VALUES ('PRICE KIRK','PO BOX 476',6639579987,62);
INSERT INTO Cooperation(Name,Address,Phone,OwnerID) VALUES ('MAS AVIATION SERVICES LLC','321 AIRPORT BLVD',4202156486,63);
INSERT INTO Cooperation(Name,Address,Phone,OwnerID) VALUES ('AEROSIGNAL LLC','12555 ORANGE DR STE 4014',6054992864,64);
INSERT INTO Cooperation(Name,Address,Phone,OwnerID) VALUES ('PISCITELLI CAROLE J','1812 WOODHAVEN CIR',7052934791,65);
INSERT INTO Cooperation(Name,Address,Phone,OwnerID) VALUES ('TROPICAL AVIATORS LLC','1000 E ATLANTIC BLVD STE 201',2326390521,66);
INSERT INTO Cooperation(Name,Address,Phone,OwnerID) VALUES ('MILLENNIUM ENTERPRISES LLC','3710 PROSPECT AVE',1329786978,67);
INSERT INTO Cooperation(Name,Address,Phone,OwnerID) VALUES ('BOYLES DOUGLAS R','6 HARRIS DR',4350860403,68);
INSERT INTO Cooperation(Name,Address,Phone,OwnerID) VALUES ('BULLDOG AVIATION INC','44 TROTTER LN',9867310856,69);
INSERT INTO Cooperation(Name,Address,Phone,OwnerID) VALUES ('ANYTHING AVIATION LLC','5511 NE OAKS RIDGE CIR',3786221057,70);
INSERT INTO Cooperation(Name,Address,Phone,OwnerID) VALUES ('BK TRAVEL NETWORK INC','2207 LYN ST',2998979096,71);
INSERT INTO Cooperation(Name,Address,Phone,OwnerID) VALUES ('ASTRO AIRWAYS CORP','PO BOX 7007',7917223254,72);
INSERT INTO Cooperation(Name,Address,Phone,OwnerID) VALUES ('CIRCLE M AVIATION LLC','4700 HANGAR DR HNGR 5',1691821927,73);
INSERT INTO Cooperation(Name,Address,Phone,OwnerID) VALUES ('MAGICAL ADVENTURE BALLOON','PO BOX 891951',6917147294,74);
INSERT INTO Cooperation(Name,Address,Phone,OwnerID) VALUES ('FLY HIGH AVIATION LLC','525 AIRPORT RD STE 201',7874495333,75);
INSERT INTO Cooperation(Name,Address,Phone,OwnerID) VALUES ('TEXAS AIRCRAFT PARTS BROKERS LLC','509 BEECHCRAFT LN',6913797210,76);
INSERT INTO Cooperation(Name,Address,Phone,OwnerID) VALUES ('WILLIAFORD MIKE DBA','5410 WEDGEFIELD RD',5067412698,77);
INSERT INTO Cooperation(Name,Address,Phone,OwnerID) VALUES ('AVIATION ENTERPRISES INC','2803 N GENERAL AVIATION AVE',5452661416,78);
INSERT INTO Cooperation(Name,Address,Phone,OwnerID) VALUES ('MORAN DOUGLAS R','1201 ALCAZAR DR',5893637683,79);
INSERT INTO Cooperation(Name,Address,Phone,OwnerID) VALUES ('SOUTHWIND GLOBAL AVIATION SALES LLC','1120 E COLE ST',5408502145,80);

INSERT INTO Person(SSN,Name,Address,Phone,OwnerID) VALUES (5351255897,'Larry Paeki','San Antonio',9854133905,81);
INSERT INTO Person(SSN,Name,Address,Phone,OwnerID) VALUES (8522543140,'Barry Ellison','Charlotte',9180971462,82);
INSERT INTO Person(SSN,Name,Address,Phone,OwnerID) VALUES (3591901891,'Michale Bloomberg','New York',3404180406,83);
INSERT INTO Person(SSN,Name,Address,Phone,OwnerID) VALUES (1102477589,'Elon Mush','Los Angeles',1363492971,84);
INSERT INTO Person(SSN,Name,Address,Phone,OwnerID) VALUES (1826840260,'Wrens Buffet','Palo Alto',1823840231,85);
INSERT INTO Person(SSN,Name,Address,Phone,OwnerID) VALUES (7480723868,'Harry Potter','San Diego',6446436177,86);
INSERT INTO Person(SSN,Name,Address,Phone,OwnerID) VALUES (3788135792,'Gates Bill','Dallas',9821945234,87);
INSERT INTO Person(SSN,Name,Address,Phone,OwnerID) VALUES (2257396706,'Steve Balls','Phoenix',6136941853,88);
INSERT INTO Person(SSN,Name,Address,Phone,OwnerID) VALUES (5690206243,'Donald Truck','San Jose',8075868699,89);
INSERT INTO Person(SSN,Name,Address,Phone,OwnerID) VALUES (1139904999,'Jim Walton','Seattle',4942045723,90);
INSERT INTO Person(SSN,Name,Address,Phone,OwnerID) VALUES (3246169329,'Robert Topology','Houston',5548577112,91);
INSERT INTO Person(SSN,Name,Address,Phone,OwnerID) VALUES (2174487984,'Mukesh Antonio','Medina',8858799101,92);
INSERT INTO Person(SSN,Name,Address,Phone,OwnerID) VALUES (9767792777,'Amancio Oscar','Columbus',4482112187,93);
INSERT INTO Person(SSN,Name,Address,Phone,OwnerID) VALUES (7194075371,'Jeff Bezout','Chicago',8074858550,94);
INSERT INTO Person(SSN,Name,Address,Phone,OwnerID) VALUES (7096994021,'Car Slim','Austin',2057722626,95);
INSERT INTO Person(SSN,Name,Address,Phone,OwnerID) VALUES (5332842621,'Sergey British','Omaha',8145969947,96);
INSERT INTO Person(SSN,Name,Address,Phone,OwnerID) VALUES (2596630081,'Francis Bettencourt Meyers','Indianapolis',2443205126,97);
INSERT INTO Person(SSN,Name,Address,Phone,OwnerID) VALUES (8019385478,'Alice in Disneyland','San Francisco',6835214076,98);
INSERT INTO Person(SSN,Name,Address,Phone,OwnerID) VALUES (6339940715,'Mark Zucker','Jacksonville',8773119975,99);
INSERT INTO Person(SSN,Name,Address,Phone,OwnerID) VALUES (1097117278,'Bernard Arnold','Philadelphia',3687832095,100);

INSERT INTO engineer(SSN,EType) VALUES (8461753291,'Mechanic Engineer');
INSERT INTO engineer(SSN,EType) VALUES (1397342575,'Mechanic Engineer');
INSERT INTO engineer(SSN,EType) VALUES (7989003234,'Mechanic Engineer');
INSERT INTO engineer(SSN,EType) VALUES (1188734988,'Electronic Engineer');
INSERT INTO engineer(SSN,EType) VALUES (7106578523,'Electronic Engineer');
INSERT INTO engineer(SSN,EType) VALUES (7782466558,'Mechanic Engineer');
INSERT INTO engineer(SSN,EType) VALUES (5590961435,'Mechanic Engineer');
INSERT INTO engineer(SSN,EType) VALUES (4764615442,'Avionic Engineer');
INSERT INTO engineer(SSN,EType) VALUES (9638087454,'Mechanic Engineer');
INSERT INTO engineer(SSN,EType) VALUES (9749772271,'Avionic Engineer');
INSERT INTO engineer(SSN,EType) VALUES (7954601626,'Electronic Engineer');
INSERT INTO engineer(SSN,EType) VALUES (6708790280,'Mechanic Engineer');
INSERT INTO engineer(SSN,EType) VALUES (9096514989,'Avionic Engineer');
INSERT INTO engineer(SSN,EType) VALUES (8795175188,'Avionic Engineer');
INSERT INTO engineer(SSN,EType) VALUES (6142555638,'Electronic Engineer');
INSERT INTO engineer(SSN,EType) VALUES (6004615448,'Mechanic Engineer');
INSERT INTO engineer(SSN,EType) VALUES (7835880876,'Mechanic Engineer');
INSERT INTO engineer(SSN,EType) VALUES (8674557072,'Mechanic Engineer');
INSERT INTO engineer(SSN,EType) VALUES (9104267686,'Mechanic Engineer');
INSERT INTO engineer(SSN,EType) VALUES (7546521910,'Mechanic Engineer');
INSERT INTO engineer(SSN,EType) VALUES (8158863943,'Electronic Engineer');
INSERT INTO engineer(SSN,EType) VALUES (1430605561,'Electronic Engineer');
INSERT INTO engineer(SSN,EType) VALUES (2564929537,'Mechanic Engineer');
INSERT INTO engineer(SSN,EType) VALUES (4090925514,'Mechanic Engineer');
INSERT INTO engineer(SSN,EType) VALUES (3297983355,'Avionic Engineer');

-- ----------------------------------
INSERT INTO flight_employee(FESSN) VALUES (6946049097);
INSERT INTO flight_employee(FESSN) VALUES (3314840635);
INSERT INTO flight_employee(FESSN) VALUES (4800273419);
INSERT INTO flight_employee(FESSN) VALUES (4873821958);
INSERT INTO flight_employee(FESSN) VALUES (3470596071);
INSERT INTO flight_employee(FESSN) VALUES (9194838561);
INSERT INTO flight_employee(FESSN) VALUES (4500776857);
INSERT INTO flight_employee(FESSN) VALUES (9772120764);
INSERT INTO flight_employee(FESSN) VALUES (9204866711);
INSERT INTO flight_employee(FESSN) VALUES (7949879275);
INSERT INTO flight_employee(FESSN) VALUES (1038861268);
INSERT INTO flight_employee(FESSN) VALUES (2788235274);
INSERT INTO flight_employee(FESSN) VALUES (4969094481);
INSERT INTO flight_employee(FESSN) VALUES (5654709470);
INSERT INTO flight_employee(FESSN) VALUES (4636486247);
INSERT INTO flight_employee(FESSN) VALUES (2180190279);
INSERT INTO flight_employee(FESSN) VALUES (8160927995);
INSERT INTO flight_employee(FESSN) VALUES (7029451799);
INSERT INTO flight_employee(FESSN) VALUES (8212677542);
INSERT INTO flight_employee(FESSN) VALUES (5742536172);
INSERT INTO flight_employee(FESSN) VALUES (7477315846);
INSERT INTO flight_employee(FESSN) VALUES (6425190290);
INSERT INTO flight_employee(FESSN) VALUES (6971713444);
INSERT INTO flight_employee(FESSN) VALUES (5409372751);
INSERT INTO flight_employee(FESSN) VALUES (7873637594);
INSERT INTO flight_employee(FESSN) VALUES (4736449418);
INSERT INTO flight_employee(FESSN) VALUES (4489026557);
INSERT INTO flight_employee(FESSN) VALUES (5592470717);
INSERT INTO flight_employee(FESSN) VALUES (2301202047);
INSERT INTO flight_employee(FESSN) VALUES (1928318628);
INSERT INTO flight_employee(FESSN) VALUES (1490819075);
INSERT INTO flight_employee(FESSN) VALUES (7378875948);
INSERT INTO flight_employee(FESSN) VALUES (7414950549);
INSERT INTO flight_employee(FESSN) VALUES (9119842120);
INSERT INTO flight_employee(FESSN) VALUES (6839710329);
INSERT INTO flight_employee(FESSN) VALUES (4752778806);
INSERT INTO flight_employee(FESSN) VALUES (6662974529);
INSERT INTO flight_employee(FESSN) VALUES (4363749676);
INSERT INTO flight_employee(FESSN) VALUES (9847255474);
INSERT INTO flight_employee(FESSN) VALUES (4179356812);
INSERT INTO flight_employee(FESSN) VALUES (8399118814);
INSERT INTO flight_employee(FESSN) VALUES (3631584592);
INSERT INTO flight_employee(FESSN) VALUES (3752970480);
INSERT INTO flight_employee(FESSN) VALUES (9757708436);
INSERT INTO flight_employee(FESSN) VALUES (3122555616);
INSERT INTO flight_employee(FESSN) VALUES (3949455487);
INSERT INTO flight_employee(FESSN) VALUES (9392610560);
INSERT INTO flight_employee(FESSN) VALUES (5400537514);
INSERT INTO flight_employee(FESSN) VALUES (5138223354);
INSERT INTO flight_employee(FESSN) VALUES (9812666138);

INSERT INTO pilot(SSN,license) VALUES (4736449418,384109158033);
INSERT INTO pilot(SSN,license) VALUES (4489026557,144439814830);
INSERT INTO pilot(SSN,license) VALUES (5592470717,223297124702);
INSERT INTO pilot(SSN,license) VALUES (2301202047,614104608794);
INSERT INTO pilot(SSN,license) VALUES (1928318628,364460853115);
INSERT INTO pilot(SSN,license) VALUES (1490819075,667391274221);
INSERT INTO pilot(SSN,license) VALUES (7378875948,385850788128);
INSERT INTO pilot(SSN,license) VALUES (7414950549,293687706969);
INSERT INTO pilot(SSN,license) VALUES (9119842120,644492935545);
INSERT INTO pilot(SSN,license) VALUES (6839710329,494610347940);
INSERT INTO pilot(SSN,license) VALUES (4752778806,813716562749);
INSERT INTO pilot(SSN,license) VALUES (6662974529,166991027030);
INSERT INTO pilot(SSN,license) VALUES (4363749676,641130113257);
INSERT INTO pilot(SSN,license) VALUES (9847255474,976697318781);
INSERT INTO pilot(SSN,license) VALUES (4179356812,733767835918);
INSERT INTO pilot(SSN,license) VALUES (8399118814,400093056340);
INSERT INTO pilot(SSN,license) VALUES (3631584592,558908003041);
INSERT INTO pilot(SSN,license) VALUES (3752970480,312563645555);
INSERT INTO pilot(SSN,license) VALUES (9757708436,817039220911);
INSERT INTO pilot(SSN,license) VALUES (3122555616,867963656510);
INSERT INTO pilot(SSN,license) VALUES (3949455487,653122899646);
INSERT INTO pilot(SSN,license) VALUES (9392610560,737973226295);
INSERT INTO pilot(SSN,license) VALUES (5400537514,626749752366);
INSERT INTO pilot(SSN,license) VALUES (5138223354,346129372066);
INSERT INTO pilot(SSN,license) VALUES (9812666138,954280310528);

-- -----------------------------------

INSERT INTO administrative_support(SSN,astype) VALUES (7122593343,'Receptionist');
INSERT INTO administrative_support(SSN,astype) VALUES (5372045579,'Comunications');
INSERT INTO administrative_support(SSN,astype) VALUES (6762227282,'Data Entry');
INSERT INTO administrative_support(SSN,astype) VALUES (4626479798,'Comunications');
INSERT INTO administrative_support(SSN,astype) VALUES (1824880450,'Receptionist');
INSERT INTO administrative_support(SSN,astype) VALUES (2596009902,'HR');
INSERT INTO administrative_support(SSN,astype) VALUES (6755557127,'Security');
INSERT INTO administrative_support(SSN,astype) VALUES (9747160608,'Security');
INSERT INTO administrative_support(SSN,astype) VALUES (7406201971,'Data Entry');
INSERT INTO administrative_support(SSN,astype) VALUES (7076486352,'Emergency Service');

-- -----------------------------------

INSERT INTO traffic_controller(SSN) VALUES (5432228423);
INSERT INTO traffic_controller(SSN) VALUES (2296480977);
INSERT INTO traffic_controller(SSN) VALUES (7635460557);
INSERT INTO traffic_controller(SSN) VALUES (2933447263);
INSERT INTO traffic_controller(SSN) VALUES (3670275171);
INSERT INTO traffic_controller(SSN) VALUES (5866153371);
INSERT INTO traffic_controller(SSN) VALUES (3513220799);
INSERT INTO traffic_controller(SSN) VALUES (3998273266);
INSERT INTO traffic_controller(SSN) VALUES (4422887943);
INSERT INTO traffic_controller(SSN) VALUES (7756039818);
INSERT INTO traffic_controller(SSN) VALUES (4145085552);
INSERT INTO traffic_controller(SSN) VALUES (4396598363);
INSERT INTO traffic_controller(SSN) VALUES (2450261740);
INSERT INTO traffic_controller(SSN) VALUES (2661515333);
INSERT INTO traffic_controller(SSN) VALUES (7198846778);

INSERT INTO tcshift(TCSSN,Shift) VALUES (5432228423,'Morning');
INSERT INTO tcshift(TCSSN,Shift) VALUES (5432228423,'Evening');
INSERT INTO tcshift(TCSSN,Shift) VALUES (2296480977,'Evening');
INSERT INTO tcshift(TCSSN,Shift) VALUES (7635460557,'Evening');
INSERT INTO tcshift(TCSSN,Shift) VALUES (2933447263,'Morning');
INSERT INTO tcshift(TCSSN,Shift) VALUES (3670275171,'Afternoon');
INSERT INTO tcshift(TCSSN,Shift) VALUES (3670275171,'Night');
INSERT INTO tcshift(TCSSN,Shift) VALUES (5866153371,'Afternoon');
INSERT INTO tcshift(TCSSN,Shift) VALUES (3513220799,'Night');
INSERT INTO tcshift(TCSSN,Shift) VALUES (3513220799,'Afternoon');
INSERT INTO tcshift(TCSSN,Shift) VALUES (3998273266,'Evening');
INSERT INTO tcshift(TCSSN,Shift) VALUES (4422887943,'Night');
INSERT INTO tcshift(TCSSN,Shift) VALUES (7756039818,'Morning');
INSERT INTO tcshift(TCSSN,Shift) VALUES (4145085552,'Night');
INSERT INTO tcshift(TCSSN,Shift) VALUES (4396598363,'Afternoon');
INSERT INTO tcshift(TCSSN,Shift) VALUES (2450261740,'Evening');
INSERT INTO tcshift(TCSSN,Shift) VALUES (2661515333,'Morning');
INSERT INTO tcshift(TCSSN,Shift) VALUES (2661515333,'Evening');
INSERT INTO tcshift(TCSSN,Shift) VALUES (7198846778,'Afternoon');

-- --------------------------------------

INSERT INTO flight_attendant(SSN,year_experience) VALUES (6946049097,3.2);
INSERT INTO flight_attendant(SSN,year_experience) VALUES (3314840635,1.1);
INSERT INTO flight_attendant(SSN,year_experience) VALUES (4800273419,4.1);
INSERT INTO flight_attendant(SSN,year_experience) VALUES (4873821958,1.9);
INSERT INTO flight_attendant(SSN,year_experience) VALUES (3470596071,4.4);
INSERT INTO flight_attendant(SSN,year_experience) VALUES (9194838561,3.8);
INSERT INTO flight_attendant(SSN,year_experience) VALUES (4500776857,4.4);
INSERT INTO flight_attendant(SSN,year_experience) VALUES (9772120764,3.3);
INSERT INTO flight_attendant(SSN,year_experience) VALUES (9204866711,1.4);
INSERT INTO flight_attendant(SSN,year_experience) VALUES (7949879275,0.6);
INSERT INTO flight_attendant(SSN,year_experience) VALUES (1038861268,4.1);
INSERT INTO flight_attendant(SSN,year_experience) VALUES (2788235274,4.8);
INSERT INTO flight_attendant(SSN,year_experience) VALUES (4969094481,0.9);
INSERT INTO flight_attendant(SSN,year_experience) VALUES (5654709470,4.1);
INSERT INTO flight_attendant(SSN,year_experience) VALUES (4636486247,1);
INSERT INTO flight_attendant(SSN,year_experience) VALUES (2180190279,1.7);
INSERT INTO flight_attendant(SSN,year_experience) VALUES (8160927995,4.6);
INSERT INTO flight_attendant(SSN,year_experience) VALUES (7029451799,2.2);
INSERT INTO flight_attendant(SSN,year_experience) VALUES (8212677542,1.4);
INSERT INTO flight_attendant(SSN,year_experience) VALUES (5742536172,1.2);
INSERT INTO flight_attendant(SSN,year_experience) VALUES (7477315846,1.2);
INSERT INTO flight_attendant(SSN,year_experience) VALUES (6425190290,4.5);
INSERT INTO flight_attendant(SSN,year_experience) VALUES (6971713444,2.1);
INSERT INTO flight_attendant(SSN,year_experience) VALUES (5409372751,1.8);
INSERT INTO flight_attendant(SSN,year_experience) VALUES (7873637594,2.2);

INSERT INTO Airplane(AirplaneID,License_plate_num,AirlineID,ModelID,OwnerID,LeasedDate,MName) VALUES (1,'QL-EOU',310,21,86,'2004-10-06','A340-500');
INSERT INTO Airplane(AirplaneID,License_plate_num,AirlineID,ModelID,OwnerID,LeasedDate,MName) VALUES (2,'DN-594',722,3,97,'2007-02-21','747-100');
INSERT INTO Airplane(AirplaneID,License_plate_num,AirlineID,ModelID,OwnerID,LeasedDate,MName) VALUES (3,'AS-L0I',474,18,88,'2019-04-18','777-300');
INSERT INTO Airplane(AirplaneID,License_plate_num,AirlineID,ModelID,OwnerID,LeasedDate,MName) VALUES (4,'KU-EV2',16,2,98,'1992-04-10','DC8-62');
INSERT INTO Airplane(AirplaneID,License_plate_num,AirlineID,ModelID,OwnerID,LeasedDate,MName) VALUES (5,'YO-1VO',218,3,81,'2002-06-05','747-100');
INSERT INTO Airplane(AirplaneID,License_plate_num,AirlineID,ModelID,OwnerID,LeasedDate,MName) VALUES (6,'OZ-A5I',105,10,91,'2011-12-10','767-300ER');
INSERT INTO Airplane(AirplaneID,License_plate_num,AirlineID,ModelID,OwnerID,LeasedDate,MName) VALUES (7,'UL-H7X',860,1,82,'2013-02-16','DC8-55');
INSERT INTO Airplane(AirplaneID,License_plate_num,AirlineID,ModelID,OwnerID,LeasedDate,MName) VALUES (8,'IZ-RGY',143,17,99,'2008-04-20','777-200ER');
INSERT INTO Airplane(AirplaneID,License_plate_num,AirlineID,ModelID,OwnerID,LeasedDate,MName) VALUES (9,'XW-I30',544,23,92,'2019-07-31','777-200LR');
INSERT INTO Airplane(AirplaneID,License_plate_num,AirlineID,ModelID,OwnerID,LeasedDate,MName) VALUES (10,'KJ-67Z',932,11,91,'2003-06-17','747-400');
INSERT INTO Airplane(AirplaneID,License_plate_num,AirlineID,ModelID,OwnerID,LeasedDate,MName) VALUES (11,'MR-WK8',427,17,83,'2011-05-30','777-200ER');
INSERT INTO Airplane(AirplaneID,License_plate_num,AirlineID,ModelID,OwnerID,LeasedDate,MName) VALUES (12,'TL-ZDI',324,7,95,'1995-06-19','L1011-TriStar 500');
INSERT INTO Airplane(AirplaneID,License_plate_num,AirlineID,ModelID,OwnerID,LeasedDate,MName) VALUES (13,'BZ-GAG',839,12,98,'1999-02-04','MD-11');
INSERT INTO Airplane(AirplaneID,License_plate_num,AirlineID,ModelID,OwnerID,LeasedDate,MName) VALUES (14,'PY-MYQ',161,8,85,'2007-06-07','747-300');
INSERT INTO Airplane(AirplaneID,License_plate_num,AirlineID,ModelID,OwnerID,LeasedDate,MName) VALUES (15,'FV-E0I',839,26,90,'2017-01-01','787-9 Dreamliner');
INSERT INTO Airplane(AirplaneID,License_plate_num,AirlineID,ModelID,OwnerID,LeasedDate,MName) VALUES (16,'YA-8N6',324,3,87,'2012-04-13','747-100');
INSERT INTO Airplane(AirplaneID,License_plate_num,AirlineID,ModelID,OwnerID,LeasedDate,MName) VALUES (17,'BX-RN9',81,18,82,'2020-02-18','777-300');
INSERT INTO Airplane(AirplaneID,License_plate_num,AirlineID,ModelID,OwnerID,LeasedDate,MName) VALUES (18,'KC-VFB',403,5,88,'2022-02-23','DC10-30');
INSERT INTO Airplane(AirplaneID,License_plate_num,AirlineID,ModelID,OwnerID,LeasedDate,MName) VALUES (19,'FL-BXS',623,20,88,'2006-03-23','A340-600');
INSERT INTO Airplane(AirplaneID,License_plate_num,AirlineID,ModelID,OwnerID,LeasedDate,MName) VALUES (20,'LN-4AM',880,4,88,'2021-11-27','747-200');
INSERT INTO Airplane(AirplaneID,License_plate_num,AirlineID,ModelID,OwnerID,LeasedDate,MName) VALUES (21,'UP-5ES',891,15,85,'1998-01-15','A340-300');
INSERT INTO Airplane(AirplaneID,License_plate_num,AirlineID,ModelID,OwnerID,LeasedDate,MName) VALUES (22,'JU-CC4',47,5,83,'2018-03-26','DC10-30');
INSERT INTO Airplane(AirplaneID,License_plate_num,AirlineID,ModelID,OwnerID,LeasedDate,MName) VALUES (23,'GJ-JI9',815,20,87,'2003-05-12','A340-600');
INSERT INTO Airplane(AirplaneID,License_plate_num,AirlineID,ModelID,OwnerID,LeasedDate,MName) VALUES (24,'OG-N0P',577,19,83,'2007-03-02','A330-200');
INSERT INTO Airplane(AirplaneID,License_plate_num,AirlineID,ModelID,OwnerID,LeasedDate,MName) VALUES (25,'CU-GQP',43,10,90,'2017-01-17','767-300ER');
INSERT INTO Airplane(AirplaneID,License_plate_num,AirlineID,ModelID,OwnerID,LeasedDate,MName) VALUES (26,'VW-YF2',718,21,93,'2018-07-19','A340-500');
INSERT INTO Airplane(AirplaneID,License_plate_num,AirlineID,ModelID,OwnerID,LeasedDate,MName) VALUES (27,'VO-PGE',257,8,98,'2012-03-30','747-300');
INSERT INTO Airplane(AirplaneID,License_plate_num,AirlineID,ModelID,OwnerID,LeasedDate,MName) VALUES (28,'RP-2DY',804,12,83,'2010-01-07','MD-11');
INSERT INTO Airplane(AirplaneID,License_plate_num,AirlineID,ModelID,OwnerID,LeasedDate,MName) VALUES (29,'VZ-WDD',75,9,89,'1999-12-08','767-200ER');
INSERT INTO Airplane(AirplaneID,License_plate_num,AirlineID,ModelID,OwnerID,LeasedDate,MName) VALUES (30,'CW-V9M',82,24,88,'2014-09-03','A380-800');
INSERT INTO Airplane(AirplaneID,License_plate_num,AirlineID,ModelID,OwnerID,LeasedDate,MName) VALUES (31,'NY-COQ',544,27,83,'2002-09-25','A350-900');
INSERT INTO Airplane(AirplaneID,License_plate_num,AirlineID,ModelID,OwnerID,LeasedDate,MName) VALUES (32,'OC-M1L',76,18,91,'1996-01-08','777-300');
INSERT INTO Airplane(AirplaneID,License_plate_num,AirlineID,ModelID,OwnerID,LeasedDate,MName) VALUES (33,'NK-0H6',149,26,100,'1997-02-06','787-9 Dreamliner');
INSERT INTO Airplane(AirplaneID,License_plate_num,AirlineID,ModelID,OwnerID,LeasedDate,MName) VALUES (34,'VP-3W5',191,10,100,'2020-09-27','767-300ER');
INSERT INTO Airplane(AirplaneID,License_plate_num,AirlineID,ModelID,OwnerID,LeasedDate,MName) VALUES (35,'BH-ROH',111,15,87,'2016-12-18','A340-300');
INSERT INTO Airplane(AirplaneID,License_plate_num,AirlineID,ModelID,OwnerID,LeasedDate,MName) VALUES (36,'XY-4BT',683,14,87,'2013-07-03','A340-200');
INSERT INTO Airplane(AirplaneID,License_plate_num,AirlineID,ModelID,OwnerID,LeasedDate,MName) VALUES (37,'VW-7PI',624,8,91,'2007-01-04','747-300');
INSERT INTO Airplane(AirplaneID,License_plate_num,AirlineID,ModelID,OwnerID,LeasedDate,MName) VALUES (38,'LA-MB3',716,20,100,'2019-05-12','A340-600');
INSERT INTO Airplane(AirplaneID,License_plate_num,AirlineID,ModelID,OwnerID,LeasedDate,MName) VALUES (39,'JW-4BM',866,23,99,'2015-01-21','777-200LR');
INSERT INTO Airplane(AirplaneID,License_plate_num,AirlineID,ModelID,OwnerID,LeasedDate,MName) VALUES (40,'TD-8ZM',839,28,81,'1994-03-31','A350-1000');
INSERT INTO Airplane(AirplaneID,License_plate_num,AirlineID,ModelID,OwnerID,LeasedDate,MName) VALUES (41,'KA-YAL',86,26,96,'2001-03-21','787-9 Dreamliner');
INSERT INTO Airplane(AirplaneID,License_plate_num,AirlineID,ModelID,OwnerID,LeasedDate,MName) VALUES (42,'PU-06I',551,22,91,'2004-04-18','777-300ER');
INSERT INTO Airplane(AirplaneID,License_plate_num,AirlineID,ModelID,OwnerID,LeasedDate,MName) VALUES (43,'QZ-RCN',381,7,83,'2000-09-15','L1011-TriStar 500');
INSERT INTO Airplane(AirplaneID,License_plate_num,AirlineID,ModelID,OwnerID,LeasedDate,MName) VALUES (44,'UE-SQ9',872,5,97,'2003-10-30','DC10-30');
INSERT INTO Airplane(AirplaneID,License_plate_num,AirlineID,ModelID,OwnerID,LeasedDate,MName) VALUES (45,'RJ-AGV',643,5,89,'1997-08-27','DC10-30');
INSERT INTO Airplane(AirplaneID,License_plate_num,AirlineID,ModelID,OwnerID,LeasedDate,MName) VALUES (46,'SK-9EV',656,18,83,'2015-01-20','777-300');
INSERT INTO Airplane(AirplaneID,License_plate_num,AirlineID,ModelID,OwnerID,LeasedDate,MName) VALUES (47,'KG-7JR',898,15,84,'2000-11-09','A340-300');
INSERT INTO Airplane(AirplaneID,License_plate_num,AirlineID,ModelID,OwnerID,LeasedDate,MName) VALUES (48,'YZ-877',672,4,98,'1992-09-16','747-200');
INSERT INTO Airplane(AirplaneID,License_plate_num,AirlineID,ModelID,OwnerID,LeasedDate,MName) VALUES (49,'VN-VP4',191,27,90,'1997-12-05','A350-900');
INSERT INTO Airplane(AirplaneID,License_plate_num,AirlineID,ModelID,OwnerID,LeasedDate,MName) VALUES (50,'RZ-DYB',623,16,95,'2023-10-05','MD-11ER');
INSERT INTO Airplane(AirplaneID,License_plate_num,AirlineID,ModelID,OwnerID,LeasedDate,MName) VALUES (51,'MR-SN2',689,8,83,'1991-12-21','747-300');
INSERT INTO Airplane(AirplaneID,License_plate_num,AirlineID,ModelID,OwnerID,LeasedDate,MName) VALUES (52,'MU-L5Z',139,15,93,'2009-10-26','A340-300');
INSERT INTO Airplane(AirplaneID,License_plate_num,AirlineID,ModelID,OwnerID,LeasedDate,MName) VALUES (53,'FN-JHR',160,4,96,'2010-01-15','747-200');
INSERT INTO Airplane(AirplaneID,License_plate_num,AirlineID,ModelID,OwnerID,LeasedDate,MName) VALUES (54,'OL-EWD',141,8,88,'2013-02-05','747-300');
INSERT INTO Airplane(AirplaneID,License_plate_num,AirlineID,ModelID,OwnerID,LeasedDate,MName) VALUES (55,'BM-LBZ',413,14,85,'2016-08-03','A340-200');
INSERT INTO Airplane(AirplaneID,License_plate_num,AirlineID,ModelID,OwnerID,LeasedDate,MName) VALUES (56,'EV-K8M',276,24,93,'2001-05-13','A380-800');
INSERT INTO Airplane(AirplaneID,License_plate_num,AirlineID,ModelID,OwnerID,LeasedDate,MName) VALUES (57,'JD-6OU',146,7,84,'2012-07-10','L1011-TriStar 500');
INSERT INTO Airplane(AirplaneID,License_plate_num,AirlineID,ModelID,OwnerID,LeasedDate,MName) VALUES (58,'IP-L70',932,14,87,'2022-04-26','A340-200');
INSERT INTO Airplane(AirplaneID,License_plate_num,AirlineID,ModelID,OwnerID,LeasedDate,MName) VALUES (59,'TA-YDV',205,22,84,'2022-02-04','777-300ER');
INSERT INTO Airplane(AirplaneID,License_plate_num,AirlineID,ModelID,OwnerID,LeasedDate,MName) VALUES (60,'QS-8BS',161,10,96,'1990-01-13','767-300ER');
INSERT INTO Airplane(AirplaneID,License_plate_num,AirlineID,ModelID,OwnerID,LeasedDate,MName) VALUES (61,'JF-BE0',826,15,97,'2013-12-04','A340-300');
INSERT INTO Airplane(AirplaneID,License_plate_num,AirlineID,ModelID,OwnerID,LeasedDate,MName) VALUES (62,'PR-MS0',394,9,92,'2005-01-07','767-200ER');
INSERT INTO Airplane(AirplaneID,License_plate_num,AirlineID,ModelID,OwnerID,LeasedDate,MName) VALUES (63,'WS-0TW',72,1,98,'2000-01-09','DC8-55');
INSERT INTO Airplane(AirplaneID,License_plate_num,AirlineID,ModelID,OwnerID,LeasedDate,MName) VALUES (64,'XR-OIT',63,14,94,'2003-09-05','A340-200');
INSERT INTO Airplane(AirplaneID,License_plate_num,AirlineID,ModelID,OwnerID,LeasedDate,MName) VALUES (65,'PX-Y29',683,28,82,'2008-05-07','A350-1000');
INSERT INTO Airplane(AirplaneID,License_plate_num,AirlineID,ModelID,OwnerID,LeasedDate,MName) VALUES (66,'RK-WAP',205,27,92,'2017-11-10','A350-900');
INSERT INTO Airplane(AirplaneID,License_plate_num,AirlineID,ModelID,OwnerID,LeasedDate,MName) VALUES (67,'FI-L4U',16,16,98,'1998-06-16','MD-11ER');
INSERT INTO Airplane(AirplaneID,License_plate_num,AirlineID,ModelID,OwnerID,LeasedDate,MName) VALUES (68,'RF-747',217,21,88,'2000-05-20','A340-500');
INSERT INTO Airplane(AirplaneID,License_plate_num,AirlineID,ModelID,OwnerID,LeasedDate,MName) VALUES (69,'UG-PWZ',978,10,92,'2017-10-29','767-300ER');
INSERT INTO Airplane(AirplaneID,License_plate_num,AirlineID,ModelID,OwnerID,LeasedDate,MName) VALUES (70,'NQ-5PR',566,11,90,'1994-07-23','747-400');
INSERT INTO Airplane(AirplaneID,License_plate_num,AirlineID,ModelID,OwnerID,LeasedDate,MName) VALUES (71,'QA-BED',86,21,81,'2020-12-09','A340-500');
INSERT INTO Airplane(AirplaneID,License_plate_num,AirlineID,ModelID,OwnerID,LeasedDate,MName) VALUES (72,'ZB-UTX',298,2,93,'2001-12-20','DC8-62');
INSERT INTO Airplane(AirplaneID,License_plate_num,AirlineID,ModelID,OwnerID,LeasedDate,MName) VALUES (73,'IT-6P6',195,15,92,'2000-07-22','A340-300');
INSERT INTO Airplane(AirplaneID,License_plate_num,AirlineID,ModelID,OwnerID,LeasedDate,MName) VALUES (74,'IU-CVC',145,28,86,'2019-05-15','A350-1000');
INSERT INTO Airplane(AirplaneID,License_plate_num,AirlineID,ModelID,OwnerID,LeasedDate,MName) VALUES (75,'KQ-HRD',135,7,94,'1993-06-10','L1011-TriStar 500');
INSERT INTO Airplane(AirplaneID,License_plate_num,AirlineID,ModelID,OwnerID,LeasedDate,MName) VALUES (76,'HS-497',694,27,98,'1993-07-27','A350-900');
INSERT INTO Airplane(AirplaneID,License_plate_num,AirlineID,ModelID,OwnerID,LeasedDate,MName) VALUES (77,'UV-SH1',108,27,82,'2018-08-25','A350-900');
INSERT INTO Airplane(AirplaneID,License_plate_num,AirlineID,ModelID,OwnerID,LeasedDate,MName) VALUES (78,'BY-CEA',839,15,98,'1994-03-23','A340-300');
INSERT INTO Airplane(AirplaneID,License_plate_num,AirlineID,ModelID,OwnerID,LeasedDate,MName) VALUES (79,'OT-L6S',696,21,99,'1995-12-20','A340-500');
INSERT INTO Airplane(AirplaneID,License_plate_num,AirlineID,ModelID,OwnerID,LeasedDate,MName) VALUES (80,'TU-M4H',374,4,87,'2002-11-18','747-200');
INSERT INTO Airplane(AirplaneID,License_plate_num,AirlineID,ModelID,OwnerID,LeasedDate,MName) VALUES (81,'IL-PF8',828,7,93,'1993-01-31','L1011-TriStar 500');
INSERT INTO Airplane(AirplaneID,License_plate_num,AirlineID,ModelID,OwnerID,LeasedDate,MName) VALUES (82,'DI-PKR',63,16,98,'2007-01-25','MD-11ER');
INSERT INTO Airplane(AirplaneID,License_plate_num,AirlineID,ModelID,OwnerID,LeasedDate,MName) VALUES (83,'KN-YJD',40,10,98,'1998-10-04','767-300ER');
INSERT INTO Airplane(AirplaneID,License_plate_num,AirlineID,ModelID,OwnerID,LeasedDate,MName) VALUES (84,'VM-OUD',44,8,99,'1997-12-25','747-300');
INSERT INTO Airplane(AirplaneID,License_plate_num,AirlineID,ModelID,OwnerID,LeasedDate,MName) VALUES (85,'IH-SYF',851,12,84,'2010-04-24','MD-11');
INSERT INTO Airplane(AirplaneID,License_plate_num,AirlineID,ModelID,OwnerID,LeasedDate,MName) VALUES (86,'GC-73V',239,8,94,'2004-11-01','747-300');
INSERT INTO Airplane(AirplaneID,License_plate_num,AirlineID,ModelID,OwnerID,LeasedDate,MName) VALUES (87,'JI-ZPF',796,17,83,'2004-05-15','777-200ER');
INSERT INTO Airplane(AirplaneID,License_plate_num,AirlineID,ModelID,OwnerID,LeasedDate,MName) VALUES (88,'SB-NPK',143,18,90,'2013-01-10','777-300');
INSERT INTO Airplane(AirplaneID,License_plate_num,AirlineID,ModelID,OwnerID,LeasedDate,MName) VALUES (89,'EV-R22',610,3,89,'1995-11-18','747-100');
INSERT INTO Airplane(AirplaneID,License_plate_num,AirlineID,ModelID,OwnerID,LeasedDate,MName) VALUES (90,'LM-SUQ',289,14,98,'2004-02-29','A340-200');
INSERT INTO Airplane(AirplaneID,License_plate_num,AirlineID,ModelID,OwnerID,LeasedDate,MName) VALUES (91,'WC-2PZ',544,23,99,'2004-10-31','777-200LR');
INSERT INTO Airplane(AirplaneID,License_plate_num,AirlineID,ModelID,OwnerID,LeasedDate,MName) VALUES (92,'NR-22R',324,1,96,'2008-08-12','DC8-55');
INSERT INTO Airplane(AirplaneID,License_plate_num,AirlineID,ModelID,OwnerID,LeasedDate,MName) VALUES (93,'AT-UCR',68,18,92,'2020-11-09','777-300');
INSERT INTO Airplane(AirplaneID,License_plate_num,AirlineID,ModelID,OwnerID,LeasedDate,MName) VALUES (94,'WS-N69',706,11,84,'2020-05-31','747-400');
INSERT INTO Airplane(AirplaneID,License_plate_num,AirlineID,ModelID,OwnerID,LeasedDate,MName) VALUES (95,'AQ-RNC',74,21,93,'1992-02-28','A340-500');
INSERT INTO Airplane(AirplaneID,License_plate_num,AirlineID,ModelID,OwnerID,LeasedDate,MName) VALUES (96,'GQ-87S',381,18,91,'1993-12-23','777-300');
INSERT INTO Airplane(AirplaneID,License_plate_num,AirlineID,ModelID,OwnerID,LeasedDate,MName) VALUES (97,'LM-MDV',643,9,88,'1999-03-31','767-200ER');
INSERT INTO Airplane(AirplaneID,License_plate_num,AirlineID,ModelID,OwnerID,LeasedDate,MName) VALUES (98,'QS-YJC',804,24,98,'2004-03-10','A380-800');
INSERT INTO Airplane(AirplaneID,License_plate_num,AirlineID,ModelID,OwnerID,LeasedDate,MName) VALUES (99,'BK-N86',257,7,82,'2002-06-30','L1011-TriStar 500');
INSERT INTO Airplane(AirplaneID,License_plate_num,AirlineID,ModelID,OwnerID,LeasedDate,MName) VALUES (100,'ZF-K1S',636,23,90,'1999-06-12','777-200LR');
INSERT INTO Airplane(AirplaneID,License_plate_num,AirlineID,ModelID,OwnerID,LeasedDate,MName) VALUES (101,'EN-FW4',160,18,94,'1997-04-20','777-300');
INSERT INTO Airplane(AirplaneID,License_plate_num,AirlineID,ModelID,OwnerID,LeasedDate,MName) VALUES (102,'WJ-YA6',847,24,97,'2008-10-20','A380-800');
INSERT INTO Airplane(AirplaneID,License_plate_num,AirlineID,ModelID,OwnerID,LeasedDate,MName) VALUES (103,'WV-UPX',730,17,87,'2006-07-30','777-200ER');
INSERT INTO Airplane(AirplaneID,License_plate_num,AirlineID,ModelID,OwnerID,LeasedDate,MName) VALUES (104,'ZT-JY0',244,27,99,'1999-09-25','A350-900');
INSERT INTO Airplane(AirplaneID,License_plate_num,AirlineID,ModelID,OwnerID,LeasedDate,MName) VALUES (105,'JR-MBQ',27,28,99,'2013-07-24','A350-1000');
INSERT INTO Airplane(AirplaneID,License_plate_num,AirlineID,ModelID,OwnerID,LeasedDate,MName) VALUES (106,'VK-DWI',18,15,98,'2002-01-19','A340-300');
INSERT INTO Airplane(AirplaneID,License_plate_num,AirlineID,ModelID,OwnerID,LeasedDate,MName) VALUES (107,'CX-1Y5',68,27,87,'2013-02-11','A350-900');
INSERT INTO Airplane(AirplaneID,License_plate_num,AirlineID,ModelID,OwnerID,LeasedDate,MName) VALUES (108,'VT-TUO',98,12,85,'2006-02-17','MD-11');
INSERT INTO Airplane(AirplaneID,License_plate_num,AirlineID,ModelID,OwnerID,LeasedDate,MName) VALUES (109,'IJ-GMF',258,27,84,'2002-11-13','A350-900');
INSERT INTO Airplane(AirplaneID,License_plate_num,AirlineID,ModelID,OwnerID,LeasedDate,MName) VALUES (110,'ZU-XJ2',716,14,82,'2011-12-25','A340-200');
INSERT INTO Airplane(AirplaneID,License_plate_num,AirlineID,ModelID,OwnerID,LeasedDate,MName) VALUES (111,'UY-FXZ',80,18,90,'2019-12-01','777-300');
INSERT INTO Airplane(AirplaneID,License_plate_num,AirlineID,ModelID,OwnerID,LeasedDate,MName) VALUES (112,'AR-C4O',839,25,82,'2003-01-29','747-8');
INSERT INTO Airplane(AirplaneID,License_plate_num,AirlineID,ModelID,OwnerID,LeasedDate,MName) VALUES (113,'ON-Y3V',118,3,93,'1998-09-20','747-100');
INSERT INTO Airplane(AirplaneID,License_plate_num,AirlineID,ModelID,OwnerID,LeasedDate,MName) VALUES (114,'IH-TNE',197,12,83,'2004-10-06','MD-11');
INSERT INTO Airplane(AirplaneID,License_plate_num,AirlineID,ModelID,OwnerID,LeasedDate,MName) VALUES (115,'SP-IS6',898,21,100,'2012-05-25','A340-500');
INSERT INTO Airplane(AirplaneID,License_plate_num,AirlineID,ModelID,OwnerID,LeasedDate,MName) VALUES (116,'EU-JCG',696,21,100,'1997-09-21','A340-500');
INSERT INTO Airplane(AirplaneID,License_plate_num,AirlineID,ModelID,OwnerID,LeasedDate,MName) VALUES (117,'GJ-6KS',909,20,97,'2004-04-05','A340-600');
INSERT INTO Airplane(AirplaneID,License_plate_num,AirlineID,ModelID,OwnerID,LeasedDate,MName) VALUES (118,'WG-Y9H',381,22,89,'1998-07-21','777-300ER');
INSERT INTO Airplane(AirplaneID,License_plate_num,AirlineID,ModelID,OwnerID,LeasedDate,MName) VALUES (119,'OX-W2Y',479,25,97,'2016-08-20','747-8');
INSERT INTO Airplane(AirplaneID,License_plate_num,AirlineID,ModelID,OwnerID,LeasedDate,MName) VALUES (120,'SQ-M8F',775,27,98,'1998-09-18','A350-900');
INSERT INTO Airplane(AirplaneID,License_plate_num,AirlineID,ModelID,OwnerID,LeasedDate,MName) VALUES (121,'EZ-IT4',695,22,84,'2020-02-07','777-300ER');
INSERT INTO Airplane(AirplaneID,License_plate_num,AirlineID,ModelID,OwnerID,LeasedDate,MName) VALUES (122,'DG-OSX',555,5,89,'1995-07-09','DC10-30');
INSERT INTO Airplane(AirplaneID,License_plate_num,AirlineID,ModelID,OwnerID,LeasedDate,MName) VALUES (123,'PY-8JJ',118,18,100,'2001-01-26','777-300');
INSERT INTO Airplane(AirplaneID,License_plate_num,AirlineID,ModelID,OwnerID,LeasedDate,MName) VALUES (124,'BT-M7H',238,12,93,'1997-10-11','MD-11');
INSERT INTO Airplane(AirplaneID,License_plate_num,AirlineID,ModelID,OwnerID,LeasedDate,MName) VALUES (125,'SV-GXB',403,21,98,'1994-06-09','A340-500');
INSERT INTO Airplane(AirplaneID,License_plate_num,AirlineID,ModelID,OwnerID,LeasedDate,MName) VALUES (126,'JN-V5K',23,18,86,'2006-07-18','777-300');
INSERT INTO Airplane(AirplaneID,License_plate_num,AirlineID,ModelID,OwnerID,LeasedDate,MName) VALUES (127,'XN-I53',173,28,97,'2004-05-10','A350-1000');
INSERT INTO Airplane(AirplaneID,License_plate_num,AirlineID,ModelID,OwnerID,LeasedDate,MName) VALUES (128,'AC-YC3',43,12,85,'1999-07-27','MD-11');
INSERT INTO Airplane(AirplaneID,License_plate_num,AirlineID,ModelID,OwnerID,LeasedDate,MName) VALUES (129,'MY-GKN',129,28,85,'1996-11-30','A350-1000');
INSERT INTO Airplane(AirplaneID,License_plate_num,AirlineID,ModelID,OwnerID,LeasedDate,MName) VALUES (130,'XE-UZA',325,1,89,'1995-05-26','DC8-55');
INSERT INTO Airplane(AirplaneID,License_plate_num,AirlineID,ModelID,OwnerID,LeasedDate,MName) VALUES (131,'CF-IAU',258,10,91,'2002-12-15','767-300ER');
INSERT INTO Airplane(AirplaneID,License_plate_num,AirlineID,ModelID,OwnerID,LeasedDate,MName) VALUES (132,'XP-20Q',228,22,100,'2022-06-25','777-300ER');
INSERT INTO Airplane(AirplaneID,License_plate_num,AirlineID,ModelID,OwnerID,LeasedDate,MName) VALUES (133,'YV-IDT',104,28,97,'1991-06-09','A350-1000');
INSERT INTO Airplane(AirplaneID,License_plate_num,AirlineID,ModelID,OwnerID,LeasedDate,MName) VALUES (134,'RE-OLL',193,23,90,'2009-12-23','777-200LR');
INSERT INTO Airplane(AirplaneID,License_plate_num,AirlineID,ModelID,OwnerID,LeasedDate,MName) VALUES (135,'MX-IIC',180,27,81,'2016-08-26','A350-900');
INSERT INTO Airplane(AirplaneID,License_plate_num,AirlineID,ModelID,OwnerID,LeasedDate,MName) VALUES (136,'VH-ZIT',566,10,88,'2006-03-24','767-300ER');
INSERT INTO Airplane(AirplaneID,License_plate_num,AirlineID,ModelID,OwnerID,LeasedDate,MName) VALUES (137,'KV-M8X',672,24,99,'1994-03-30','A380-800');
INSERT INTO Airplane(AirplaneID,License_plate_num,AirlineID,ModelID,OwnerID,LeasedDate,MName) VALUES (138,'TB-YCP',199,17,95,'1993-08-25','777-200ER');
INSERT INTO Airplane(AirplaneID,License_plate_num,AirlineID,ModelID,OwnerID,LeasedDate,MName) VALUES (139,'CR-OYK',269,13,94,'1991-05-01','A330-300');
INSERT INTO Airplane(AirplaneID,License_plate_num,AirlineID,ModelID,OwnerID,LeasedDate,MName) VALUES (140,'UP-LPR',202,16,90,'2017-08-05','MD-11ER');
INSERT INTO Airplane(AirplaneID,License_plate_num,AirlineID,ModelID,OwnerID,LeasedDate,MName) VALUES (141,'JH-4MJ',685,11,96,'2007-08-09','747-400');
INSERT INTO Airplane(AirplaneID,License_plate_num,AirlineID,ModelID,OwnerID,LeasedDate,MName) VALUES (142,'AL-EV8',55,16,100,'2003-11-14','MD-11ER');
INSERT INTO Airplane(AirplaneID,License_plate_num,AirlineID,ModelID,OwnerID,LeasedDate,MName) VALUES (143,'GI-N9J',6,2,83,'1996-02-03','DC8-62');
INSERT INTO Airplane(AirplaneID,License_plate_num,AirlineID,ModelID,OwnerID,LeasedDate,MName) VALUES (144,'NU-9A6',220,4,100,'1995-02-19','747-200');
INSERT INTO Airplane(AirplaneID,License_plate_num,AirlineID,ModelID,OwnerID,LeasedDate,MName) VALUES (145,'QK-RUG',703,3,92,'2000-03-01','747-100');
INSERT INTO Airplane(AirplaneID,License_plate_num,AirlineID,ModelID,OwnerID,LeasedDate,MName) VALUES (146,'TY-8VA',65,27,83,'1999-06-30','A350-900');
INSERT INTO Airplane(AirplaneID,License_plate_num,AirlineID,ModelID,OwnerID,LeasedDate,MName) VALUES (147,'TH-1I1',195,20,89,'2010-11-23','A340-600');
INSERT INTO Airplane(AirplaneID,License_plate_num,AirlineID,ModelID,OwnerID,LeasedDate,MName) VALUES (148,'HB-JN4',829,18,98,'2003-06-29','777-300');
INSERT INTO Airplane(AirplaneID,License_plate_num,AirlineID,ModelID,OwnerID,LeasedDate,MName) VALUES (149,'XD-MPI',829,16,99,'2003-09-19','MD-11ER');
INSERT INTO Airplane(AirplaneID,License_plate_num,AirlineID,ModelID,OwnerID,LeasedDate,MName) VALUES (150,'OF-3VY',238,27,94,'2018-09-18','A350-900');
INSERT INTO Airplane(AirplaneID,License_plate_num,AirlineID,ModelID,OwnerID,LeasedDate,MName) VALUES (151,'LH-WNY',716,25,82,'2001-12-13','747-8');
INSERT INTO Airplane(AirplaneID,License_plate_num,AirlineID,ModelID,OwnerID,LeasedDate,MName) VALUES (152,'ZQ-NV7',629,16,84,'2021-11-07','MD-11ER');
INSERT INTO Airplane(AirplaneID,License_plate_num,AirlineID,ModelID,OwnerID,LeasedDate,MName) VALUES (153,'BM-UUJ',125,25,90,'2023-06-27','747-8');
INSERT INTO Airplane(AirplaneID,License_plate_num,AirlineID,ModelID,OwnerID,LeasedDate,MName) VALUES (154,'FV-XDV',731,19,84,'1999-04-14','A330-200');
INSERT INTO Airplane(AirplaneID,License_plate_num,AirlineID,ModelID,OwnerID,LeasedDate,MName) VALUES (155,'TM-VPC',186,14,82,'1992-06-29','A340-200');
INSERT INTO Airplane(AirplaneID,License_plate_num,AirlineID,ModelID,OwnerID,LeasedDate,MName) VALUES (156,'CK-0V3',140,26,99,'2008-05-20','787-9 Dreamliner');
INSERT INTO Airplane(AirplaneID,License_plate_num,AirlineID,ModelID,OwnerID,LeasedDate,MName) VALUES (157,'WI-W0K',239,22,89,'2010-10-22','777-300ER');
INSERT INTO Airplane(AirplaneID,License_plate_num,AirlineID,ModelID,OwnerID,LeasedDate,MName) VALUES (158,'JG-2W6',40,25,83,'2023-10-08','747-8');
INSERT INTO Airplane(AirplaneID,License_plate_num,AirlineID,ModelID,OwnerID,LeasedDate,MName) VALUES (159,'ZH-87M',774,21,92,'2006-12-18','A340-500');
INSERT INTO Airplane(AirplaneID,License_plate_num,AirlineID,ModelID,OwnerID,LeasedDate,MName) VALUES (160,'ZS-01N',61,2,88,'1994-09-26','DC8-62');
INSERT INTO Airplane(AirplaneID,License_plate_num,AirlineID,ModelID,OwnerID,LeasedDate,MName) VALUES (161,'ST-NXX',374,28,85,'1990-07-15','A350-1000');
INSERT INTO Airplane(AirplaneID,License_plate_num,AirlineID,ModelID,OwnerID,LeasedDate,MName) VALUES (162,'AV-7LP',701,15,94,'1996-03-13','A340-300');
INSERT INTO Airplane(AirplaneID,License_plate_num,AirlineID,ModelID,OwnerID,LeasedDate,MName) VALUES (163,'NU-9L0',65,6,86,'1997-10-20','DC10-40');
INSERT INTO Airplane(AirplaneID,License_plate_num,AirlineID,ModelID,OwnerID,LeasedDate,MName) VALUES (164,'FE-YRV',79,17,87,'2005-10-12','777-200ER');
INSERT INTO Airplane(AirplaneID,License_plate_num,AirlineID,ModelID,OwnerID,LeasedDate,MName) VALUES (165,'CT-LB9',409,24,87,'2005-07-02','A380-800');
INSERT INTO Airplane(AirplaneID,License_plate_num,AirlineID,ModelID,OwnerID,LeasedDate,MName) VALUES (166,'OX-0GN',27,6,98,'2007-04-11','DC10-40');
INSERT INTO Airplane(AirplaneID,License_plate_num,AirlineID,ModelID,OwnerID,LeasedDate,MName) VALUES (167,'JC-O9X',31,2,96,'2001-04-30','DC8-62');
INSERT INTO Airplane(AirplaneID,License_plate_num,AirlineID,ModelID,OwnerID,LeasedDate,MName) VALUES (168,'NL-6BC',299,22,95,'2002-03-28','777-300ER');
INSERT INTO Airplane(AirplaneID,License_plate_num,AirlineID,ModelID,OwnerID,LeasedDate,MName) VALUES (169,'KI-DVT',244,6,92,'1997-08-06','DC10-40');
INSERT INTO Airplane(AirplaneID,License_plate_num,AirlineID,ModelID,OwnerID,LeasedDate,MName) VALUES (170,'GB-V1I',324,7,87,'2022-07-31','L1011-TriStar 500');
INSERT INTO Airplane(AirplaneID,License_plate_num,AirlineID,ModelID,OwnerID,LeasedDate,MName) VALUES (171,'FM-Q7W',649,13,100,'2005-02-11','A330-300');
INSERT INTO Airplane(AirplaneID,License_plate_num,AirlineID,ModelID,OwnerID,LeasedDate,MName) VALUES (172,'HP-XBI',406,23,88,'2002-12-08','777-200LR');
INSERT INTO Airplane(AirplaneID,License_plate_num,AirlineID,ModelID,OwnerID,LeasedDate,MName) VALUES (173,'KE-2G1',618,12,90,'2000-06-06','MD-11');
INSERT INTO Airplane(AirplaneID,License_plate_num,AirlineID,ModelID,OwnerID,LeasedDate,MName) VALUES (174,'ZM-S0G',136,8,97,'2016-03-10','747-300');
INSERT INTO Airplane(AirplaneID,License_plate_num,AirlineID,ModelID,OwnerID,LeasedDate,MName) VALUES (175,'WP-68B',176,11,100,'1995-09-02','747-400');
INSERT INTO Airplane(AirplaneID,License_plate_num,AirlineID,ModelID,OwnerID,LeasedDate,MName) VALUES (176,'BY-CX3',730,24,85,'2013-05-04','A380-800');
INSERT INTO Airplane(AirplaneID,License_plate_num,AirlineID,ModelID,OwnerID,LeasedDate,MName) VALUES (177,'NE-08V',128,21,100,'1994-09-20','A340-500');
INSERT INTO Airplane(AirplaneID,License_plate_num,AirlineID,ModelID,OwnerID,LeasedDate,MName) VALUES (178,'PO-SIA',784,13,81,'2001-07-16','A330-300');
INSERT INTO Airplane(AirplaneID,License_plate_num,AirlineID,ModelID,OwnerID,LeasedDate,MName) VALUES (179,'DN-F0S',816,7,94,'2019-09-29','L1011-TriStar 500');
INSERT INTO Airplane(AirplaneID,License_plate_num,AirlineID,ModelID,OwnerID,LeasedDate,MName) VALUES (180,'FQ-5H6',120,14,89,'2021-04-27','A340-200');
INSERT INTO Airplane(AirplaneID,License_plate_num,AirlineID,ModelID,OwnerID,LeasedDate,MName) VALUES (181,'NM-EWN',16,22,84,'2009-03-19','777-300ER');
INSERT INTO Airplane(AirplaneID,License_plate_num,AirlineID,ModelID,OwnerID,LeasedDate,MName) VALUES (182,'WG-MU0',141,26,84,'1991-10-04','787-9 Dreamliner');
INSERT INTO Airplane(AirplaneID,License_plate_num,AirlineID,ModelID,OwnerID,LeasedDate,MName) VALUES (183,'JM-YJK',176,1,89,'1994-04-03','DC8-55');
INSERT INTO Airplane(AirplaneID,License_plate_num,AirlineID,ModelID,OwnerID,LeasedDate,MName) VALUES (184,'TQ-LSC',47,23,100,'2002-11-23','777-200LR');
INSERT INTO Airplane(AirplaneID,License_plate_num,AirlineID,ModelID,OwnerID,LeasedDate,MName) VALUES (185,'YQ-GYC',909,12,84,'2013-09-02','MD-11');
INSERT INTO Airplane(AirplaneID,License_plate_num,AirlineID,ModelID,OwnerID,LeasedDate,MName) VALUES (186,'LI-LP2',218,22,87,'2023-06-11','777-300ER');
INSERT INTO Airplane(AirplaneID,License_plate_num,AirlineID,ModelID,OwnerID,LeasedDate,MName) VALUES (187,'IL-XCF',68,20,83,'1995-04-27','A340-600');
INSERT INTO Airplane(AirplaneID,License_plate_num,AirlineID,ModelID,OwnerID,LeasedDate,MName) VALUES (188,'RI-J51',695,17,92,'2014-02-13','777-200ER');
INSERT INTO Airplane(AirplaneID,License_plate_num,AirlineID,ModelID,OwnerID,LeasedDate,MName) VALUES (189,'TS-8CZ',82,18,99,'2009-11-27','777-300');
INSERT INTO Airplane(AirplaneID,License_plate_num,AirlineID,ModelID,OwnerID,LeasedDate,MName) VALUES (190,'SD-FI3',70,12,99,'2019-12-13','MD-11');
INSERT INTO Airplane(AirplaneID,License_plate_num,AirlineID,ModelID,OwnerID,LeasedDate,MName) VALUES (191,'VH-LSJ',374,10,95,'2023-12-22','767-300ER');
INSERT INTO Airplane(AirplaneID,License_plate_num,AirlineID,ModelID,OwnerID,LeasedDate,MName) VALUES (192,'YV-MS0',378,16,95,'2009-04-02','MD-11ER');
INSERT INTO Airplane(AirplaneID,License_plate_num,AirlineID,ModelID,OwnerID,LeasedDate,MName) VALUES (193,'UX-8IO',627,23,81,'2012-10-02','777-200LR');
INSERT INTO Airplane(AirplaneID,License_plate_num,AirlineID,ModelID,OwnerID,LeasedDate,MName) VALUES (194,'KD-LDK',68,22,99,'2022-06-28','777-300ER');
INSERT INTO Airplane(AirplaneID,License_plate_num,AirlineID,ModelID,OwnerID,LeasedDate,MName) VALUES (195,'GJ-63R',229,12,88,'2019-04-25','MD-11');
INSERT INTO Airplane(AirplaneID,License_plate_num,AirlineID,ModelID,OwnerID,LeasedDate,MName) VALUES (196,'LX-0CP',104,16,98,'2008-03-25','MD-11ER');
INSERT INTO Airplane(AirplaneID,License_plate_num,AirlineID,ModelID,OwnerID,LeasedDate,MName) VALUES (197,'DX-KGZ',195,28,81,'2014-09-22','A350-1000');
INSERT INTO Airplane(AirplaneID,License_plate_num,AirlineID,ModelID,OwnerID,LeasedDate,MName) VALUES (198,'HN-YN2',112,11,86,'2004-11-15','747-400');
INSERT INTO Airplane(AirplaneID,License_plate_num,AirlineID,ModelID,OwnerID,LeasedDate,MName) VALUES (199,'TY-D34',114,20,88,'2001-04-01','A340-600');
INSERT INTO Airplane(AirplaneID,License_plate_num,AirlineID,ModelID,OwnerID,LeasedDate,MName) VALUES (200,'VA-P1B',515,20,97,'2013-07-11','A340-600');
INSERT INTO Airplane(AirplaneID,License_plate_num,AirlineID,ModelID,OwnerID,LeasedDate,MName) VALUES (201,'TX-WG4',267,20,100,'2007-11-18','A340-600');
INSERT INTO Airplane(AirplaneID,License_plate_num,AirlineID,ModelID,OwnerID,LeasedDate,MName) VALUES (202,'VY-J3M',781,7,99,'1996-07-27','L1011-TriStar 500');
INSERT INTO Airplane(AirplaneID,License_plate_num,AirlineID,ModelID,OwnerID,LeasedDate,MName) VALUES (203,'VM-0E3',910,14,83,'2018-07-14','A340-200');
INSERT INTO Airplane(AirplaneID,License_plate_num,AirlineID,ModelID,OwnerID,LeasedDate,MName) VALUES (204,'GN-OKU',932,28,92,'2000-03-10','A350-1000');
INSERT INTO Airplane(AirplaneID,License_plate_num,AirlineID,ModelID,OwnerID,LeasedDate,MName) VALUES (205,'SU-08K',297,21,87,'1992-05-16','A340-500');
INSERT INTO Airplane(AirplaneID,License_plate_num,AirlineID,ModelID,OwnerID,LeasedDate,MName) VALUES (206,'JV-LGQ',624,9,100,'1999-07-02','767-200ER');
INSERT INTO Airplane(AirplaneID,License_plate_num,AirlineID,ModelID,OwnerID,LeasedDate,MName) VALUES (207,'SA-KGZ',403,3,86,'2017-05-13','747-100');
INSERT INTO Airplane(AirplaneID,License_plate_num,AirlineID,ModelID,OwnerID,LeasedDate,MName) VALUES (208,'SF-OJB',75,5,83,'1997-04-12','DC10-30');
INSERT INTO Airplane(AirplaneID,License_plate_num,AirlineID,ModelID,OwnerID,LeasedDate,MName) VALUES (209,'SR-IQ0',78,23,89,'1993-05-17','777-200LR');
INSERT INTO Airplane(AirplaneID,License_plate_num,AirlineID,ModelID,OwnerID,LeasedDate,MName) VALUES (210,'NB-SAI',96,20,87,'1995-09-09','A340-600');
INSERT INTO Airplane(AirplaneID,License_plate_num,AirlineID,ModelID,OwnerID,LeasedDate,MName) VALUES (211,'GX-L38',61,23,95,'1996-01-14','777-200LR');
INSERT INTO Airplane(AirplaneID,License_plate_num,AirlineID,ModelID,OwnerID,LeasedDate,MName) VALUES (212,'XA-Q6R',610,8,87,'2005-11-26','747-300');
INSERT INTO Airplane(AirplaneID,License_plate_num,AirlineID,ModelID,OwnerID,LeasedDate,MName) VALUES (213,'RK-NDG',816,7,88,'2005-11-26','L1011-TriStar 500');
INSERT INTO Airplane(AirplaneID,License_plate_num,AirlineID,ModelID,OwnerID,LeasedDate,MName) VALUES (214,'KS-X6B',112,15,93,'2017-01-10','A340-300');
INSERT INTO Airplane(AirplaneID,License_plate_num,AirlineID,ModelID,OwnerID,LeasedDate,MName) VALUES (215,'FD-4V7',636,18,92,'2001-02-01','777-300');
INSERT INTO Airplane(AirplaneID,License_plate_num,AirlineID,ModelID,OwnerID,LeasedDate,MName) VALUES (216,'ES-LEM',57,19,87,'2001-01-20','A330-200');
INSERT INTO Airplane(AirplaneID,License_plate_num,AirlineID,ModelID,OwnerID,LeasedDate,MName) VALUES (217,'XL-LOF',205,5,82,'2008-03-28','DC10-30');
INSERT INTO Airplane(AirplaneID,License_plate_num,AirlineID,ModelID,OwnerID,LeasedDate,MName) VALUES (218,'EI-YIX',566,15,93,'1997-12-01','A340-300');
INSERT INTO Airplane(AirplaneID,License_plate_num,AirlineID,ModelID,OwnerID,LeasedDate,MName) VALUES (219,'ON-ROS',260,14,96,'2009-12-26','A340-200');
INSERT INTO Airplane(AirplaneID,License_plate_num,AirlineID,ModelID,OwnerID,LeasedDate,MName) VALUES (220,'ZS-0F6',512,25,99,'2015-01-29','747-8');
INSERT INTO Airplane(AirplaneID,License_plate_num,AirlineID,ModelID,OwnerID,LeasedDate,MName) VALUES (221,'HD-EW5',629,27,83,'1993-04-26','A350-900');
INSERT INTO Airplane(AirplaneID,License_plate_num,AirlineID,ModelID,OwnerID,LeasedDate,MName) VALUES (222,'IF-7AM',129,5,93,'2023-06-29','DC10-30');
INSERT INTO Airplane(AirplaneID,License_plate_num,AirlineID,ModelID,OwnerID,LeasedDate,MName) VALUES (223,'LR-TTW',324,19,98,'2012-05-28','A330-200');
INSERT INTO Airplane(AirplaneID,License_plate_num,AirlineID,ModelID,OwnerID,LeasedDate,MName) VALUES (224,'TP-96Q',580,26,100,'2009-04-01','787-9 Dreamliner');
INSERT INTO Airplane(AirplaneID,License_plate_num,AirlineID,ModelID,OwnerID,LeasedDate,MName) VALUES (225,'GO-IBD',479,14,100,'2009-07-14','A340-200');
INSERT INTO Airplane(AirplaneID,License_plate_num,AirlineID,ModelID,OwnerID,LeasedDate,MName) VALUES (226,'CA-8YO',186,25,90,'1993-12-10','747-8');
INSERT INTO Airplane(AirplaneID,License_plate_num,AirlineID,ModelID,OwnerID,LeasedDate,MName) VALUES (227,'UZ-LWA',71,25,88,'1993-11-25','747-8');
INSERT INTO Airplane(AirplaneID,License_plate_num,AirlineID,ModelID,OwnerID,LeasedDate,MName) VALUES (228,'EI-9Z8',623,2,82,'2017-06-12','DC8-62');
INSERT INTO Airplane(AirplaneID,License_plate_num,AirlineID,ModelID,OwnerID,LeasedDate,MName) VALUES (229,'CQ-3SB',695,25,83,'1998-10-11','747-8');
INSERT INTO Airplane(AirplaneID,License_plate_num,AirlineID,ModelID,OwnerID,LeasedDate,MName) VALUES (230,'GZ-A3R',71,3,89,'2010-06-22','747-100');
INSERT INTO Airplane(AirplaneID,License_plate_num,AirlineID,ModelID,OwnerID,LeasedDate,MName) VALUES (231,'TN-9BG',409,13,92,'1997-10-28','A330-300');
INSERT INTO Airplane(AirplaneID,License_plate_num,AirlineID,ModelID,OwnerID,LeasedDate,MName) VALUES (232,'EU-RDT',79,25,86,'2008-10-05','747-8');
INSERT INTO Airplane(AirplaneID,License_plate_num,AirlineID,ModelID,OwnerID,LeasedDate,MName) VALUES (233,'JY-8AW',217,9,90,'1998-03-10','767-200ER');
INSERT INTO Airplane(AirplaneID,License_plate_num,AirlineID,ModelID,OwnerID,LeasedDate,MName) VALUES (234,'MY-OM5',72,1,84,'2002-12-10','DC8-55');
INSERT INTO Airplane(AirplaneID,License_plate_num,AirlineID,ModelID,OwnerID,LeasedDate,MName) VALUES (235,'BN-UAA',395,15,92,'2016-10-05','A340-300');
INSERT INTO Airplane(AirplaneID,License_plate_num,AirlineID,ModelID,OwnerID,LeasedDate,MName) VALUES (236,'AJ-PUG',978,26,92,'2009-03-01','787-9 Dreamliner');
INSERT INTO Airplane(AirplaneID,License_plate_num,AirlineID,ModelID,OwnerID,LeasedDate,MName) VALUES (237,'QS-NTA',474,22,83,'2012-04-24','777-300ER');
INSERT INTO Airplane(AirplaneID,License_plate_num,AirlineID,ModelID,OwnerID,LeasedDate,MName) VALUES (238,'TV-JX6',269,7,85,'2013-04-08','L1011-TriStar 500');
INSERT INTO Airplane(AirplaneID,License_plate_num,AirlineID,ModelID,OwnerID,LeasedDate,MName) VALUES (239,'AI-RV6',267,22,100,'2001-08-15','777-300ER');
INSERT INTO Airplane(AirplaneID,License_plate_num,AirlineID,ModelID,OwnerID,LeasedDate,MName) VALUES (240,'IR-05J',76,21,84,'2005-05-01','A340-500');
INSERT INTO Airplane(AirplaneID,License_plate_num,AirlineID,ModelID,OwnerID,LeasedDate,MName) VALUES (241,'UD-TSR',891,20,97,'2011-02-13','A340-600');
INSERT INTO Airplane(AirplaneID,License_plate_num,AirlineID,ModelID,OwnerID,LeasedDate,MName) VALUES (242,'KI-MEC',140,16,83,'2000-08-25','MD-11ER');
INSERT INTO Airplane(AirplaneID,License_plate_num,AirlineID,ModelID,OwnerID,LeasedDate,MName) VALUES (243,'WU-SJ4',839,20,89,'1996-12-09','A340-600');
INSERT INTO Airplane(AirplaneID,License_plate_num,AirlineID,ModelID,OwnerID,LeasedDate,MName) VALUES (244,'YT-SLQ',685,6,81,'1996-05-05','DC10-40');
INSERT INTO Airplane(AirplaneID,License_plate_num,AirlineID,ModelID,OwnerID,LeasedDate,MName) VALUES (245,'PE-236',555,24,83,'1991-09-09','A380-800');
INSERT INTO Airplane(AirplaneID,License_plate_num,AirlineID,ModelID,OwnerID,LeasedDate,MName) VALUES (246,'RL-Y05',298,1,88,'2019-12-16','DC8-55');
INSERT INTO Airplane(AirplaneID,License_plate_num,AirlineID,ModelID,OwnerID,LeasedDate,MName) VALUES (247,'IF-6AF',143,18,96,'1992-08-01','777-300');
INSERT INTO Airplane(AirplaneID,License_plate_num,AirlineID,ModelID,OwnerID,LeasedDate,MName) VALUES (248,'HU-C9U',730,9,91,'2004-03-28','767-200ER');
INSERT INTO Airplane(AirplaneID,License_plate_num,AirlineID,ModelID,OwnerID,LeasedDate,MName) VALUES (249,'OG-UH3',555,22,86,'2020-11-07','777-300ER');
INSERT INTO Airplane(AirplaneID,License_plate_num,AirlineID,ModelID,OwnerID,LeasedDate,MName) VALUES (250,'FW-NOA',656,25,94,'1992-07-25','747-8');
INSERT INTO Airplane(AirplaneID,License_plate_num,AirlineID,ModelID,OwnerID,LeasedDate,MName) VALUES (251,'KB-IUF',70,19,82,'2006-09-24','A330-200');
INSERT INTO Airplane(AirplaneID,License_plate_num,AirlineID,ModelID,OwnerID,LeasedDate,MName) VALUES (252,'UA-HJR',403,14,87,'2010-09-12','A340-200');
INSERT INTO Airplane(AirplaneID,License_plate_num,AirlineID,ModelID,OwnerID,LeasedDate,MName) VALUES (253,'LJ-1E3',75,10,92,'2006-05-22','767-300ER');
INSERT INTO Airplane(AirplaneID,License_plate_num,AirlineID,ModelID,OwnerID,LeasedDate,MName) VALUES (254,'JC-J9V',695,18,99,'2000-03-07','777-300');
INSERT INTO Airplane(AirplaneID,License_plate_num,AirlineID,ModelID,OwnerID,LeasedDate,MName) VALUES (255,'YG-DRP',655,7,96,'2017-01-15','L1011-TriStar 500');
INSERT INTO Airplane(AirplaneID,License_plate_num,AirlineID,ModelID,OwnerID,LeasedDate,MName) VALUES (256,'IX-60T',403,1,82,'1996-10-26','DC8-55');
INSERT INTO Airplane(AirplaneID,License_plate_num,AirlineID,ModelID,OwnerID,LeasedDate,MName) VALUES (257,'UK-NBC',555,13,89,'2014-11-19','A330-300');
INSERT INTO Airplane(AirplaneID,License_plate_num,AirlineID,ModelID,OwnerID,LeasedDate,MName) VALUES (258,'DK-YW0',140,16,93,'2017-08-19','MD-11ER');
INSERT INTO Airplane(AirplaneID,License_plate_num,AirlineID,ModelID,OwnerID,LeasedDate,MName) VALUES (259,'CW-KCJ',171,20,83,'2018-02-07','A340-600');
INSERT INTO Airplane(AirplaneID,License_plate_num,AirlineID,ModelID,OwnerID,LeasedDate,MName) VALUES (260,'SR-AGD',57,19,95,'2019-05-16','A330-200');
INSERT INTO Airplane(AirplaneID,License_plate_num,AirlineID,ModelID,OwnerID,LeasedDate,MName) VALUES (261,'QJ-AOK',551,19,94,'2017-05-08','A330-200');
INSERT INTO Airplane(AirplaneID,License_plate_num,AirlineID,ModelID,OwnerID,LeasedDate,MName) VALUES (262,'ZR-AXO',460,23,91,'2022-03-16','777-200LR');
INSERT INTO Airplane(AirplaneID,License_plate_num,AirlineID,ModelID,OwnerID,LeasedDate,MName) VALUES (263,'DC-XPI',607,23,85,'1996-05-13','777-200LR');
INSERT INTO Airplane(AirplaneID,License_plate_num,AirlineID,ModelID,OwnerID,LeasedDate,MName) VALUES (264,'MX-5G1',77,2,96,'1990-12-11','DC8-62');
INSERT INTO Airplane(AirplaneID,License_plate_num,AirlineID,ModelID,OwnerID,LeasedDate,MName) VALUES (265,'BK-C6V',16,3,95,'2002-11-06','747-100');
INSERT INTO Airplane(AirplaneID,License_plate_num,AirlineID,ModelID,OwnerID,LeasedDate,MName) VALUES (266,'YR-KKE',16,20,94,'2006-10-09','A340-600');
INSERT INTO Airplane(AirplaneID,License_plate_num,AirlineID,ModelID,OwnerID,LeasedDate,MName) VALUES (267,'XT-WMT',860,13,92,'2004-09-12','A330-300');
INSERT INTO Airplane(AirplaneID,License_plate_num,AirlineID,ModelID,OwnerID,LeasedDate,MName) VALUES (268,'YW-FL3',77,4,100,'2017-03-08','747-200');
INSERT INTO Airplane(AirplaneID,License_plate_num,AirlineID,ModelID,OwnerID,LeasedDate,MName) VALUES (269,'ZM-1DU',191,20,81,'2006-01-19','A340-600');
INSERT INTO Airplane(AirplaneID,License_plate_num,AirlineID,ModelID,OwnerID,LeasedDate,MName) VALUES (270,'ZM-LG8',310,13,93,'1996-07-08','A330-300');
INSERT INTO Airplane(AirplaneID,License_plate_num,AirlineID,ModelID,OwnerID,LeasedDate,MName) VALUES (271,'HM-K27',860,19,86,'2004-09-07','A330-200');
INSERT INTO Airplane(AirplaneID,License_plate_num,AirlineID,ModelID,OwnerID,LeasedDate,MName) VALUES (272,'AI-4CD',997,17,88,'2023-06-20','777-200ER');
INSERT INTO Airplane(AirplaneID,License_plate_num,AirlineID,ModelID,OwnerID,LeasedDate,MName) VALUES (273,'ZV-CQ6',860,15,87,'2013-10-19','A340-300');
INSERT INTO Airplane(AirplaneID,License_plate_num,AirlineID,ModelID,OwnerID,LeasedDate,MName) VALUES (274,'KJ-RMR',104,8,96,'1994-03-25','747-300');
INSERT INTO Airplane(AirplaneID,License_plate_num,AirlineID,ModelID,OwnerID,LeasedDate,MName) VALUES (275,'WZ-H28',191,26,92,'2021-06-30','787-9 Dreamliner');
INSERT INTO Airplane(AirplaneID,License_plate_num,AirlineID,ModelID,OwnerID,LeasedDate,MName) VALUES (276,'VO-LTG',131,14,98,'1998-03-06','A340-200');
INSERT INTO Airplane(AirplaneID,License_plate_num,AirlineID,ModelID,OwnerID,LeasedDate,MName) VALUES (277,'FC-LN5',111,15,83,'2000-12-11','A340-300');
INSERT INTO Airplane(AirplaneID,License_plate_num,AirlineID,ModelID,OwnerID,LeasedDate,MName) VALUES (278,'VI-YJQ',706,10,93,'2005-03-18','767-300ER');
INSERT INTO Airplane(AirplaneID,License_plate_num,AirlineID,ModelID,OwnerID,LeasedDate,MName) VALUES (279,'ID-B2Y',112,3,82,'2004-12-11','747-100');
INSERT INTO Airplane(AirplaneID,License_plate_num,AirlineID,ModelID,OwnerID,LeasedDate,MName) VALUES (280,'IP-NQY',706,20,81,'2015-04-02','A340-600');
INSERT INTO Airplane(AirplaneID,License_plate_num,AirlineID,ModelID,OwnerID,LeasedDate,MName) VALUES (281,'DF-PXB',75,2,81,'1994-10-20','DC8-62');
INSERT INTO Airplane(AirplaneID,License_plate_num,AirlineID,ModelID,OwnerID,LeasedDate,MName) VALUES (282,'AI-AP6',655,25,81,'2021-04-05','747-8');
INSERT INTO Airplane(AirplaneID,License_plate_num,AirlineID,ModelID,OwnerID,LeasedDate,MName) VALUES (283,'NL-OUE',872,14,99,'1990-01-04','A340-200');
INSERT INTO Airplane(AirplaneID,License_plate_num,AirlineID,ModelID,OwnerID,LeasedDate,MName) VALUES (284,'EC-NZ2',14,10,92,'1993-12-17','767-300ER');
INSERT INTO Airplane(AirplaneID,License_plate_num,AirlineID,ModelID,OwnerID,LeasedDate,MName) VALUES (285,'NS-WY1',866,4,90,'2018-02-23','747-200');
INSERT INTO Airplane(AirplaneID,License_plate_num,AirlineID,ModelID,OwnerID,LeasedDate,MName) VALUES (286,'FD-7V3',544,7,90,'1996-06-17','L1011-TriStar 500');
INSERT INTO Airplane(AirplaneID,License_plate_num,AirlineID,ModelID,OwnerID,LeasedDate,MName) VALUES (287,'BX-20J',64,2,94,'1993-07-06','DC8-62');
INSERT INTO Airplane(AirplaneID,License_plate_num,AirlineID,ModelID,OwnerID,LeasedDate,MName) VALUES (288,'NE-W15',580,26,93,'1997-09-29','787-9 Dreamliner');
INSERT INTO Airplane(AirplaneID,License_plate_num,AirlineID,ModelID,OwnerID,LeasedDate,MName) VALUES (289,'TZ-9JR',55,15,91,'2021-12-17','A340-300');
INSERT INTO Airplane(AirplaneID,License_plate_num,AirlineID,ModelID,OwnerID,LeasedDate,MName) VALUES (290,'OB-28X',627,27,87,'2022-03-24','A350-900');
INSERT INTO Airplane(AirplaneID,License_plate_num,AirlineID,ModelID,OwnerID,LeasedDate,MName) VALUES (291,'TS-VTJ',427,4,87,'2020-07-08','747-200');
INSERT INTO Airplane(AirplaneID,License_plate_num,AirlineID,ModelID,OwnerID,LeasedDate,MName) VALUES (292,'BF-671',220,6,92,'1996-12-05','DC10-40');
INSERT INTO Airplane(AirplaneID,License_plate_num,AirlineID,ModelID,OwnerID,LeasedDate,MName) VALUES (293,'KV-X9J',105,2,88,'2012-11-11','DC8-62');
INSERT INTO Airplane(AirplaneID,License_plate_num,AirlineID,ModelID,OwnerID,LeasedDate,MName) VALUES (294,'KQ-72Q',230,8,94,'2019-10-30','747-300');
INSERT INTO Airplane(AirplaneID,License_plate_num,AirlineID,ModelID,OwnerID,LeasedDate,MName) VALUES (295,'IS-SL8',767,3,82,'1992-08-14','747-100');
INSERT INTO Airplane(AirplaneID,License_plate_num,AirlineID,ModelID,OwnerID,LeasedDate,MName) VALUES (296,'OP-0KJ',459,22,89,'2019-07-07','777-300ER');
INSERT INTO Airplane(AirplaneID,License_plate_num,AirlineID,ModelID,OwnerID,LeasedDate,MName) VALUES (297,'JE-59F',105,17,81,'2001-11-08','777-200ER');
INSERT INTO Airplane(AirplaneID,License_plate_num,AirlineID,ModelID,OwnerID,LeasedDate,MName) VALUES (298,'BD-ROR',267,9,98,'2010-08-09','767-200ER');
INSERT INTO Airplane(AirplaneID,License_plate_num,AirlineID,ModelID,OwnerID,LeasedDate,MName) VALUES (299,'OU-ZNV',230,3,86,'2014-03-13','747-100');
INSERT INTO Airplane(AirplaneID,License_plate_num,AirlineID,ModelID,OwnerID,LeasedDate,MName) VALUES (300,'WG-18S',235,20,92,'1992-04-04','A340-600');
INSERT INTO Airplane(AirplaneID,License_plate_num,AirlineID,ModelID,OwnerID,LeasedDate,MName) VALUES (301,'HK-1GV',623,16,92,'1996-04-23','MD-11ER');
INSERT INTO Airplane(AirplaneID,License_plate_num,AirlineID,ModelID,OwnerID,LeasedDate,MName) VALUES (302,'YL-YKF',607,12,90,'2004-08-13','MD-11');
INSERT INTO Airplane(AirplaneID,License_plate_num,AirlineID,ModelID,OwnerID,LeasedDate,MName) VALUES (303,'UQ-J8O',816,18,99,'1991-08-08','777-300');
INSERT INTO Airplane(AirplaneID,License_plate_num,AirlineID,ModelID,OwnerID,LeasedDate,MName) VALUES (304,'TI-T3W',957,5,83,'2017-09-07','DC10-30');
INSERT INTO Airplane(AirplaneID,License_plate_num,AirlineID,ModelID,OwnerID,LeasedDate,MName) VALUES (305,'KD-OVK',413,10,87,'2009-04-14','767-300ER');
INSERT INTO Airplane(AirplaneID,License_plate_num,AirlineID,ModelID,OwnerID,LeasedDate,MName) VALUES (306,'EX-YC2',996,13,91,'2022-06-25','A330-300');
INSERT INTO Airplane(AirplaneID,License_plate_num,AirlineID,ModelID,OwnerID,LeasedDate,MName) VALUES (307,'KV-79E',730,13,83,'2010-05-23','A330-300');
INSERT INTO Airplane(AirplaneID,License_plate_num,AirlineID,ModelID,OwnerID,LeasedDate,MName) VALUES (308,'FJ-WWA',72,27,94,'2021-02-19','A350-900');
INSERT INTO Airplane(AirplaneID,License_plate_num,AirlineID,ModelID,OwnerID,LeasedDate,MName) VALUES (309,'JZ-KO8',774,9,83,'1994-10-07','767-200ER');
INSERT INTO Airplane(AirplaneID,License_plate_num,AirlineID,ModelID,OwnerID,LeasedDate,MName) VALUES (310,'DZ-NOK',706,13,99,'2021-08-20','A330-300');
INSERT INTO Airplane(AirplaneID,License_plate_num,AirlineID,ModelID,OwnerID,LeasedDate,MName) VALUES (311,'YB-7RC',378,8,88,'2020-01-15','747-300');
INSERT INTO Airplane(AirplaneID,License_plate_num,AirlineID,ModelID,OwnerID,LeasedDate,MName) VALUES (312,'BS-FWW',229,26,85,'2000-05-14','787-9 Dreamliner');
INSERT INTO Airplane(AirplaneID,License_plate_num,AirlineID,ModelID,OwnerID,LeasedDate,MName) VALUES (313,'YN-5CN',80,18,91,'2021-01-21','777-300');
INSERT INTO Airplane(AirplaneID,License_plate_num,AirlineID,ModelID,OwnerID,LeasedDate,MName) VALUES (314,'SQ-NJL',544,19,99,'2012-08-17','A330-200');
INSERT INTO Airplane(AirplaneID,License_plate_num,AirlineID,ModelID,OwnerID,LeasedDate,MName) VALUES (315,'VW-1MV',30,22,94,'2018-02-15','777-300ER');
INSERT INTO Airplane(AirplaneID,License_plate_num,AirlineID,ModelID,OwnerID,LeasedDate,MName) VALUES (316,'PQ-XT4',96,9,95,'1993-09-25','767-200ER');
INSERT INTO Airplane(AirplaneID,License_plate_num,AirlineID,ModelID,OwnerID,LeasedDate,MName) VALUES (317,'SC-KLO',706,22,95,'2003-12-29','777-300ER');
INSERT INTO Airplane(AirplaneID,License_plate_num,AirlineID,ModelID,OwnerID,LeasedDate,MName) VALUES (318,'LJ-PVA',566,26,88,'1992-08-15','787-9 Dreamliner');
INSERT INTO Airplane(AirplaneID,License_plate_num,AirlineID,ModelID,OwnerID,LeasedDate,MName) VALUES (319,'XC-GGK',269,15,89,'2008-01-15','A340-300');
INSERT INTO Airplane(AirplaneID,License_plate_num,AirlineID,ModelID,OwnerID,LeasedDate,MName) VALUES (320,'AV-B6H',624,26,98,'2020-05-15','787-9 Dreamliner');
INSERT INTO Airplane(AirplaneID,License_plate_num,AirlineID,ModelID,OwnerID,LeasedDate,MName) VALUES (321,'IG-RZB',618,19,100,'2023-05-29','A330-200');
INSERT INTO Airplane(AirplaneID,License_plate_num,AirlineID,ModelID,OwnerID,LeasedDate,MName) VALUES (322,'TY-R5L',197,4,89,'2015-10-17','747-200');
INSERT INTO Airplane(AirplaneID,License_plate_num,AirlineID,ModelID,OwnerID,LeasedDate,MName) VALUES (323,'SM-J0Y',999,15,97,'2001-01-25','A340-300');
INSERT INTO Airplane(AirplaneID,License_plate_num,AirlineID,ModelID,OwnerID,LeasedDate,MName) VALUES (324,'SX-2FP',250,13,93,'2009-06-14','A330-300');
INSERT INTO Airplane(AirplaneID,License_plate_num,AirlineID,ModelID,OwnerID,LeasedDate,MName) VALUES (325,'FU-2V8',176,10,95,'2014-08-26','767-300ER');
INSERT INTO Airplane(AirplaneID,License_plate_num,AirlineID,ModelID,OwnerID,LeasedDate,MName) VALUES (326,'FW-X3Q',214,4,93,'1997-11-30','747-200');
INSERT INTO Airplane(AirplaneID,License_plate_num,AirlineID,ModelID,OwnerID,LeasedDate,MName) VALUES (327,'YB-P2N',250,10,82,'1995-06-09','767-300ER');
INSERT INTO Airplane(AirplaneID,License_plate_num,AirlineID,ModelID,OwnerID,LeasedDate,MName) VALUES (328,'UR-DQ3',796,3,90,'2009-03-18','747-100');
INSERT INTO Airplane(AirplaneID,License_plate_num,AirlineID,ModelID,OwnerID,LeasedDate,MName) VALUES (329,'XK-60X',555,5,89,'2003-12-12','DC10-30');
INSERT INTO Airplane(AirplaneID,License_plate_num,AirlineID,ModelID,OwnerID,LeasedDate,MName) VALUES (330,'RD-ERY',197,10,99,'2014-06-18','767-300ER');
INSERT INTO Airplane(AirplaneID,License_plate_num,AirlineID,ModelID,OwnerID,LeasedDate,MName) VALUES (331,'CD-9HJ',239,6,97,'2011-11-19','DC10-40');
INSERT INTO Airplane(AirplaneID,License_plate_num,AirlineID,ModelID,OwnerID,LeasedDate,MName) VALUES (332,'NL-6O8',796,6,91,'2014-10-13','DC10-40');
INSERT INTO Airplane(AirplaneID,License_plate_num,AirlineID,ModelID,OwnerID,LeasedDate,MName) VALUES (333,'DI-EPP',459,24,84,'2009-01-14','A380-800');
INSERT INTO Airplane(AirplaneID,License_plate_num,AirlineID,ModelID,OwnerID,LeasedDate,MName) VALUES (334,'QH-K37',891,10,86,'1997-09-22','767-300ER');
INSERT INTO Airplane(AirplaneID,License_plate_num,AirlineID,ModelID,OwnerID,LeasedDate,MName) VALUES (335,'PH-J4B',44,28,90,'2005-01-20','A350-1000');
INSERT INTO Airplane(AirplaneID,License_plate_num,AirlineID,ModelID,OwnerID,LeasedDate,MName) VALUES (336,'KH-5UJ',685,6,97,'2004-07-09','DC10-40');
INSERT INTO Airplane(AirplaneID,License_plate_num,AirlineID,ModelID,OwnerID,LeasedDate,MName) VALUES (337,'IY-T2O',767,11,99,'2022-07-30','747-400');
INSERT INTO Airplane(AirplaneID,License_plate_num,AirlineID,ModelID,OwnerID,LeasedDate,MName) VALUES (338,'ZO-OTD',872,10,88,'2012-08-11','767-300ER');
INSERT INTO Airplane(AirplaneID,License_plate_num,AirlineID,ModelID,OwnerID,LeasedDate,MName) VALUES (339,'TN-2QG',61,11,93,'1999-07-04','747-400');
INSERT INTO Airplane(AirplaneID,License_plate_num,AirlineID,ModelID,OwnerID,LeasedDate,MName) VALUES (340,'WP-OIX',886,6,99,'2014-12-11','DC10-40');
INSERT INTO Airplane(AirplaneID,License_plate_num,AirlineID,ModelID,OwnerID,LeasedDate,MName) VALUES (341,'DU-2B5',636,9,92,'1996-07-08','767-200ER');
INSERT INTO Airplane(AirplaneID,License_plate_num,AirlineID,ModelID,OwnerID,LeasedDate,MName) VALUES (342,'JI-CBT',6,6,89,'2011-03-29','DC10-40');
INSERT INTO Airplane(AirplaneID,License_plate_num,AirlineID,ModelID,OwnerID,LeasedDate,MName) VALUES (343,'RX-90M',555,24,92,'1995-11-16','A380-800');
INSERT INTO Airplane(AirplaneID,License_plate_num,AirlineID,ModelID,OwnerID,LeasedDate,MName) VALUES (344,'BG-NJM',831,18,91,'1991-02-11','777-300');
INSERT INTO Airplane(AirplaneID,License_plate_num,AirlineID,ModelID,OwnerID,LeasedDate,MName) VALUES (345,'SB-JY8',108,21,86,'1995-04-24','A340-500');
INSERT INTO Airplane(AirplaneID,License_plate_num,AirlineID,ModelID,OwnerID,LeasedDate,MName) VALUES (346,'TI-WWT',68,4,100,'2000-05-10','747-200');
INSERT INTO Airplane(AirplaneID,License_plate_num,AirlineID,ModelID,OwnerID,LeasedDate,MName) VALUES (347,'CX-WWM',997,18,83,'2020-03-21','777-300');
INSERT INTO Airplane(AirplaneID,License_plate_num,AirlineID,ModelID,OwnerID,LeasedDate,MName) VALUES (348,'XY-Z4C',104,27,96,'1997-04-02','A350-900');
INSERT INTO Airplane(AirplaneID,License_plate_num,AirlineID,ModelID,OwnerID,LeasedDate,MName) VALUES (349,'MG-OUF',767,25,88,'1993-05-11','747-8');
INSERT INTO Airplane(AirplaneID,License_plate_num,AirlineID,ModelID,OwnerID,LeasedDate,MName) VALUES (350,'RC-UVD',815,24,83,'1996-03-16','A380-800');
INSERT INTO Airplane(AirplaneID,License_plate_num,AirlineID,ModelID,OwnerID,LeasedDate,MName) VALUES (351,'AU-75O',135,28,98,'1995-06-16','A350-1000');
INSERT INTO Airplane(AirplaneID,License_plate_num,AirlineID,ModelID,OwnerID,LeasedDate,MName) VALUES (352,'FO-WFC',82,27,98,'2015-08-27','A350-900');
INSERT INTO Airplane(AirplaneID,License_plate_num,AirlineID,ModelID,OwnerID,LeasedDate,MName) VALUES (353,'KX-SCB',14,11,84,'2019-04-22','747-400');
INSERT INTO Airplane(AirplaneID,License_plate_num,AirlineID,ModelID,OwnerID,LeasedDate,MName) VALUES (354,'AC-OPY',289,13,91,'1995-07-01','A330-300');
INSERT INTO Airplane(AirplaneID,License_plate_num,AirlineID,ModelID,OwnerID,LeasedDate,MName) VALUES (355,'DQ-GNJ',643,28,94,'2002-12-18','A350-1000');
INSERT INTO Airplane(AirplaneID,License_plate_num,AirlineID,ModelID,OwnerID,LeasedDate,MName) VALUES (356,'KL-VO4',555,28,81,'2003-03-24','A350-1000');
INSERT INTO Airplane(AirplaneID,License_plate_num,AirlineID,ModelID,OwnerID,LeasedDate,MName) VALUES (357,'YW-6JW',141,15,82,'1998-02-12','A340-300');
INSERT INTO Airplane(AirplaneID,License_plate_num,AirlineID,ModelID,OwnerID,LeasedDate,MName) VALUES (358,'OE-1XU',566,26,100,'1990-09-08','787-9 Dreamliner');
INSERT INTO Airplane(AirplaneID,License_plate_num,AirlineID,ModelID,OwnerID,LeasedDate,MName) VALUES (359,'KA-891',325,20,81,'2003-05-03','A340-600');
INSERT INTO Airplane(AirplaneID,License_plate_num,AirlineID,ModelID,OwnerID,LeasedDate,MName) VALUES (360,'LY-IF9',374,7,99,'1992-10-10','L1011-TriStar 500');
INSERT INTO Airplane(AirplaneID,License_plate_num,AirlineID,ModelID,OwnerID,LeasedDate,MName) VALUES (361,'HN-3WZ',173,23,83,'1990-09-16','777-200LR');
INSERT INTO Airplane(AirplaneID,License_plate_num,AirlineID,ModelID,OwnerID,LeasedDate,MName) VALUES (362,'XO-TUA',512,8,83,'2005-10-16','747-300');
INSERT INTO Airplane(AirplaneID,License_plate_num,AirlineID,ModelID,OwnerID,LeasedDate,MName) VALUES (363,'AN-RKD',101,19,96,'2020-01-28','A330-200');
INSERT INTO Airplane(AirplaneID,License_plate_num,AirlineID,ModelID,OwnerID,LeasedDate,MName) VALUES (364,'PQ-C3N',98,28,98,'2005-04-22','A350-1000');
INSERT INTO Airplane(AirplaneID,License_plate_num,AirlineID,ModelID,OwnerID,LeasedDate,MName) VALUES (365,'ZS-447',828,13,88,'1993-03-01','A330-300');
INSERT INTO Airplane(AirplaneID,License_plate_num,AirlineID,ModelID,OwnerID,LeasedDate,MName) VALUES (366,'JH-GF1',53,24,100,'2021-05-20','A380-800');
INSERT INTO Airplane(AirplaneID,License_plate_num,AirlineID,ModelID,OwnerID,LeasedDate,MName) VALUES (367,'TK-Y2L',14,4,82,'1993-01-27','747-200');
INSERT INTO Airplane(AirplaneID,License_plate_num,AirlineID,ModelID,OwnerID,LeasedDate,MName) VALUES (368,'LU-SCR',43,21,97,'2005-08-14','A340-500');
INSERT INTO Airplane(AirplaneID,License_plate_num,AirlineID,ModelID,OwnerID,LeasedDate,MName) VALUES (369,'RP-AZJ',217,21,94,'2020-09-18','A340-500');
INSERT INTO Airplane(AirplaneID,License_plate_num,AirlineID,ModelID,OwnerID,LeasedDate,MName) VALUES (370,'PS-USV',938,2,85,'2015-04-09','DC8-62');
INSERT INTO Airplane(AirplaneID,License_plate_num,AirlineID,ModelID,OwnerID,LeasedDate,MName) VALUES (371,'WG-NY6',706,18,91,'2021-05-20','777-300');
INSERT INTO Airplane(AirplaneID,License_plate_num,AirlineID,ModelID,OwnerID,LeasedDate,MName) VALUES (372,'RA-PCH',544,11,92,'2007-05-11','747-400');
INSERT INTO Airplane(AirplaneID,License_plate_num,AirlineID,ModelID,OwnerID,LeasedDate,MName) VALUES (373,'XB-N1H',627,10,96,'2006-02-05','767-300ER');
INSERT INTO Airplane(AirplaneID,License_plate_num,AirlineID,ModelID,OwnerID,LeasedDate,MName) VALUES (374,'QD-E6R',186,28,92,'2016-10-23','A350-1000');
INSERT INTO Airplane(AirplaneID,License_plate_num,AirlineID,ModelID,OwnerID,LeasedDate,MName) VALUES (375,'YT-7DB',898,14,97,'2005-07-01','A340-200');
INSERT INTO Airplane(AirplaneID,License_plate_num,AirlineID,ModelID,OwnerID,LeasedDate,MName) VALUES (376,'XJ-4YM',607,15,97,'2007-09-28','A340-300');
INSERT INTO Airplane(AirplaneID,License_plate_num,AirlineID,ModelID,OwnerID,LeasedDate,MName) VALUES (377,'KZ-KOJ',459,26,90,'2015-05-08','787-9 Dreamliner');
INSERT INTO Airplane(AirplaneID,License_plate_num,AirlineID,ModelID,OwnerID,LeasedDate,MName) VALUES (378,'PC-FG9',125,9,81,'2023-07-06','767-200ER');
INSERT INTO Airplane(AirplaneID,License_plate_num,AirlineID,ModelID,OwnerID,LeasedDate,MName) VALUES (379,'AM-QR3',258,8,89,'2000-08-24','747-300');
INSERT INTO Airplane(AirplaneID,License_plate_num,AirlineID,ModelID,OwnerID,LeasedDate,MName) VALUES (380,'WO-K9I',716,21,81,'2016-11-02','A340-500');
INSERT INTO Airplane(AirplaneID,License_plate_num,AirlineID,ModelID,OwnerID,LeasedDate,MName) VALUES (381,'XM-KGC',72,1,90,'2000-12-14','DC8-55');
INSERT INTO Airplane(AirplaneID,License_plate_num,AirlineID,ModelID,OwnerID,LeasedDate,MName) VALUES (382,'KB-XU6',459,14,92,'2015-10-06','A340-200');
INSERT INTO Airplane(AirplaneID,License_plate_num,AirlineID,ModelID,OwnerID,LeasedDate,MName) VALUES (383,'HK-2CQ',624,26,95,'1995-07-17','787-9 Dreamliner');
INSERT INTO Airplane(AirplaneID,License_plate_num,AirlineID,ModelID,OwnerID,LeasedDate,MName) VALUES (384,'TA-C6T',685,8,86,'1997-04-17','747-300');
INSERT INTO Airplane(AirplaneID,License_plate_num,AirlineID,ModelID,OwnerID,LeasedDate,MName) VALUES (385,'BE-PWQ',205,5,90,'2019-06-05','DC10-30');
INSERT INTO Airplane(AirplaneID,License_plate_num,AirlineID,ModelID,OwnerID,LeasedDate,MName) VALUES (386,'ZA-9DS',803,18,96,'2001-05-20','777-300');
INSERT INTO Airplane(AirplaneID,License_plate_num,AirlineID,ModelID,OwnerID,LeasedDate,MName) VALUES (387,'WX-1XT',880,11,85,'1995-12-14','747-400');
INSERT INTO Airplane(AirplaneID,License_plate_num,AirlineID,ModelID,OwnerID,LeasedDate,MName) VALUES (388,'LJ-S6A',45,25,91,'2021-08-22','747-8');
INSERT INTO Airplane(AirplaneID,License_plate_num,AirlineID,ModelID,OwnerID,LeasedDate,MName) VALUES (389,'WE-TPG',880,13,85,'2014-12-27','A330-300');
INSERT INTO Airplane(AirplaneID,License_plate_num,AirlineID,ModelID,OwnerID,LeasedDate,MName) VALUES (390,'YT-8TL',75,14,100,'2010-10-16','A340-200');
INSERT INTO Airplane(AirplaneID,License_plate_num,AirlineID,ModelID,OwnerID,LeasedDate,MName) VALUES (391,'YS-U9G',110,17,81,'1991-02-20','777-200ER');
INSERT INTO Airplane(AirplaneID,License_plate_num,AirlineID,ModelID,OwnerID,LeasedDate,MName) VALUES (392,'FJ-MNL',141,14,85,'1997-09-26','A340-200');
INSERT INTO Airplane(AirplaneID,License_plate_num,AirlineID,ModelID,OwnerID,LeasedDate,MName) VALUES (393,'QT-JCO',139,26,88,'2011-10-21','787-9 Dreamliner');
INSERT INTO Airplane(AirplaneID,License_plate_num,AirlineID,ModelID,OwnerID,LeasedDate,MName) VALUES (394,'BN-CV6',551,13,83,'2010-12-16','A330-300');
INSERT INTO Airplane(AirplaneID,License_plate_num,AirlineID,ModelID,OwnerID,LeasedDate,MName) VALUES (395,'VZ-DHU',898,28,88,'2017-03-02','A350-1000');
INSERT INTO Airplane(AirplaneID,License_plate_num,AirlineID,ModelID,OwnerID,LeasedDate,MName) VALUES (396,'DW-PCG',117,20,91,'1990-05-20','A340-600');
INSERT INTO Airplane(AirplaneID,License_plate_num,AirlineID,ModelID,OwnerID,LeasedDate,MName) VALUES (397,'JU-J5Y',395,21,91,'1993-01-08','A340-500');
INSERT INTO Airplane(AirplaneID,License_plate_num,AirlineID,ModelID,OwnerID,LeasedDate,MName) VALUES (398,'TV-9PK',228,6,82,'1998-05-01','DC10-40');
INSERT INTO Airplane(AirplaneID,License_plate_num,AirlineID,ModelID,OwnerID,LeasedDate,MName) VALUES (399,'YX-833',112,9,90,'2005-09-02','767-200ER');
INSERT INTO Airplane(AirplaneID,License_plate_num,AirlineID,ModelID,OwnerID,LeasedDate,MName) VALUES (400,'ZS-CZN',427,25,82,'2023-12-08','747-8');
INSERT INTO Airplane(AirplaneID,License_plate_num,AirlineID,ModelID,OwnerID,LeasedDate,MName) VALUES (401,'HL-4HG',694,27,87,'2014-01-30','A350-900');
INSERT INTO Airplane(AirplaneID,License_plate_num,AirlineID,ModelID,OwnerID,LeasedDate,MName) VALUES (402,'DR-6HD',105,3,94,'2008-11-15','747-100');
INSERT INTO Airplane(AirplaneID,License_plate_num,AirlineID,ModelID,OwnerID,LeasedDate,MName) VALUES (403,'YP-VL1',459,1,99,'2010-09-06','DC8-55');
INSERT INTO Airplane(AirplaneID,License_plate_num,AirlineID,ModelID,OwnerID,LeasedDate,MName) VALUES (404,'SI-7V2',86,23,97,'1994-11-10','777-200LR');
INSERT INTO Airplane(AirplaneID,License_plate_num,AirlineID,ModelID,OwnerID,LeasedDate,MName) VALUES (405,'FH-QKF',108,21,89,'1992-12-17','A340-500');
INSERT INTO Airplane(AirplaneID,License_plate_num,AirlineID,ModelID,OwnerID,LeasedDate,MName) VALUES (406,'IE-E2O',134,10,82,'1996-01-31','767-300ER');
INSERT INTO Airplane(AirplaneID,License_plate_num,AirlineID,ModelID,OwnerID,LeasedDate,MName) VALUES (407,'FC-ZK5',515,13,87,'2013-03-21','A330-300');
INSERT INTO Airplane(AirplaneID,License_plate_num,AirlineID,ModelID,OwnerID,LeasedDate,MName) VALUES (408,'IV-EAE',731,1,91,'1991-10-11','DC8-55');
INSERT INTO Airplane(AirplaneID,License_plate_num,AirlineID,ModelID,OwnerID,LeasedDate,MName) VALUES (409,'IE-BWU',909,11,89,'2002-06-27','747-400');
INSERT INTO Airplane(AirplaneID,License_plate_num,AirlineID,ModelID,OwnerID,LeasedDate,MName) VALUES (410,'PY-J6H',978,19,89,'2003-05-13','A330-200');
INSERT INTO Airplane(AirplaneID,License_plate_num,AirlineID,ModelID,OwnerID,LeasedDate,MName) VALUES (411,'JV-6BR',157,28,87,'1991-07-31','A350-1000');
INSERT INTO Airplane(AirplaneID,License_plate_num,AirlineID,ModelID,OwnerID,LeasedDate,MName) VALUES (412,'ID-PRJ',160,12,83,'2016-12-30','MD-11');
INSERT INTO Airplane(AirplaneID,License_plate_num,AirlineID,ModelID,OwnerID,LeasedDate,MName) VALUES (413,'YR-YMQ',731,20,84,'1995-07-30','A340-600');
INSERT INTO Airplane(AirplaneID,License_plate_num,AirlineID,ModelID,OwnerID,LeasedDate,MName) VALUES (414,'LV-SSY',149,22,98,'2007-01-02','777-300ER');
INSERT INTO Airplane(AirplaneID,License_plate_num,AirlineID,ModelID,OwnerID,LeasedDate,MName) VALUES (415,'DA-4V3',623,16,86,'1996-11-08','MD-11ER');
INSERT INTO Airplane(AirplaneID,License_plate_num,AirlineID,ModelID,OwnerID,LeasedDate,MName) VALUES (416,'LS-IDA',110,24,85,'2019-09-02','A380-800');
INSERT INTO Airplane(AirplaneID,License_plate_num,AirlineID,ModelID,OwnerID,LeasedDate,MName) VALUES (417,'KP-M55',997,16,89,'1990-05-15','MD-11ER');
INSERT INTO Airplane(AirplaneID,License_plate_num,AirlineID,ModelID,OwnerID,LeasedDate,MName) VALUES (418,'LJ-WYS',731,15,100,'2011-06-03','A340-300');
INSERT INTO Airplane(AirplaneID,License_plate_num,AirlineID,ModelID,OwnerID,LeasedDate,MName) VALUES (419,'SM-YSR',881,18,85,'2010-01-05','777-300');
INSERT INTO Airplane(AirplaneID,License_plate_num,AirlineID,ModelID,OwnerID,LeasedDate,MName) VALUES (420,'JH-3BD',838,24,84,'2010-01-07','A380-800');
INSERT INTO Airplane(AirplaneID,License_plate_num,AirlineID,ModelID,OwnerID,LeasedDate,MName) VALUES (421,'MI-2NY',722,28,90,'2023-02-09','A350-1000');
INSERT INTO Airplane(AirplaneID,License_plate_num,AirlineID,ModelID,OwnerID,LeasedDate,MName) VALUES (422,'WB-0SS',898,8,90,'2000-03-22','747-300');
INSERT INTO Airplane(AirplaneID,License_plate_num,AirlineID,ModelID,OwnerID,LeasedDate,MName) VALUES (423,'PY-GOS',141,27,83,'2017-12-24','A350-900');
INSERT INTO Airplane(AirplaneID,License_plate_num,AirlineID,ModelID,OwnerID,LeasedDate,MName) VALUES (424,'KP-GJE',105,7,86,'2018-03-17','L1011-TriStar 500');
INSERT INTO Airplane(AirplaneID,License_plate_num,AirlineID,ModelID,OwnerID,LeasedDate,MName) VALUES (425,'BO-7GS',128,3,96,'2006-05-23','747-100');
INSERT INTO Airplane(AirplaneID,License_plate_num,AirlineID,ModelID,OwnerID,LeasedDate,MName) VALUES (426,'RJ-50P',202,19,96,'2017-06-09','A330-200');
INSERT INTO Airplane(AirplaneID,License_plate_num,AirlineID,ModelID,OwnerID,LeasedDate,MName) VALUES (427,'CV-5UO',126,27,82,'2004-08-05','A350-900');
INSERT INTO Airplane(AirplaneID,License_plate_num,AirlineID,ModelID,OwnerID,LeasedDate,MName) VALUES (428,'NG-2JV',730,7,81,'2009-11-23','L1011-TriStar 500');
INSERT INTO Airplane(AirplaneID,License_plate_num,AirlineID,ModelID,OwnerID,LeasedDate,MName) VALUES (429,'TW-J78',610,25,86,'1997-06-16','747-8');
INSERT INTO Airplane(AirplaneID,License_plate_num,AirlineID,ModelID,OwnerID,LeasedDate,MName) VALUES (430,'SL-VH0',898,26,96,'2022-05-30','787-9 Dreamliner');
INSERT INTO Airplane(AirplaneID,License_plate_num,AirlineID,ModelID,OwnerID,LeasedDate,MName) VALUES (431,'ZF-DES',804,19,97,'2021-06-06','A330-200');
INSERT INTO Airplane(AirplaneID,License_plate_num,AirlineID,ModelID,OwnerID,LeasedDate,MName) VALUES (432,'AU-RWA',258,20,87,'2011-06-18','A340-600');
INSERT INTO Airplane(AirplaneID,License_plate_num,AirlineID,ModelID,OwnerID,LeasedDate,MName) VALUES (433,'LT-KV8',106,5,87,'2019-02-16','DC10-30');
INSERT INTO Airplane(AirplaneID,License_plate_num,AirlineID,ModelID,OwnerID,LeasedDate,MName) VALUES (434,'AV-XRX',72,19,92,'1991-03-27','A330-200');
INSERT INTO Airplane(AirplaneID,License_plate_num,AirlineID,ModelID,OwnerID,LeasedDate,MName) VALUES (435,'NT-CZ6',74,21,93,'2019-11-28','A340-500');
INSERT INTO Airplane(AirplaneID,License_plate_num,AirlineID,ModelID,OwnerID,LeasedDate,MName) VALUES (436,'XV-O77',610,7,97,'2005-05-30','L1011-TriStar 500');
INSERT INTO Airplane(AirplaneID,License_plate_num,AirlineID,ModelID,OwnerID,LeasedDate,MName) VALUES (437,'KL-7T8',140,10,96,'2000-07-24','767-300ER');
INSERT INTO Airplane(AirplaneID,License_plate_num,AirlineID,ModelID,OwnerID,LeasedDate,MName) VALUES (438,'CU-9FE',695,24,86,'2016-07-25','A380-800');
INSERT INTO Airplane(AirplaneID,License_plate_num,AirlineID,ModelID,OwnerID,LeasedDate,MName) VALUES (439,'FD-0QQ',172,9,87,'1996-06-16','767-200ER');
INSERT INTO Airplane(AirplaneID,License_plate_num,AirlineID,ModelID,OwnerID,LeasedDate,MName) VALUES (440,'FR-TQC',826,7,84,'2022-08-20','L1011-TriStar 500');
INSERT INTO Airplane(AirplaneID,License_plate_num,AirlineID,ModelID,OwnerID,LeasedDate,MName) VALUES (441,'YL-7WB',111,7,92,'2013-01-27','L1011-TriStar 500');
INSERT INTO Airplane(AirplaneID,License_plate_num,AirlineID,ModelID,OwnerID,LeasedDate,MName) VALUES (442,'MI-14C',374,18,89,'1999-11-24','777-300');
INSERT INTO Airplane(AirplaneID,License_plate_num,AirlineID,ModelID,OwnerID,LeasedDate,MName) VALUES (443,'XG-QKU',147,2,93,'2017-01-12','DC8-62');
INSERT INTO Airplane(AirplaneID,License_plate_num,AirlineID,ModelID,OwnerID,LeasedDate,MName) VALUES (444,'UN-ES3',872,14,86,'2012-09-03','A340-200');
INSERT INTO Airplane(AirplaneID,License_plate_num,AirlineID,ModelID,OwnerID,LeasedDate,MName) VALUES (445,'FE-ZNU',18,18,88,'1995-06-28','777-300');
INSERT INTO Airplane(AirplaneID,License_plate_num,AirlineID,ModelID,OwnerID,LeasedDate,MName) VALUES (446,'GT-CIG',695,6,95,'2014-09-17','DC10-40');
INSERT INTO Airplane(AirplaneID,License_plate_num,AirlineID,ModelID,OwnerID,LeasedDate,MName) VALUES (447,'HG-QDB',999,10,98,'2005-02-25','767-300ER');
INSERT INTO Airplane(AirplaneID,License_plate_num,AirlineID,ModelID,OwnerID,LeasedDate,MName) VALUES (448,'NR-9SN',77,27,83,'2004-02-01','A350-900');
INSERT INTO Airplane(AirplaneID,License_plate_num,AirlineID,ModelID,OwnerID,LeasedDate,MName) VALUES (449,'IJ-6TS',101,22,94,'2003-02-17','777-300ER');
INSERT INTO Airplane(AirplaneID,License_plate_num,AirlineID,ModelID,OwnerID,LeasedDate,MName) VALUES (450,'KL-238',57,17,82,'1991-01-21','777-200ER');
INSERT INTO Airplane(AirplaneID,License_plate_num,AirlineID,ModelID,OwnerID,LeasedDate,MName) VALUES (451,'QV-WQM',477,8,87,'2005-10-28','747-300');
INSERT INTO Airplane(AirplaneID,License_plate_num,AirlineID,ModelID,OwnerID,LeasedDate,MName) VALUES (452,'IB-GIZ',374,3,100,'2020-07-01','747-100');
INSERT INTO Airplane(AirplaneID,License_plate_num,AirlineID,ModelID,OwnerID,LeasedDate,MName) VALUES (453,'XH-X4B',512,12,84,'1992-12-16','MD-11');
INSERT INTO Airplane(AirplaneID,License_plate_num,AirlineID,ModelID,OwnerID,LeasedDate,MName) VALUES (454,'IQ-5UW',86,3,85,'2017-06-05','747-100');
INSERT INTO Airplane(AirplaneID,License_plate_num,AirlineID,ModelID,OwnerID,LeasedDate,MName) VALUES (455,'HS-FMK',149,1,100,'1995-03-01','DC8-55');
INSERT INTO Airplane(AirplaneID,License_plate_num,AirlineID,ModelID,OwnerID,LeasedDate,MName) VALUES (456,'MU-TQP',47,20,97,'2021-11-27','A340-600');
INSERT INTO Airplane(AirplaneID,License_plate_num,AirlineID,ModelID,OwnerID,LeasedDate,MName) VALUES (457,'CE-3DK',655,23,98,'2022-04-27','777-200LR');
INSERT INTO Airplane(AirplaneID,License_plate_num,AirlineID,ModelID,OwnerID,LeasedDate,MName) VALUES (458,'ET-8SO',978,12,83,'2004-04-06','MD-11');
INSERT INTO Airplane(AirplaneID,License_plate_num,AirlineID,ModelID,OwnerID,LeasedDate,MName) VALUES (459,'IR-0DN',77,11,86,'1990-08-01','747-400');
INSERT INTO Airplane(AirplaneID,License_plate_num,AirlineID,ModelID,OwnerID,LeasedDate,MName) VALUES (460,'HB-UPK',258,19,93,'2002-04-21','A330-200');
INSERT INTO Airplane(AirplaneID,License_plate_num,AirlineID,ModelID,OwnerID,LeasedDate,MName) VALUES (461,'EC-WNP',30,15,89,'2000-09-11','A340-300');
INSERT INTO Airplane(AirplaneID,License_plate_num,AirlineID,ModelID,OwnerID,LeasedDate,MName) VALUES (462,'QJ-OG9',239,20,94,'1996-09-12','A340-600');
INSERT INTO Airplane(AirplaneID,License_plate_num,AirlineID,ModelID,OwnerID,LeasedDate,MName) VALUES (463,'AB-FML',898,8,93,'2021-04-15','747-300');
INSERT INTO Airplane(AirplaneID,License_plate_num,AirlineID,ModelID,OwnerID,LeasedDate,MName) VALUES (464,'XK-S81',78,22,88,'1999-08-12','777-300ER');
INSERT INTO Airplane(AirplaneID,License_plate_num,AirlineID,ModelID,OwnerID,LeasedDate,MName) VALUES (465,'UZ-JGK',615,24,90,'2011-10-03','A380-800');
INSERT INTO Airplane(AirplaneID,License_plate_num,AirlineID,ModelID,OwnerID,LeasedDate,MName) VALUES (466,'SF-RC5',381,19,84,'2019-03-25','A330-200');
INSERT INTO Airplane(AirplaneID,License_plate_num,AirlineID,ModelID,OwnerID,LeasedDate,MName) VALUES (467,'RL-811',730,21,84,'2009-05-23','A340-500');
INSERT INTO Airplane(AirplaneID,License_plate_num,AirlineID,ModelID,OwnerID,LeasedDate,MName) VALUES (468,'RZ-4A4',629,13,85,'1997-12-04','A330-300');
INSERT INTO Airplane(AirplaneID,License_plate_num,AirlineID,ModelID,OwnerID,LeasedDate,MName) VALUES (469,'ZS-EI2',781,1,98,'1994-04-09','DC8-55');
INSERT INTO Airplane(AirplaneID,License_plate_num,AirlineID,ModelID,OwnerID,LeasedDate,MName) VALUES (470,'VA-N3O',930,19,82,'1992-04-21','A330-200');
INSERT INTO Airplane(AirplaneID,License_plate_num,AirlineID,ModelID,OwnerID,LeasedDate,MName) VALUES (471,'ID-FG1',98,9,89,'2006-01-03','767-200ER');
INSERT INTO Airplane(AirplaneID,License_plate_num,AirlineID,ModelID,OwnerID,LeasedDate,MName) VALUES (472,'EU-JL5',16,8,88,'2017-08-14','747-300');
INSERT INTO Airplane(AirplaneID,License_plate_num,AirlineID,ModelID,OwnerID,LeasedDate,MName) VALUES (473,'UE-MKP',276,1,84,'1995-04-22','DC8-55');
INSERT INTO Airplane(AirplaneID,License_plate_num,AirlineID,ModelID,OwnerID,LeasedDate,MName) VALUES (474,'RT-UDH',731,6,91,'2003-03-19','DC10-40');
INSERT INTO Airplane(AirplaneID,License_plate_num,AirlineID,ModelID,OwnerID,LeasedDate,MName) VALUES (475,'BJ-RJN',395,6,84,'2008-08-21','DC10-40');
INSERT INTO Airplane(AirplaneID,License_plate_num,AirlineID,ModelID,OwnerID,LeasedDate,MName) VALUES (476,'YJ-U5M',886,28,96,'2011-04-02','A350-1000');
INSERT INTO Airplane(AirplaneID,License_plate_num,AirlineID,ModelID,OwnerID,LeasedDate,MName) VALUES (477,'CD-0HG',656,11,98,'1995-09-20','747-400');
INSERT INTO Airplane(AirplaneID,License_plate_num,AirlineID,ModelID,OwnerID,LeasedDate,MName) VALUES (478,'BW-DEZ',220,8,89,'2007-12-11','747-300');
INSERT INTO Airplane(AirplaneID,License_plate_num,AirlineID,ModelID,OwnerID,LeasedDate,MName) VALUES (479,'YO-1JV',111,19,85,'1990-06-08','A330-200');
INSERT INTO Airplane(AirplaneID,License_plate_num,AirlineID,ModelID,OwnerID,LeasedDate,MName) VALUES (480,'IQ-ACN',112,25,94,'1999-02-10','747-8');
INSERT INTO Airplane(AirplaneID,License_plate_num,AirlineID,ModelID,OwnerID,LeasedDate,MName) VALUES (481,'SZ-A0I',125,3,96,'2003-02-08','747-100');
INSERT INTO Airplane(AirplaneID,License_plate_num,AirlineID,ModelID,OwnerID,LeasedDate,MName) VALUES (482,'XE-7R6',4,28,98,'2013-03-01','A350-1000');
INSERT INTO Airplane(AirplaneID,License_plate_num,AirlineID,ModelID,OwnerID,LeasedDate,MName) VALUES (483,'LQ-2CD',774,6,82,'2010-10-16','DC10-40');
INSERT INTO Airplane(AirplaneID,License_plate_num,AirlineID,ModelID,OwnerID,LeasedDate,MName) VALUES (484,'VW-IRB',860,24,85,'2005-03-15','A380-800');
INSERT INTO Airplane(AirplaneID,License_plate_num,AirlineID,ModelID,OwnerID,LeasedDate,MName) VALUES (485,'NX-260',675,11,91,'2018-07-24','747-400');
INSERT INTO Airplane(AirplaneID,License_plate_num,AirlineID,ModelID,OwnerID,LeasedDate,MName) VALUES (486,'HQ-3XA',14,19,87,'2009-09-20','A330-200');
INSERT INTO Airplane(AirplaneID,License_plate_num,AirlineID,ModelID,OwnerID,LeasedDate,MName) VALUES (487,'CR-8HU',228,11,99,'2017-02-24','747-400');
INSERT INTO Airplane(AirplaneID,License_plate_num,AirlineID,ModelID,OwnerID,LeasedDate,MName) VALUES (488,'RK-SUV',136,11,81,'1998-04-10','747-400');
INSERT INTO Airplane(AirplaneID,License_plate_num,AirlineID,ModelID,OwnerID,LeasedDate,MName) VALUES (489,'WR-JHC',86,1,91,'1990-09-07','DC8-55');
INSERT INTO Airplane(AirplaneID,License_plate_num,AirlineID,ModelID,OwnerID,LeasedDate,MName) VALUES (490,'YV-OAY',79,11,98,'2014-08-14','747-400');
INSERT INTO Airplane(AirplaneID,License_plate_num,AirlineID,ModelID,OwnerID,LeasedDate,MName) VALUES (491,'NK-JID',244,26,83,'2014-03-24','787-9 Dreamliner');
INSERT INTO Airplane(AirplaneID,License_plate_num,AirlineID,ModelID,OwnerID,LeasedDate,MName) VALUES (492,'IJ-HDK',409,14,96,'2013-02-20','A340-200');
INSERT INTO Airplane(AirplaneID,License_plate_num,AirlineID,ModelID,OwnerID,LeasedDate,MName) VALUES (493,'BY-FCH',930,3,93,'2012-02-25','747-100');
INSERT INTO Airplane(AirplaneID,License_plate_num,AirlineID,ModelID,OwnerID,LeasedDate,MName) VALUES (494,'DK-DHU',65,26,86,'2021-07-28','787-9 Dreamliner');
INSERT INTO Airplane(AirplaneID,License_plate_num,AirlineID,ModelID,OwnerID,LeasedDate,MName) VALUES (495,'GE-664',63,23,85,'2007-05-17','777-200LR');
INSERT INTO Airplane(AirplaneID,License_plate_num,AirlineID,ModelID,OwnerID,LeasedDate,MName) VALUES (496,'FC-TTK',880,14,91,'2000-04-03','A340-200');
INSERT INTO Airplane(AirplaneID,License_plate_num,AirlineID,ModelID,OwnerID,LeasedDate,MName) VALUES (497,'IQ-24O',257,15,88,'2011-09-11','A340-300');
INSERT INTO Airplane(AirplaneID,License_plate_num,AirlineID,ModelID,OwnerID,LeasedDate,MName) VALUES (498,'JK-EAO',999,3,93,'2019-11-27','747-100');
INSERT INTO Airplane(AirplaneID,License_plate_num,AirlineID,ModelID,OwnerID,LeasedDate,MName) VALUES (499,'JX-OHZ',627,5,95,'2006-05-15','DC10-30');
INSERT INTO Airplane(AirplaneID,License_plate_num,AirlineID,ModelID,OwnerID,LeasedDate,MName) VALUES (500,'AG-PFG',627,12,96,'2010-05-05','MD-11');
-- --------------------------------------------------------------------
COMMIT;